# DESCRIPTION: Verilator: retained ordered UVM lane validation
# SPDX-FileCopyrightText: 2026-2026 Wilson Snyder
# SPDX-License-Identifier: LGPL-3.0-only OR Artistic-2.0
# Tabs expanded and trailing whitespace removed; no lines omitted.

make: Entering directory '/workspace/scratch/86e4a45a0d74/verilator-uvm-extend/test_regress'
python3 ../nodist/uvm2020_plan/check_cleanup_safety.py
uvm2020: clean-before symlink safety PASSED
python3 driver.py --jobs=1 --driver-preserve-order --driver-build-jobs=1 --driver-clean-before \
        --driver-clean-before-seed=interrupted.gch \
        --obj-suffix=-uvm2020 --vlt t/t_uvm_lrm_sched_wait_zero.py t/t_uvm_lrm_process_kill_tree.py t/t_uvm_lrm_process_kill_self_tree.py t/t_uvm_lrm_process_kill_self_zero.py t/t_uvm_lrm_process_kill_function.py t/t_uvm_lrm_process_kill_wait_zero.py t/t_process_context_fork.py t/t_process_fork_finished.py t/t_process_phase_teardown.py t/t_process_self_kill_ctor.py t/t_process_self_kill_initial.py t/t_timing_finish.py t/t_finish_stops_nonfinal.py t/t_clocking_virtual.py t/t_class_param_static_identity.py t/t_class_member_sel_used.py t/t_uvm_core_factory_basic.py t/t_uvm_core_factory_param.py t/t_uvm_config_vif_clocking.py t/t_uvm_config_resource_component.py t/t_uvm_resource_numeric_precedence.py t/t_uvm_core_phasing.py t/t_uvm_tlm_analysis_fifo.py t/t_uvm_sequence_driver_flow.py t/t_uvm_hello_all_v2020_3_1_nodpi.py t/t_uvm_hello_all_v2020_3_1_dpi.py t/t_uvm_dpi_v2020_3_1.py
==SUMMARY: Left 27  Passed 0  Failed 0  Time 0:00
======================================================================
vlt/t_uvm_lrm_sched_wait_zero: ==================================================
        perl /workspace/scratch/86e4a45a0d74/verilator-uvm-extend/bin/verilator --prefix Vt_uvm_lrm_sched_wait_zero -cc -Mdir obj_vlt/t_uvm_lrm_sched_wait_zero-uvm2020 --fdedup --debug-check --comp-limit-members 10 --x-assign unique --binary -f input.vc +define+TEST_OBJ_DIR=obj_vlt/t_uvm_lrm_sched_wait_zero-uvm2020 +define+TEST_DUMPFILE=obj_vlt/t_uvm_lrm_sched_wait_zero-uvm2020/simx.vcd t/t_uvm_lrm_sched_wait_zero.v   > obj_vlt/t_uvm_lrm_sched_wait_zero-uvm2020/vlt_compile.log
make[1]: Entering directory '/workspace/scratch/86e4a45a0d74/verilator-uvm-extend/test_regress/obj_vlt/t_uvm_lrm_sched_wait_zero-uvm2020'
g++ -Os  -I. -Wall -Wextra -Wfloat-conversion -Wlogical-op -Werror -MMD -I/workspace/scratch/86e4a45a0d74/verilator-uvm-extend/include -I/workspace/scratch/86e4a45a0d74/verilator-uvm-extend/include/vltstd -DVERILATOR=1 -DVM_COVERAGE=0 -DVM_SC=0 -DVM_TIMING=1 -DVM_TRACE=0 -DVM_TRACE_FST=0 -DVM_TRACE_VCD=0 -DVM_TRACE_SAIF=0 -DVM_VPI=0 -faligned-new -fcf-protection=none -Wno-bool-operation -Wno-int-in-bool-context -Wno-shadow -Wno-sign-compare -Wno-subobject-linkage -Wno-tautological-compare -Wno-uninitialized -Wno-unused-but-set-parameter -Wno-unused-but-set-variable -Wno-unused-parameter -Wno-unused-variable    -DVL_TIME_CONTEXT   -fcoroutines -c -o verilated.o /workspace/scratch/86e4a45a0d74/verilator-uvm-extend/include/verilated.cpp
g++ -Os  -I. -Wall -Wextra -Wfloat-conversion -Wlogical-op -Werror -MMD -I/workspace/scratch/86e4a45a0d74/verilator-uvm-extend/include -I/workspace/scratch/86e4a45a0d74/verilator-uvm-extend/include/vltstd -DVERILATOR=1 -DVM_COVERAGE=0 -DVM_SC=0 -DVM_TIMING=1 -DVM_TRACE=0 -DVM_TRACE_FST=0 -DVM_TRACE_VCD=0 -DVM_TRACE_SAIF=0 -DVM_VPI=0 -faligned-new -fcf-protection=none -Wno-bool-operation -Wno-int-in-bool-context -Wno-shadow -Wno-sign-compare -Wno-subobject-linkage -Wno-tautological-compare -Wno-uninitialized -Wno-unused-but-set-parameter -Wno-unused-but-set-variable -Wno-unused-parameter -Wno-unused-variable    -DVL_TIME_CONTEXT   -fcoroutines -c -o verilated_timing.o /workspace/scratch/86e4a45a0d74/verilator-uvm-extend/include/verilated_timing.cpp
g++ -Os  -I. -Wall -Wextra -Wfloat-conversion -Wlogical-op -Werror -MMD -I/workspace/scratch/86e4a45a0d74/verilator-uvm-extend/include -I/workspace/scratch/86e4a45a0d74/verilator-uvm-extend/include/vltstd -DVERILATOR=1 -DVM_COVERAGE=0 -DVM_SC=0 -DVM_TIMING=1 -DVM_TRACE=0 -DVM_TRACE_FST=0 -DVM_TRACE_VCD=0 -DVM_TRACE_SAIF=0 -DVM_VPI=0 -faligned-new -fcf-protection=none -Wno-bool-operation -Wno-int-in-bool-context -Wno-shadow -Wno-sign-compare -Wno-subobject-linkage -Wno-tautological-compare -Wno-uninitialized -Wno-unused-but-set-parameter -Wno-unused-but-set-variable -Wno-unused-parameter -Wno-unused-variable    -DVL_TIME_CONTEXT   -fcoroutines -c -o verilated_threads.o /workspace/scratch/86e4a45a0d74/verilator-uvm-extend/include/verilated_threads.cpp
python3 /workspace/scratch/86e4a45a0d74/verilator-uvm-extend/bin/verilator_includer -DVL_INCLUDE_OPT=include Vt_uvm_lrm_sched_wait_zero.cpp Vt_uvm_lrm_sched_wait_zero___024root__0.cpp Vt_uvm_lrm_sched_wait_zero_t__03a__03awaiter__Vclpkg__0.cpp Vt_uvm_lrm_sched_wait_zero__main.cpp Vt_uvm_lrm_sched_wait_zero___024root__Slow.cpp Vt_uvm_lrm_sched_wait_zero___024root__0__Slow.cpp Vt_uvm_lrm_sched_wait_zero_t__Slow.cpp Vt_uvm_lrm_sched_wait_zero_t__0__Slow.cpp Vt_uvm_lrm_sched_wait_zero_t__03a__03awaiter__Vclpkg__Slow.cpp Vt_uvm_lrm_sched_wait_zero__Syms__Slow.cpp > Vt_uvm_lrm_sched_wait_zero__ALL.cpp
g++ -Os  -I. -Wall -Wextra -Wfloat-conversion -Wlogical-op -Werror -MMD -I/workspace/scratch/86e4a45a0d74/verilator-uvm-extend/include -I/workspace/scratch/86e4a45a0d74/verilator-uvm-extend/include/vltstd -DVERILATOR=1 -DVM_COVERAGE=0 -DVM_SC=0 -DVM_TIMING=1 -DVM_TRACE=0 -DVM_TRACE_FST=0 -DVM_TRACE_VCD=0 -DVM_TRACE_SAIF=0 -DVM_VPI=0 -faligned-new -fcf-protection=none -Wno-bool-operation -Wno-int-in-bool-context -Wno-shadow -Wno-sign-compare -Wno-subobject-linkage -Wno-tautological-compare -Wno-uninitialized -Wno-unused-but-set-parameter -Wno-unused-but-set-variable -Wno-unused-parameter -Wno-unused-variable    -DVL_TIME_CONTEXT   -fcoroutines -c -o Vt_uvm_lrm_sched_wait_zero__ALL.o Vt_uvm_lrm_sched_wait_zero__ALL.cpp
g++    verilated.o verilated_timing.o verilated_threads.o Vt_uvm_lrm_sched_wait_zero__ALL.a    -pthread -lpthread -latomic   -o Vt_uvm_lrm_sched_wait_zero
rm Vt_uvm_lrm_sched_wait_zero__ALL.verilator_deplist.tmp
make[1]: Leaving directory '/workspace/scratch/86e4a45a0d74/verilator-uvm-extend/test_regress/obj_vlt/t_uvm_lrm_sched_wait_zero-uvm2020'
- V e r i l a t i o n   R e p o r t: Verilator 5.051 devel rev vUNKNOWN-built20260906-4906f041d
- Verilator: Built from 0.034 MB sources in 3 modules, into 0.032 MB in 10 C++ files needing 0.000 MB
- Verilator: Walltime 8.136 s (elab=0.001, cvt=0.004, bld=8.123); cpu 0.014 s on 1 threads; allocated 22.758 MB
        obj_vlt/t_uvm_lrm_sched_wait_zero-uvm2020/Vt_uvm_lrm_sched_wait_zero    > obj_vlt/t_uvm_lrm_sched_wait_zero-uvm2020/vlt_sim.log
WAIT_ZERO_BLOCKED
*-* All Finished *-*
- t/t_uvm_lrm_sched_wait_zero.v:38: Verilog $finish
- S i m u l a t i o n   R e p o r t: Verilator 5.051 devel
- Verilator: $finish at 10ps; walltime 0.000 s; speed 79.892 ns/s
- Verilator: cpu 0.000 s on 1 threads; allocated 6 MB
vlt/t_uvm_lrm_sched_wait_zero: Self PASSED
==SUMMARY: Left 26  Passed 1  Failed 0  Running 1  Time 0:09
======================================================================
vlt/t_uvm_lrm_process_kill_tree: ==================================================
        perl /workspace/scratch/86e4a45a0d74/verilator-uvm-extend/bin/verilator --prefix Vt_uvm_lrm_process_kill_tree -cc -Mdir obj_vlt/t_uvm_lrm_process_kill_tree-uvm2020 --fdedup --debug-check --comp-limit-members 10 --x-assign unique --binary -f input.vc +define+TEST_OBJ_DIR=obj_vlt/t_uvm_lrm_process_kill_tree-uvm2020 +define+TEST_DUMPFILE=obj_vlt/t_uvm_lrm_process_kill_tree-uvm2020/simx.vcd t/t_uvm_lrm_process_kill_tree.v   > obj_vlt/t_uvm_lrm_process_kill_tree-uvm2020/vlt_compile.log
make[1]: Entering directory '/workspace/scratch/86e4a45a0d74/verilator-uvm-extend/test_regress/obj_vlt/t_uvm_lrm_process_kill_tree-uvm2020'
g++ -Os  -I. -Wall -Wextra -Wfloat-conversion -Wlogical-op -Werror -MMD -I/workspace/scratch/86e4a45a0d74/verilator-uvm-extend/include -I/workspace/scratch/86e4a45a0d74/verilator-uvm-extend/include/vltstd -DVERILATOR=1 -DVM_COVERAGE=0 -DVM_SC=0 -DVM_TIMING=1 -DVM_TRACE=0 -DVM_TRACE_FST=0 -DVM_TRACE_VCD=0 -DVM_TRACE_SAIF=0 -DVM_VPI=0 -faligned-new -fcf-protection=none -Wno-bool-operation -Wno-int-in-bool-context -Wno-shadow -Wno-sign-compare -Wno-subobject-linkage -Wno-tautological-compare -Wno-uninitialized -Wno-unused-but-set-parameter -Wno-unused-but-set-variable -Wno-unused-parameter -Wno-unused-variable    -DVL_TIME_CONTEXT   -fcoroutines -c -o verilated.o /workspace/scratch/86e4a45a0d74/verilator-uvm-extend/include/verilated.cpp
g++ -Os  -I. -Wall -Wextra -Wfloat-conversion -Wlogical-op -Werror -MMD -I/workspace/scratch/86e4a45a0d74/verilator-uvm-extend/include -I/workspace/scratch/86e4a45a0d74/verilator-uvm-extend/include/vltstd -DVERILATOR=1 -DVM_COVERAGE=0 -DVM_SC=0 -DVM_TIMING=1 -DVM_TRACE=0 -DVM_TRACE_FST=0 -DVM_TRACE_VCD=0 -DVM_TRACE_SAIF=0 -DVM_VPI=0 -faligned-new -fcf-protection=none -Wno-bool-operation -Wno-int-in-bool-context -Wno-shadow -Wno-sign-compare -Wno-subobject-linkage -Wno-tautological-compare -Wno-uninitialized -Wno-unused-but-set-parameter -Wno-unused-but-set-variable -Wno-unused-parameter -Wno-unused-variable    -DVL_TIME_CONTEXT   -fcoroutines -c -o verilated_timing.o /workspace/scratch/86e4a45a0d74/verilator-uvm-extend/include/verilated_timing.cpp
g++ -Os  -I. -Wall -Wextra -Wfloat-conversion -Wlogical-op -Werror -MMD -I/workspace/scratch/86e4a45a0d74/verilator-uvm-extend/include -I/workspace/scratch/86e4a45a0d74/verilator-uvm-extend/include/vltstd -DVERILATOR=1 -DVM_COVERAGE=0 -DVM_SC=0 -DVM_TIMING=1 -DVM_TRACE=0 -DVM_TRACE_FST=0 -DVM_TRACE_VCD=0 -DVM_TRACE_SAIF=0 -DVM_VPI=0 -faligned-new -fcf-protection=none -Wno-bool-operation -Wno-int-in-bool-context -Wno-shadow -Wno-sign-compare -Wno-subobject-linkage -Wno-tautological-compare -Wno-uninitialized -Wno-unused-but-set-parameter -Wno-unused-but-set-variable -Wno-unused-parameter -Wno-unused-variable    -DVL_TIME_CONTEXT   -fcoroutines -c -o verilated_random.o /workspace/scratch/86e4a45a0d74/verilator-uvm-extend/include/verilated_random.cpp
g++ -Os  -I. -Wall -Wextra -Wfloat-conversion -Wlogical-op -Werror -MMD -I/workspace/scratch/86e4a45a0d74/verilator-uvm-extend/include -I/workspace/scratch/86e4a45a0d74/verilator-uvm-extend/include/vltstd -DVERILATOR=1 -DVM_COVERAGE=0 -DVM_SC=0 -DVM_TIMING=1 -DVM_TRACE=0 -DVM_TRACE_FST=0 -DVM_TRACE_VCD=0 -DVM_TRACE_SAIF=0 -DVM_VPI=0 -faligned-new -fcf-protection=none -Wno-bool-operation -Wno-int-in-bool-context -Wno-shadow -Wno-sign-compare -Wno-subobject-linkage -Wno-tautological-compare -Wno-uninitialized -Wno-unused-but-set-parameter -Wno-unused-but-set-variable -Wno-unused-parameter -Wno-unused-variable    -DVL_TIME_CONTEXT   -fcoroutines -c -o verilated_threads.o /workspace/scratch/86e4a45a0d74/verilator-uvm-extend/include/verilated_threads.cpp
python3 /workspace/scratch/86e4a45a0d74/verilator-uvm-extend/bin/verilator_includer -DVL_INCLUDE_OPT=include Vt_uvm_lrm_process_kill_tree.cpp Vt_uvm_lrm_process_kill_tree___024root__0.cpp Vt_uvm_lrm_process_kill_tree_t__0.cpp Vt_uvm_lrm_process_kill_tree_t__03a__03arng_probe__Vclpkg__0.cpp Vt_uvm_lrm_process_kill_tree_std__03a__03asemaphore__Vclpkg__0.cpp Vt_uvm_lrm_process_kill_tree_std__03a__03aprocess__Vclpkg__0.cpp Vt_uvm_lrm_process_kill_tree__main.cpp Vt_uvm_lrm_process_kill_tree___024root__Slow.cpp Vt_uvm_lrm_process_kill_tree___024root__0__Slow.cpp Vt_uvm_lrm_process_kill_tree_t__Slow.cpp Vt_uvm_lrm_process_kill_tree_t__0__Slow.cpp Vt_uvm_lrm_process_kill_tree___024unit__Slow.cpp Vt_uvm_lrm_process_kill_tree_std__Slow.cpp Vt_uvm_lrm_process_kill_tree_t__03a__03arng_probe__Vclpkg__Slow.cpp Vt_uvm_lrm_process_kill_tree_std__03a__03asemaphore__Vclpkg__Slow.cpp Vt_uvm_lrm_process_kill_tree_std__03a__03aprocess__Vclpkg__Slow.cpp Vt_uvm_lrm_process_kill_tree__Syms__Slow.cpp > Vt_uvm_lrm_process_kill_tree__ALL.cpp
g++ -Os  -I. -Wall -Wextra -Wfloat-conversion -Wlogical-op -Werror -MMD -I/workspace/scratch/86e4a45a0d74/verilator-uvm-extend/include -I/workspace/scratch/86e4a45a0d74/verilator-uvm-extend/include/vltstd -DVERILATOR=1 -DVM_COVERAGE=0 -DVM_SC=0 -DVM_TIMING=1 -DVM_TRACE=0 -DVM_TRACE_FST=0 -DVM_TRACE_VCD=0 -DVM_TRACE_SAIF=0 -DVM_VPI=0 -faligned-new -fcf-protection=none -Wno-bool-operation -Wno-int-in-bool-context -Wno-shadow -Wno-sign-compare -Wno-subobject-linkage -Wno-tautological-compare -Wno-uninitialized -Wno-unused-but-set-parameter -Wno-unused-but-set-variable -Wno-unused-parameter -Wno-unused-variable    -DVL_TIME_CONTEXT   -fcoroutines -c -o Vt_uvm_lrm_process_kill_tree__ALL.o Vt_uvm_lrm_process_kill_tree__ALL.cpp
g++    verilated.o verilated_timing.o verilated_random.o verilated_threads.o Vt_uvm_lrm_process_kill_tree__ALL.a    -pthread -lpthread -latomic   -o Vt_uvm_lrm_process_kill_tree
rm Vt_uvm_lrm_process_kill_tree__ALL.verilator_deplist.tmp
make[1]: Leaving directory '/workspace/scratch/86e4a45a0d74/verilator-uvm-extend/test_regress/obj_vlt/t_uvm_lrm_process_kill_tree-uvm2020'
- V e r i l a t i o n   R e p o r t: Verilator 5.051 devel rev vUNKNOWN-built20260906-4906f041d
- Verilator: Built from 0.037 MB sources in 8 modules, into 0.098 MB in 17 C++ files needing 0.000 MB
- Verilator: Walltime 11.383 s (elab=0.003, cvt=0.026, bld=11.341); cpu 0.041 s on 1 threads; allocated 23.289 MB
        obj_vlt/t_uvm_lrm_process_kill_tree-uvm2020/Vt_uvm_lrm_process_kill_tree    > obj_vlt/t_uvm_lrm_process_kill_tree-uvm2020/vlt_sim.log
*-* All Finished *-*
- t/t_uvm_lrm_process_kill_tree.v:103: Verilog $finish
- S i m u l a t i o n   R e p o r t: Verilator 5.051 devel
- Verilator: $finish at 41ps; walltime 0.000 s; speed 308.153 ns/s
- Verilator: cpu 0.000 s on 1 threads; allocated 6 MB
vlt/t_uvm_lrm_process_kill_tree: Self PASSED
==SUMMARY: Left 25  Passed 2  Failed 0  Running 1  Eta 5:23  Time 0:21
======================================================================
vlt/t_uvm_lrm_process_kill_self_tree: ==================================================
        perl /workspace/scratch/86e4a45a0d74/verilator-uvm-extend/bin/verilator --prefix Vt_uvm_lrm_process_kill_self_tree -cc -Mdir obj_vlt/t_uvm_lrm_process_kill_self_tree-uvm2020 --fdedup --debug-check --comp-limit-members 10 --x-assign unique --binary -f input.vc +define+TEST_OBJ_DIR=obj_vlt/t_uvm_lrm_process_kill_self_tree-uvm2020 +define+TEST_DUMPFILE=obj_vlt/t_uvm_lrm_process_kill_self_tree-uvm2020/simx.vcd t/t_uvm_lrm_process_kill_self_tree.v   > obj_vlt/t_uvm_lrm_process_kill_self_tree-uvm2020/vlt_compile.log
make[1]: Entering directory '/workspace/scratch/86e4a45a0d74/verilator-uvm-extend/test_regress/obj_vlt/t_uvm_lrm_process_kill_self_tree-uvm2020'
g++ -Os  -I. -Wall -Wextra -Wfloat-conversion -Wlogical-op -Werror -MMD -I/workspace/scratch/86e4a45a0d74/verilator-uvm-extend/include -I/workspace/scratch/86e4a45a0d74/verilator-uvm-extend/include/vltstd -DVERILATOR=1 -DVM_COVERAGE=0 -DVM_SC=0 -DVM_TIMING=1 -DVM_TRACE=0 -DVM_TRACE_FST=0 -DVM_TRACE_VCD=0 -DVM_TRACE_SAIF=0 -DVM_VPI=0 -faligned-new -fcf-protection=none -Wno-bool-operation -Wno-int-in-bool-context -Wno-shadow -Wno-sign-compare -Wno-subobject-linkage -Wno-tautological-compare -Wno-uninitialized -Wno-unused-but-set-parameter -Wno-unused-but-set-variable -Wno-unused-parameter -Wno-unused-variable    -DVL_TIME_CONTEXT   -fcoroutines -c -o verilated.o /workspace/scratch/86e4a45a0d74/verilator-uvm-extend/include/verilated.cpp
g++ -Os  -I. -Wall -Wextra -Wfloat-conversion -Wlogical-op -Werror -MMD -I/workspace/scratch/86e4a45a0d74/verilator-uvm-extend/include -I/workspace/scratch/86e4a45a0d74/verilator-uvm-extend/include/vltstd -DVERILATOR=1 -DVM_COVERAGE=0 -DVM_SC=0 -DVM_TIMING=1 -DVM_TRACE=0 -DVM_TRACE_FST=0 -DVM_TRACE_VCD=0 -DVM_TRACE_SAIF=0 -DVM_VPI=0 -faligned-new -fcf-protection=none -Wno-bool-operation -Wno-int-in-bool-context -Wno-shadow -Wno-sign-compare -Wno-subobject-linkage -Wno-tautological-compare -Wno-uninitialized -Wno-unused-but-set-parameter -Wno-unused-but-set-variable -Wno-unused-parameter -Wno-unused-variable    -DVL_TIME_CONTEXT   -fcoroutines -c -o verilated_timing.o /workspace/scratch/86e4a45a0d74/verilator-uvm-extend/include/verilated_timing.cpp
g++ -Os  -I. -Wall -Wextra -Wfloat-conversion -Wlogical-op -Werror -MMD -I/workspace/scratch/86e4a45a0d74/verilator-uvm-extend/include -I/workspace/scratch/86e4a45a0d74/verilator-uvm-extend/include/vltstd -DVERILATOR=1 -DVM_COVERAGE=0 -DVM_SC=0 -DVM_TIMING=1 -DVM_TRACE=0 -DVM_TRACE_FST=0 -DVM_TRACE_VCD=0 -DVM_TRACE_SAIF=0 -DVM_VPI=0 -faligned-new -fcf-protection=none -Wno-bool-operation -Wno-int-in-bool-context -Wno-shadow -Wno-sign-compare -Wno-subobject-linkage -Wno-tautological-compare -Wno-uninitialized -Wno-unused-but-set-parameter -Wno-unused-but-set-variable -Wno-unused-parameter -Wno-unused-variable    -DVL_TIME_CONTEXT   -fcoroutines -c -o verilated_threads.o /workspace/scratch/86e4a45a0d74/verilator-uvm-extend/include/verilated_threads.cpp
python3 /workspace/scratch/86e4a45a0d74/verilator-uvm-extend/bin/verilator_includer -DVL_INCLUDE_OPT=include Vt_uvm_lrm_process_kill_self_tree.cpp Vt_uvm_lrm_process_kill_self_tree___024root__0.cpp Vt_uvm_lrm_process_kill_self_tree_std__03a__03asemaphore__Vclpkg__0.cpp Vt_uvm_lrm_process_kill_self_tree_std__03a__03aprocess__Vclpkg__0.cpp Vt_uvm_lrm_process_kill_self_tree__main.cpp Vt_uvm_lrm_process_kill_self_tree___024root__Slow.cpp Vt_uvm_lrm_process_kill_self_tree___024root__0__Slow.cpp Vt_uvm_lrm_process_kill_self_tree___024unit__Slow.cpp Vt_uvm_lrm_process_kill_self_tree_std__Slow.cpp Vt_uvm_lrm_process_kill_self_tree_std__03a__03asemaphore__Vclpkg__Slow.cpp Vt_uvm_lrm_process_kill_self_tree_std__03a__03aprocess__Vclpkg__Slow.cpp Vt_uvm_lrm_process_kill_self_tree__Syms__Slow.cpp > Vt_uvm_lrm_process_kill_self_tree__ALL.cpp
g++ -Os  -I. -Wall -Wextra -Wfloat-conversion -Wlogical-op -Werror -MMD -I/workspace/scratch/86e4a45a0d74/verilator-uvm-extend/include -I/workspace/scratch/86e4a45a0d74/verilator-uvm-extend/include/vltstd -DVERILATOR=1 -DVM_COVERAGE=0 -DVM_SC=0 -DVM_TIMING=1 -DVM_TRACE=0 -DVM_TRACE_FST=0 -DVM_TRACE_VCD=0 -DVM_TRACE_SAIF=0 -DVM_VPI=0 -faligned-new -fcf-protection=none -Wno-bool-operation -Wno-int-in-bool-context -Wno-shadow -Wno-sign-compare -Wno-subobject-linkage -Wno-tautological-compare -Wno-uninitialized -Wno-unused-but-set-parameter -Wno-unused-but-set-variable -Wno-unused-parameter -Wno-unused-variable    -DVL_TIME_CONTEXT   -fcoroutines -c -o Vt_uvm_lrm_process_kill_self_tree__ALL.o Vt_uvm_lrm_process_kill_self_tree__ALL.cpp
g++    verilated.o verilated_timing.o verilated_threads.o Vt_uvm_lrm_process_kill_self_tree__ALL.a    -pthread -lpthread -latomic   -o Vt_uvm_lrm_process_kill_self_tree
rm Vt_uvm_lrm_process_kill_self_tree__ALL.verilator_deplist.tmp
make[1]: Leaving directory '/workspace/scratch/86e4a45a0d74/verilator-uvm-extend/test_regress/obj_vlt/t_uvm_lrm_process_kill_self_tree-uvm2020'
- V e r i l a t i o n   R e p o r t: Verilator 5.051 devel rev vUNKNOWN-built20260906-4906f041d
- Verilator: Built from 0.036 MB sources in 7 modules, into 0.078 MB in 12 C++ files needing 0.000 MB
- Verilator: Walltime 8.416 s (elab=0.002, cvt=0.012, bld=8.391); cpu 0.025 s on 1 threads; allocated 23.145 MB
        obj_vlt/t_uvm_lrm_process_kill_self_tree-uvm2020/Vt_uvm_lrm_process_kill_self_tree    > obj_vlt/t_uvm_lrm_process_kill_self_tree-uvm2020/vlt_sim.log
*-* All Finished *-*
- t/t_uvm_lrm_process_kill_self_tree.v:66: Verilog $finish
- S i m u l a t i o n   R e p o r t: Verilator 5.051 devel
- Verilator: $finish at 2ps; walltime 0.001 s; speed 2.350 ns/s
- Verilator: cpu 0.001 s on 1 threads; allocated 6 MB
vlt/t_uvm_lrm_process_kill_self_tree: Self PASSED
==SUMMARY: Left 24  Passed 3  Failed 0  Running 1  Eta 4:49  Time 0:30
======================================================================
vlt/t_uvm_lrm_process_kill_self_zero: ==================================================
        perl /workspace/scratch/86e4a45a0d74/verilator-uvm-extend/bin/verilator --prefix Vt_uvm_lrm_process_kill_self_zero -cc -Mdir obj_vlt/t_uvm_lrm_process_kill_self_zero-uvm2020 --fdedup --debug-check --comp-limit-members 10 --x-assign unique --binary -f input.vc +define+TEST_OBJ_DIR=obj_vlt/t_uvm_lrm_process_kill_self_zero-uvm2020 +define+TEST_DUMPFILE=obj_vlt/t_uvm_lrm_process_kill_self_zero-uvm2020/simx.vcd t/t_uvm_lrm_process_kill_self_zero.v   > obj_vlt/t_uvm_lrm_process_kill_self_zero-uvm2020/vlt_compile.log
make[1]: Entering directory '/workspace/scratch/86e4a45a0d74/verilator-uvm-extend/test_regress/obj_vlt/t_uvm_lrm_process_kill_self_zero-uvm2020'
g++ -Os  -I. -Wall -Wextra -Wfloat-conversion -Wlogical-op -Werror -MMD -I/workspace/scratch/86e4a45a0d74/verilator-uvm-extend/include -I/workspace/scratch/86e4a45a0d74/verilator-uvm-extend/include/vltstd -DVERILATOR=1 -DVM_COVERAGE=0 -DVM_SC=0 -DVM_TIMING=1 -DVM_TRACE=0 -DVM_TRACE_FST=0 -DVM_TRACE_VCD=0 -DVM_TRACE_SAIF=0 -DVM_VPI=0 -faligned-new -fcf-protection=none -Wno-bool-operation -Wno-int-in-bool-context -Wno-shadow -Wno-sign-compare -Wno-subobject-linkage -Wno-tautological-compare -Wno-uninitialized -Wno-unused-but-set-parameter -Wno-unused-but-set-variable -Wno-unused-parameter -Wno-unused-variable    -DVL_TIME_CONTEXT   -fcoroutines -c -o verilated.o /workspace/scratch/86e4a45a0d74/verilator-uvm-extend/include/verilated.cpp
g++ -Os  -I. -Wall -Wextra -Wfloat-conversion -Wlogical-op -Werror -MMD -I/workspace/scratch/86e4a45a0d74/verilator-uvm-extend/include -I/workspace/scratch/86e4a45a0d74/verilator-uvm-extend/include/vltstd -DVERILATOR=1 -DVM_COVERAGE=0 -DVM_SC=0 -DVM_TIMING=1 -DVM_TRACE=0 -DVM_TRACE_FST=0 -DVM_TRACE_VCD=0 -DVM_TRACE_SAIF=0 -DVM_VPI=0 -faligned-new -fcf-protection=none -Wno-bool-operation -Wno-int-in-bool-context -Wno-shadow -Wno-sign-compare -Wno-subobject-linkage -Wno-tautological-compare -Wno-uninitialized -Wno-unused-but-set-parameter -Wno-unused-but-set-variable -Wno-unused-parameter -Wno-unused-variable    -DVL_TIME_CONTEXT   -fcoroutines -c -o verilated_timing.o /workspace/scratch/86e4a45a0d74/verilator-uvm-extend/include/verilated_timing.cpp
g++ -Os  -I. -Wall -Wextra -Wfloat-conversion -Wlogical-op -Werror -MMD -I/workspace/scratch/86e4a45a0d74/verilator-uvm-extend/include -I/workspace/scratch/86e4a45a0d74/verilator-uvm-extend/include/vltstd -DVERILATOR=1 -DVM_COVERAGE=0 -DVM_SC=0 -DVM_TIMING=1 -DVM_TRACE=0 -DVM_TRACE_FST=0 -DVM_TRACE_VCD=0 -DVM_TRACE_SAIF=0 -DVM_VPI=0 -faligned-new -fcf-protection=none -Wno-bool-operation -Wno-int-in-bool-context -Wno-shadow -Wno-sign-compare -Wno-subobject-linkage -Wno-tautological-compare -Wno-uninitialized -Wno-unused-but-set-parameter -Wno-unused-but-set-variable -Wno-unused-parameter -Wno-unused-variable    -DVL_TIME_CONTEXT   -fcoroutines -c -o verilated_threads.o /workspace/scratch/86e4a45a0d74/verilator-uvm-extend/include/verilated_threads.cpp
python3 /workspace/scratch/86e4a45a0d74/verilator-uvm-extend/bin/verilator_includer -DVL_INCLUDE_OPT=include Vt_uvm_lrm_process_kill_self_zero.cpp Vt_uvm_lrm_process_kill_self_zero___024root__0.cpp Vt_uvm_lrm_process_kill_self_zero_std__03a__03asemaphore__Vclpkg__0.cpp Vt_uvm_lrm_process_kill_self_zero_std__03a__03aprocess__Vclpkg__0.cpp Vt_uvm_lrm_process_kill_self_zero__main.cpp Vt_uvm_lrm_process_kill_self_zero___024root__Slow.cpp Vt_uvm_lrm_process_kill_self_zero___024root__0__Slow.cpp Vt_uvm_lrm_process_kill_self_zero___024unit__Slow.cpp Vt_uvm_lrm_process_kill_self_zero_std__Slow.cpp Vt_uvm_lrm_process_kill_self_zero_std__03a__03asemaphore__Vclpkg__Slow.cpp Vt_uvm_lrm_process_kill_self_zero_std__03a__03aprocess__Vclpkg__Slow.cpp Vt_uvm_lrm_process_kill_self_zero__Syms__Slow.cpp > Vt_uvm_lrm_process_kill_self_zero__ALL.cpp
g++ -Os  -I. -Wall -Wextra -Wfloat-conversion -Wlogical-op -Werror -MMD -I/workspace/scratch/86e4a45a0d74/verilator-uvm-extend/include -I/workspace/scratch/86e4a45a0d74/verilator-uvm-extend/include/vltstd -DVERILATOR=1 -DVM_COVERAGE=0 -DVM_SC=0 -DVM_TIMING=1 -DVM_TRACE=0 -DVM_TRACE_FST=0 -DVM_TRACE_VCD=0 -DVM_TRACE_SAIF=0 -DVM_VPI=0 -faligned-new -fcf-protection=none -Wno-bool-operation -Wno-int-in-bool-context -Wno-shadow -Wno-sign-compare -Wno-subobject-linkage -Wno-tautological-compare -Wno-uninitialized -Wno-unused-but-set-parameter -Wno-unused-but-set-variable -Wno-unused-parameter -Wno-unused-variable    -DVL_TIME_CONTEXT   -fcoroutines -c -o Vt_uvm_lrm_process_kill_self_zero__ALL.o Vt_uvm_lrm_process_kill_self_zero__ALL.cpp
g++    verilated.o verilated_timing.o verilated_threads.o Vt_uvm_lrm_process_kill_self_zero__ALL.a    -pthread -lpthread -latomic   -o Vt_uvm_lrm_process_kill_self_zero
rm Vt_uvm_lrm_process_kill_self_zero__ALL.verilator_deplist.tmp
make[1]: Leaving directory '/workspace/scratch/86e4a45a0d74/verilator-uvm-extend/test_regress/obj_vlt/t_uvm_lrm_process_kill_self_zero-uvm2020'
- V e r i l a t i o n   R e p o r t: Verilator 5.051 devel rev vUNKNOWN-built20260906-4906f041d
- Verilator: Built from 0.034 MB sources in 7 modules, into 0.059 MB in 12 C++ files needing 0.000 MB
- Verilator: Walltime 8.088 s (elab=0.002, cvt=0.008, bld=8.068); cpu 0.020 s on 1 threads; allocated 22.863 MB
        obj_vlt/t_uvm_lrm_process_kill_self_zero-uvm2020/Vt_uvm_lrm_process_kill_self_zero    > obj_vlt/t_uvm_lrm_process_kill_self_zero-uvm2020/vlt_sim.log
*-* All Finished *-*
- t/t_uvm_lrm_process_kill_self_zero.v:33: Verilog $finish
- S i m u l a t i o n   R e p o r t: Verilator 5.051 devel
- Verilator: $finish at 1ps; walltime 0.000 s; speed 14.887 ns/s
- Verilator: cpu 0.000 s on 1 threads; allocated 6 MB
vlt/t_uvm_lrm_process_kill_self_zero: Self PASSED
==SUMMARY: Left 23  Passed 4  Failed 0  Running 1  Eta 4:24  Time 0:38
======================================================================
vlt/t_uvm_lrm_process_kill_function: ==================================================
        perl /workspace/scratch/86e4a45a0d74/verilator-uvm-extend/bin/verilator --prefix Vt_uvm_lrm_process_kill_function -cc -Mdir obj_vlt/t_uvm_lrm_process_kill_function-uvm2020 --fdedup --debug-check --comp-limit-members 10 --x-assign unique --binary -f input.vc +define+TEST_OBJ_DIR=obj_vlt/t_uvm_lrm_process_kill_function-uvm2020 +define+TEST_DUMPFILE=obj_vlt/t_uvm_lrm_process_kill_function-uvm2020/simx.vcd t/t_uvm_lrm_process_kill_function.v   > obj_vlt/t_uvm_lrm_process_kill_function-uvm2020/vlt_compile.log
make[1]: Entering directory '/workspace/scratch/86e4a45a0d74/verilator-uvm-extend/test_regress/obj_vlt/t_uvm_lrm_process_kill_function-uvm2020'
g++ -Os  -I. -Wall -Wextra -Wfloat-conversion -Wlogical-op -Werror -MMD -I/workspace/scratch/86e4a45a0d74/verilator-uvm-extend/include -I/workspace/scratch/86e4a45a0d74/verilator-uvm-extend/include/vltstd -DVERILATOR=1 -DVM_COVERAGE=0 -DVM_SC=0 -DVM_TIMING=1 -DVM_TRACE=0 -DVM_TRACE_FST=0 -DVM_TRACE_VCD=0 -DVM_TRACE_SAIF=0 -DVM_VPI=0 -faligned-new -fcf-protection=none -Wno-bool-operation -Wno-int-in-bool-context -Wno-shadow -Wno-sign-compare -Wno-subobject-linkage -Wno-tautological-compare -Wno-uninitialized -Wno-unused-but-set-parameter -Wno-unused-but-set-variable -Wno-unused-parameter -Wno-unused-variable    -DVL_TIME_CONTEXT   -fcoroutines -c -o verilated.o /workspace/scratch/86e4a45a0d74/verilator-uvm-extend/include/verilated.cpp
g++ -Os  -I. -Wall -Wextra -Wfloat-conversion -Wlogical-op -Werror -MMD -I/workspace/scratch/86e4a45a0d74/verilator-uvm-extend/include -I/workspace/scratch/86e4a45a0d74/verilator-uvm-extend/include/vltstd -DVERILATOR=1 -DVM_COVERAGE=0 -DVM_SC=0 -DVM_TIMING=1 -DVM_TRACE=0 -DVM_TRACE_FST=0 -DVM_TRACE_VCD=0 -DVM_TRACE_SAIF=0 -DVM_VPI=0 -faligned-new -fcf-protection=none -Wno-bool-operation -Wno-int-in-bool-context -Wno-shadow -Wno-sign-compare -Wno-subobject-linkage -Wno-tautological-compare -Wno-uninitialized -Wno-unused-but-set-parameter -Wno-unused-but-set-variable -Wno-unused-parameter -Wno-unused-variable    -DVL_TIME_CONTEXT   -fcoroutines -c -o verilated_timing.o /workspace/scratch/86e4a45a0d74/verilator-uvm-extend/include/verilated_timing.cpp
g++ -Os  -I. -Wall -Wextra -Wfloat-conversion -Wlogical-op -Werror -MMD -I/workspace/scratch/86e4a45a0d74/verilator-uvm-extend/include -I/workspace/scratch/86e4a45a0d74/verilator-uvm-extend/include/vltstd -DVERILATOR=1 -DVM_COVERAGE=0 -DVM_SC=0 -DVM_TIMING=1 -DVM_TRACE=0 -DVM_TRACE_FST=0 -DVM_TRACE_VCD=0 -DVM_TRACE_SAIF=0 -DVM_VPI=0 -faligned-new -fcf-protection=none -Wno-bool-operation -Wno-int-in-bool-context -Wno-shadow -Wno-sign-compare -Wno-subobject-linkage -Wno-tautological-compare -Wno-uninitialized -Wno-unused-but-set-parameter -Wno-unused-but-set-variable -Wno-unused-parameter -Wno-unused-variable    -DVL_TIME_CONTEXT   -fcoroutines -c -o verilated_threads.o /workspace/scratch/86e4a45a0d74/verilator-uvm-extend/include/verilated_threads.cpp
python3 /workspace/scratch/86e4a45a0d74/verilator-uvm-extend/bin/verilator_includer -DVL_INCLUDE_OPT=include Vt_uvm_lrm_process_kill_function.cpp Vt_uvm_lrm_process_kill_function___024root__0.cpp Vt_uvm_lrm_process_kill_function_t__0.cpp Vt_uvm_lrm_process_kill_function_t__03a__03akiller__Vclpkg__0.cpp Vt_uvm_lrm_process_kill_function_std__03a__03asemaphore__Vclpkg__0.cpp Vt_uvm_lrm_process_kill_function_std__03a__03aprocess__Vclpkg__0.cpp Vt_uvm_lrm_process_kill_function__main.cpp Vt_uvm_lrm_process_kill_function___024root__Slow.cpp Vt_uvm_lrm_process_kill_function___024root__0__Slow.cpp Vt_uvm_lrm_process_kill_function_t__Slow.cpp Vt_uvm_lrm_process_kill_function_t__0__Slow.cpp Vt_uvm_lrm_process_kill_function___024unit__Slow.cpp Vt_uvm_lrm_process_kill_function_std__Slow.cpp Vt_uvm_lrm_process_kill_function_t__03a__03akiller__Vclpkg__Slow.cpp Vt_uvm_lrm_process_kill_function_std__03a__03asemaphore__Vclpkg__Slow.cpp Vt_uvm_lrm_process_kill_function_std__03a__03aprocess__Vclpkg__Slow.cpp Vt_uvm_lrm_process_kill_function__Syms__Slow.cpp > Vt_uvm_lrm_process_kill_function__ALL.cpp
g++ -Os  -I. -Wall -Wextra -Wfloat-conversion -Wlogical-op -Werror -MMD -I/workspace/scratch/86e4a45a0d74/verilator-uvm-extend/include -I/workspace/scratch/86e4a45a0d74/verilator-uvm-extend/include/vltstd -DVERILATOR=1 -DVM_COVERAGE=0 -DVM_SC=0 -DVM_TIMING=1 -DVM_TRACE=0 -DVM_TRACE_FST=0 -DVM_TRACE_VCD=0 -DVM_TRACE_SAIF=0 -DVM_VPI=0 -faligned-new -fcf-protection=none -Wno-bool-operation -Wno-int-in-bool-context -Wno-shadow -Wno-sign-compare -Wno-subobject-linkage -Wno-tautological-compare -Wno-uninitialized -Wno-unused-but-set-parameter -Wno-unused-but-set-variable -Wno-unused-parameter -Wno-unused-variable    -DVL_TIME_CONTEXT   -fcoroutines -c -o Vt_uvm_lrm_process_kill_function__ALL.o Vt_uvm_lrm_process_kill_function__ALL.cpp
g++    verilated.o verilated_timing.o verilated_threads.o Vt_uvm_lrm_process_kill_function__ALL.a    -pthread -lpthread -latomic   -o Vt_uvm_lrm_process_kill_function
rm Vt_uvm_lrm_process_kill_function__ALL.verilator_deplist.tmp
make[1]: Leaving directory '/workspace/scratch/86e4a45a0d74/verilator-uvm-extend/test_regress/obj_vlt/t_uvm_lrm_process_kill_function-uvm2020'
- V e r i l a t i o n   R e p o r t: Verilator 5.051 devel rev vUNKNOWN-built20260906-4906f041d
- Verilator: Built from 0.039 MB sources in 8 modules, into 0.089 MB in 17 C++ files needing 0.000 MB
- Verilator: Walltime 9.354 s (elab=0.002, cvt=0.012, bld=9.328); cpu 0.026 s on 1 threads; allocated 23.078 MB
        obj_vlt/t_uvm_lrm_process_kill_function-uvm2020/Vt_uvm_lrm_process_kill_function    > obj_vlt/t_uvm_lrm_process_kill_function-uvm2020/vlt_sim.log
*-* All Finished *-*
- t/t_uvm_lrm_process_kill_function.v:109: Verilog $finish
- S i m u l a t i o n   R e p o r t: Verilator 5.051 devel
- Verilator: $finish at 1ps; walltime 0.000 s; speed 11.922 ns/s
- Verilator: cpu 0.000 s on 1 threads; allocated 6 MB
vlt/t_uvm_lrm_process_kill_function: Self PASSED
==SUMMARY: Left 22  Passed 5  Failed 0  Running 1  Eta 4:12  Time 0:47
======================================================================
vlt/t_uvm_lrm_process_kill_wait_zero: ==================================================
        perl /workspace/scratch/86e4a45a0d74/verilator-uvm-extend/bin/verilator --prefix Vt_uvm_lrm_process_kill_wait_zero -cc -Mdir obj_vlt/t_uvm_lrm_process_kill_wait_zero-uvm2020 --fdedup --debug-check --comp-limit-members 10 --x-assign unique --binary -f input.vc +define+TEST_OBJ_DIR=obj_vlt/t_uvm_lrm_process_kill_wait_zero-uvm2020 +define+TEST_DUMPFILE=obj_vlt/t_uvm_lrm_process_kill_wait_zero-uvm2020/simx.vcd t/t_uvm_lrm_process_kill_wait_zero.v   > obj_vlt/t_uvm_lrm_process_kill_wait_zero-uvm2020/vlt_compile.log
make[1]: Entering directory '/workspace/scratch/86e4a45a0d74/verilator-uvm-extend/test_regress/obj_vlt/t_uvm_lrm_process_kill_wait_zero-uvm2020'
g++ -Os  -I. -Wall -Wextra -Wfloat-conversion -Wlogical-op -Werror -MMD -I/workspace/scratch/86e4a45a0d74/verilator-uvm-extend/include -I/workspace/scratch/86e4a45a0d74/verilator-uvm-extend/include/vltstd -DVERILATOR=1 -DVM_COVERAGE=0 -DVM_SC=0 -DVM_TIMING=1 -DVM_TRACE=0 -DVM_TRACE_FST=0 -DVM_TRACE_VCD=0 -DVM_TRACE_SAIF=0 -DVM_VPI=0 -faligned-new -fcf-protection=none -Wno-bool-operation -Wno-int-in-bool-context -Wno-shadow -Wno-sign-compare -Wno-subobject-linkage -Wno-tautological-compare -Wno-uninitialized -Wno-unused-but-set-parameter -Wno-unused-but-set-variable -Wno-unused-parameter -Wno-unused-variable    -DVL_TIME_CONTEXT   -fcoroutines -c -o verilated.o /workspace/scratch/86e4a45a0d74/verilator-uvm-extend/include/verilated.cpp
g++ -Os  -I. -Wall -Wextra -Wfloat-conversion -Wlogical-op -Werror -MMD -I/workspace/scratch/86e4a45a0d74/verilator-uvm-extend/include -I/workspace/scratch/86e4a45a0d74/verilator-uvm-extend/include/vltstd -DVERILATOR=1 -DVM_COVERAGE=0 -DVM_SC=0 -DVM_TIMING=1 -DVM_TRACE=0 -DVM_TRACE_FST=0 -DVM_TRACE_VCD=0 -DVM_TRACE_SAIF=0 -DVM_VPI=0 -faligned-new -fcf-protection=none -Wno-bool-operation -Wno-int-in-bool-context -Wno-shadow -Wno-sign-compare -Wno-subobject-linkage -Wno-tautological-compare -Wno-uninitialized -Wno-unused-but-set-parameter -Wno-unused-but-set-variable -Wno-unused-parameter -Wno-unused-variable    -DVL_TIME_CONTEXT   -fcoroutines -c -o verilated_timing.o /workspace/scratch/86e4a45a0d74/verilator-uvm-extend/include/verilated_timing.cpp
g++ -Os  -I. -Wall -Wextra -Wfloat-conversion -Wlogical-op -Werror -MMD -I/workspace/scratch/86e4a45a0d74/verilator-uvm-extend/include -I/workspace/scratch/86e4a45a0d74/verilator-uvm-extend/include/vltstd -DVERILATOR=1 -DVM_COVERAGE=0 -DVM_SC=0 -DVM_TIMING=1 -DVM_TRACE=0 -DVM_TRACE_FST=0 -DVM_TRACE_VCD=0 -DVM_TRACE_SAIF=0 -DVM_VPI=0 -faligned-new -fcf-protection=none -Wno-bool-operation -Wno-int-in-bool-context -Wno-shadow -Wno-sign-compare -Wno-subobject-linkage -Wno-tautological-compare -Wno-uninitialized -Wno-unused-but-set-parameter -Wno-unused-but-set-variable -Wno-unused-parameter -Wno-unused-variable    -DVL_TIME_CONTEXT   -fcoroutines -c -o verilated_threads.o /workspace/scratch/86e4a45a0d74/verilator-uvm-extend/include/verilated_threads.cpp
python3 /workspace/scratch/86e4a45a0d74/verilator-uvm-extend/bin/verilator_includer -DVL_INCLUDE_OPT=include Vt_uvm_lrm_process_kill_wait_zero.cpp Vt_uvm_lrm_process_kill_wait_zero___024root__0.cpp Vt_uvm_lrm_process_kill_wait_zero_std__03a__03asemaphore__Vclpkg__0.cpp Vt_uvm_lrm_process_kill_wait_zero_std__03a__03aprocess__Vclpkg__0.cpp Vt_uvm_lrm_process_kill_wait_zero__main.cpp Vt_uvm_lrm_process_kill_wait_zero___024root__Slow.cpp Vt_uvm_lrm_process_kill_wait_zero___024root__0__Slow.cpp Vt_uvm_lrm_process_kill_wait_zero___024unit__Slow.cpp Vt_uvm_lrm_process_kill_wait_zero_std__Slow.cpp Vt_uvm_lrm_process_kill_wait_zero_std__03a__03asemaphore__Vclpkg__Slow.cpp Vt_uvm_lrm_process_kill_wait_zero_std__03a__03aprocess__Vclpkg__Slow.cpp Vt_uvm_lrm_process_kill_wait_zero__Syms__Slow.cpp > Vt_uvm_lrm_process_kill_wait_zero__ALL.cpp
g++ -Os  -I. -Wall -Wextra -Wfloat-conversion -Wlogical-op -Werror -MMD -I/workspace/scratch/86e4a45a0d74/verilator-uvm-extend/include -I/workspace/scratch/86e4a45a0d74/verilator-uvm-extend/include/vltstd -DVERILATOR=1 -DVM_COVERAGE=0 -DVM_SC=0 -DVM_TIMING=1 -DVM_TRACE=0 -DVM_TRACE_FST=0 -DVM_TRACE_VCD=0 -DVM_TRACE_SAIF=0 -DVM_VPI=0 -faligned-new -fcf-protection=none -Wno-bool-operation -Wno-int-in-bool-context -Wno-shadow -Wno-sign-compare -Wno-subobject-linkage -Wno-tautological-compare -Wno-uninitialized -Wno-unused-but-set-parameter -Wno-unused-but-set-variable -Wno-unused-parameter -Wno-unused-variable    -DVL_TIME_CONTEXT   -fcoroutines -c -o Vt_uvm_lrm_process_kill_wait_zero__ALL.o Vt_uvm_lrm_process_kill_wait_zero__ALL.cpp
g++    verilated.o verilated_timing.o verilated_threads.o Vt_uvm_lrm_process_kill_wait_zero__ALL.a    -pthread -lpthread -latomic   -o Vt_uvm_lrm_process_kill_wait_zero
rm Vt_uvm_lrm_process_kill_wait_zero__ALL.verilator_deplist.tmp
make[1]: Leaving directory '/workspace/scratch/86e4a45a0d74/verilator-uvm-extend/test_regress/obj_vlt/t_uvm_lrm_process_kill_wait_zero-uvm2020'
- V e r i l a t i o n   R e p o r t: Verilator 5.051 devel rev vUNKNOWN-built20260906-4906f041d
- Verilator: Built from 0.036 MB sources in 7 modules, into 0.079 MB in 12 C++ files needing 0.000 MB
- Verilator: Walltime 8.859 s (elab=0.002, cvt=0.013, bld=8.830); cpu 0.029 s on 1 threads; allocated 23.160 MB
        obj_vlt/t_uvm_lrm_process_kill_wait_zero-uvm2020/Vt_uvm_lrm_process_kill_wait_zero    > obj_vlt/t_uvm_lrm_process_kill_wait_zero-uvm2020/vlt_sim.log
*-* All Finished *-*
- t/t_uvm_lrm_process_kill_wait_zero.v:70: Verilog $finish
- S i m u l a t i o n   R e p o r t: Verilator 5.051 devel
- Verilator: $finish at 2ps; walltime 0.000 s; speed 24.934 ns/s
- Verilator: cpu 0.000 s on 1 threads; allocated 6 MB
vlt/t_uvm_lrm_process_kill_wait_zero: Self PASSED
==SUMMARY: Left 21  Passed 6  Failed 0  Running 1  Eta 3:58  Time 0:56
======================================================================
vlt/t_process_context_fork: ==================================================
        perl /workspace/scratch/86e4a45a0d74/verilator-uvm-extend/bin/verilator --prefix Vt_process_context_fork -cc -Mdir obj_vlt/t_process_context_fork-uvm2020 --fdedup --debug-check --comp-limit-members 10 --x-assign unique --binary -f input.vc +define+TEST_OBJ_DIR=obj_vlt/t_process_context_fork-uvm2020 +define+TEST_DUMPFILE=obj_vlt/t_process_context_fork-uvm2020/simx.vcd t/t_process_context_fork.v   > obj_vlt/t_process_context_fork-uvm2020/vlt_compile.log
make[1]: Entering directory '/workspace/scratch/86e4a45a0d74/verilator-uvm-extend/test_regress/obj_vlt/t_process_context_fork-uvm2020'
g++ -Os  -I. -Wall -Wextra -Wfloat-conversion -Wlogical-op -Werror -MMD -I/workspace/scratch/86e4a45a0d74/verilator-uvm-extend/include -I/workspace/scratch/86e4a45a0d74/verilator-uvm-extend/include/vltstd -DVERILATOR=1 -DVM_COVERAGE=0 -DVM_SC=0 -DVM_TIMING=1 -DVM_TRACE=0 -DVM_TRACE_FST=0 -DVM_TRACE_VCD=0 -DVM_TRACE_SAIF=0 -DVM_VPI=0 -faligned-new -fcf-protection=none -Wno-bool-operation -Wno-int-in-bool-context -Wno-shadow -Wno-sign-compare -Wno-subobject-linkage -Wno-tautological-compare -Wno-uninitialized -Wno-unused-but-set-parameter -Wno-unused-but-set-variable -Wno-unused-parameter -Wno-unused-variable    -DVL_TIME_CONTEXT   -fcoroutines -c -o verilated.o /workspace/scratch/86e4a45a0d74/verilator-uvm-extend/include/verilated.cpp
g++ -Os  -I. -Wall -Wextra -Wfloat-conversion -Wlogical-op -Werror -MMD -I/workspace/scratch/86e4a45a0d74/verilator-uvm-extend/include -I/workspace/scratch/86e4a45a0d74/verilator-uvm-extend/include/vltstd -DVERILATOR=1 -DVM_COVERAGE=0 -DVM_SC=0 -DVM_TIMING=1 -DVM_TRACE=0 -DVM_TRACE_FST=0 -DVM_TRACE_VCD=0 -DVM_TRACE_SAIF=0 -DVM_VPI=0 -faligned-new -fcf-protection=none -Wno-bool-operation -Wno-int-in-bool-context -Wno-shadow -Wno-sign-compare -Wno-subobject-linkage -Wno-tautological-compare -Wno-uninitialized -Wno-unused-but-set-parameter -Wno-unused-but-set-variable -Wno-unused-parameter -Wno-unused-variable    -DVL_TIME_CONTEXT   -fcoroutines -c -o verilated_timing.o /workspace/scratch/86e4a45a0d74/verilator-uvm-extend/include/verilated_timing.cpp
g++ -Os  -I. -Wall -Wextra -Wfloat-conversion -Wlogical-op -Werror -MMD -I/workspace/scratch/86e4a45a0d74/verilator-uvm-extend/include -I/workspace/scratch/86e4a45a0d74/verilator-uvm-extend/include/vltstd -DVERILATOR=1 -DVM_COVERAGE=0 -DVM_SC=0 -DVM_TIMING=1 -DVM_TRACE=0 -DVM_TRACE_FST=0 -DVM_TRACE_VCD=0 -DVM_TRACE_SAIF=0 -DVM_VPI=0 -faligned-new -fcf-protection=none -Wno-bool-operation -Wno-int-in-bool-context -Wno-shadow -Wno-sign-compare -Wno-subobject-linkage -Wno-tautological-compare -Wno-uninitialized -Wno-unused-but-set-parameter -Wno-unused-but-set-variable -Wno-unused-parameter -Wno-unused-variable    -DVL_TIME_CONTEXT   -fcoroutines -c -o verilated_random.o /workspace/scratch/86e4a45a0d74/verilator-uvm-extend/include/verilated_random.cpp
g++ -Os  -I. -Wall -Wextra -Wfloat-conversion -Wlogical-op -Werror -MMD -I/workspace/scratch/86e4a45a0d74/verilator-uvm-extend/include -I/workspace/scratch/86e4a45a0d74/verilator-uvm-extend/include/vltstd -DVERILATOR=1 -DVM_COVERAGE=0 -DVM_SC=0 -DVM_TIMING=1 -DVM_TRACE=0 -DVM_TRACE_FST=0 -DVM_TRACE_VCD=0 -DVM_TRACE_SAIF=0 -DVM_VPI=0 -faligned-new -fcf-protection=none -Wno-bool-operation -Wno-int-in-bool-context -Wno-shadow -Wno-sign-compare -Wno-subobject-linkage -Wno-tautological-compare -Wno-uninitialized -Wno-unused-but-set-parameter -Wno-unused-but-set-variable -Wno-unused-parameter -Wno-unused-variable    -DVL_TIME_CONTEXT   -fcoroutines -c -o verilated_threads.o /workspace/scratch/86e4a45a0d74/verilator-uvm-extend/include/verilated_threads.cpp
python3 /workspace/scratch/86e4a45a0d74/verilator-uvm-extend/bin/verilator_includer -DVL_INCLUDE_OPT=include Vt_process_context_fork.cpp Vt_process_context_fork___024root__0.cpp Vt_process_context_fork___024unit__03a__03arng_owner__Vclpkg__0.cpp Vt_process_context_fork_std__03a__03asemaphore__Vclpkg__0.cpp Vt_process_context_fork_std__03a__03aprocess__Vclpkg__0.cpp Vt_process_context_fork__main.cpp Vt_process_context_fork___024root__Slow.cpp Vt_process_context_fork___024root__0__Slow.cpp Vt_process_context_fork___024unit__Slow.cpp Vt_process_context_fork_std__Slow.cpp Vt_process_context_fork___024unit__03a__03arng_owner__Vclpkg__Slow.cpp Vt_process_context_fork_std__03a__03asemaphore__Vclpkg__Slow.cpp Vt_process_context_fork_std__03a__03aprocess__Vclpkg__Slow.cpp Vt_process_context_fork__Syms__Slow.cpp > Vt_process_context_fork__ALL.cpp
g++ -Os  -I. -Wall -Wextra -Wfloat-conversion -Wlogical-op -Werror -MMD -I/workspace/scratch/86e4a45a0d74/verilator-uvm-extend/include -I/workspace/scratch/86e4a45a0d74/verilator-uvm-extend/include/vltstd -DVERILATOR=1 -DVM_COVERAGE=0 -DVM_SC=0 -DVM_TIMING=1 -DVM_TRACE=0 -DVM_TRACE_FST=0 -DVM_TRACE_VCD=0 -DVM_TRACE_SAIF=0 -DVM_VPI=0 -faligned-new -fcf-protection=none -Wno-bool-operation -Wno-int-in-bool-context -Wno-shadow -Wno-sign-compare -Wno-subobject-linkage -Wno-tautological-compare -Wno-uninitialized -Wno-unused-but-set-parameter -Wno-unused-but-set-variable -Wno-unused-parameter -Wno-unused-variable    -DVL_TIME_CONTEXT   -fcoroutines -c -o Vt_process_context_fork__ALL.o Vt_process_context_fork__ALL.cpp
g++    verilated.o verilated_timing.o verilated_random.o verilated_threads.o Vt_process_context_fork__ALL.a    -pthread -lpthread -latomic   -o Vt_process_context_fork
rm Vt_process_context_fork__ALL.verilator_deplist.tmp
make[1]: Leaving directory '/workspace/scratch/86e4a45a0d74/verilator-uvm-extend/test_regress/obj_vlt/t_process_context_fork-uvm2020'
- V e r i l a t i o n   R e p o r t: Verilator 5.051 devel rev vUNKNOWN-built20260906-4906f041d
- Verilator: Built from 0.035 MB sources in 8 modules, into 0.066 MB in 14 C++ files needing 0.000 MB
- Verilator: Walltime 10.722 s (elab=0.002, cvt=0.009, bld=10.701); cpu 0.021 s on 1 threads; allocated 22.938 MB
        obj_vlt/t_process_context_fork-uvm2020/Vt_process_context_fork    > obj_vlt/t_process_context_fork-uvm2020/vlt_sim.log
*-* All Finished *-*
- t/t_process_context_fork.v:46: Verilog $finish
- S i m u l a t i o n   R e p o r t: Verilator 5.051 devel
- Verilator: $finish at 10ps; walltime 0.000 s; speed 130.232 ns/s
- Verilator: cpu 0.000 s on 1 threads; allocated 6 MB
vlt/t_process_context_fork: Self PASSED
==SUMMARY: Left 20  Passed 7  Failed 0  Running 1  Eta 3:52  Time 1:07
======================================================================
vlt/t_process_fork_finished: ==================================================
        perl /workspace/scratch/86e4a45a0d74/verilator-uvm-extend/bin/verilator --prefix Vt_process_fork_finished -cc -Mdir obj_vlt/t_process_fork_finished-uvm2020 --fdedup --debug-check --comp-limit-members 10 --x-assign unique --binary -f input.vc +define+TEST_OBJ_DIR=obj_vlt/t_process_fork_finished-uvm2020 +define+TEST_DUMPFILE=obj_vlt/t_process_fork_finished-uvm2020/simx.vcd t/t_process_fork_finished.v   > obj_vlt/t_process_fork_finished-uvm2020/vlt_compile.log
make[1]: Entering directory '/workspace/scratch/86e4a45a0d74/verilator-uvm-extend/test_regress/obj_vlt/t_process_fork_finished-uvm2020'
g++ -Os  -I. -Wall -Wextra -Wfloat-conversion -Wlogical-op -Werror -MMD -I/workspace/scratch/86e4a45a0d74/verilator-uvm-extend/include -I/workspace/scratch/86e4a45a0d74/verilator-uvm-extend/include/vltstd -DVERILATOR=1 -DVM_COVERAGE=0 -DVM_SC=0 -DVM_TIMING=1 -DVM_TRACE=0 -DVM_TRACE_FST=0 -DVM_TRACE_VCD=0 -DVM_TRACE_SAIF=0 -DVM_VPI=0 -faligned-new -fcf-protection=none -Wno-bool-operation -Wno-int-in-bool-context -Wno-shadow -Wno-sign-compare -Wno-subobject-linkage -Wno-tautological-compare -Wno-uninitialized -Wno-unused-but-set-parameter -Wno-unused-but-set-variable -Wno-unused-parameter -Wno-unused-variable    -DVL_TIME_CONTEXT   -fcoroutines -c -o verilated.o /workspace/scratch/86e4a45a0d74/verilator-uvm-extend/include/verilated.cpp
g++ -Os  -I. -Wall -Wextra -Wfloat-conversion -Wlogical-op -Werror -MMD -I/workspace/scratch/86e4a45a0d74/verilator-uvm-extend/include -I/workspace/scratch/86e4a45a0d74/verilator-uvm-extend/include/vltstd -DVERILATOR=1 -DVM_COVERAGE=0 -DVM_SC=0 -DVM_TIMING=1 -DVM_TRACE=0 -DVM_TRACE_FST=0 -DVM_TRACE_VCD=0 -DVM_TRACE_SAIF=0 -DVM_VPI=0 -faligned-new -fcf-protection=none -Wno-bool-operation -Wno-int-in-bool-context -Wno-shadow -Wno-sign-compare -Wno-subobject-linkage -Wno-tautological-compare -Wno-uninitialized -Wno-unused-but-set-parameter -Wno-unused-but-set-variable -Wno-unused-parameter -Wno-unused-variable    -DVL_TIME_CONTEXT   -fcoroutines -c -o verilated_timing.o /workspace/scratch/86e4a45a0d74/verilator-uvm-extend/include/verilated_timing.cpp
g++ -Os  -I. -Wall -Wextra -Wfloat-conversion -Wlogical-op -Werror -MMD -I/workspace/scratch/86e4a45a0d74/verilator-uvm-extend/include -I/workspace/scratch/86e4a45a0d74/verilator-uvm-extend/include/vltstd -DVERILATOR=1 -DVM_COVERAGE=0 -DVM_SC=0 -DVM_TIMING=1 -DVM_TRACE=0 -DVM_TRACE_FST=0 -DVM_TRACE_VCD=0 -DVM_TRACE_SAIF=0 -DVM_VPI=0 -faligned-new -fcf-protection=none -Wno-bool-operation -Wno-int-in-bool-context -Wno-shadow -Wno-sign-compare -Wno-subobject-linkage -Wno-tautological-compare -Wno-uninitialized -Wno-unused-but-set-parameter -Wno-unused-but-set-variable -Wno-unused-parameter -Wno-unused-variable    -DVL_TIME_CONTEXT   -fcoroutines -c -o verilated_threads.o /workspace/scratch/86e4a45a0d74/verilator-uvm-extend/include/verilated_threads.cpp
python3 /workspace/scratch/86e4a45a0d74/verilator-uvm-extend/bin/verilator_includer -DVL_INCLUDE_OPT=include Vt_process_fork_finished.cpp Vt_process_fork_finished___024root__0.cpp Vt_process_fork_finished_std__03a__03asemaphore__Vclpkg__0.cpp Vt_process_fork_finished_std__03a__03aprocess__Vclpkg__0.cpp Vt_process_fork_finished__main.cpp Vt_process_fork_finished___024root__Slow.cpp Vt_process_fork_finished___024root__0__Slow.cpp Vt_process_fork_finished___024unit__Slow.cpp Vt_process_fork_finished_std__Slow.cpp Vt_process_fork_finished_std__03a__03asemaphore__Vclpkg__Slow.cpp Vt_process_fork_finished_std__03a__03aprocess__Vclpkg__Slow.cpp Vt_process_fork_finished__Syms__Slow.cpp > Vt_process_fork_finished__ALL.cpp
g++ -Os  -I. -Wall -Wextra -Wfloat-conversion -Wlogical-op -Werror -MMD -I/workspace/scratch/86e4a45a0d74/verilator-uvm-extend/include -I/workspace/scratch/86e4a45a0d74/verilator-uvm-extend/include/vltstd -DVERILATOR=1 -DVM_COVERAGE=0 -DVM_SC=0 -DVM_TIMING=1 -DVM_TRACE=0 -DVM_TRACE_FST=0 -DVM_TRACE_VCD=0 -DVM_TRACE_SAIF=0 -DVM_VPI=0 -faligned-new -fcf-protection=none -Wno-bool-operation -Wno-int-in-bool-context -Wno-shadow -Wno-sign-compare -Wno-subobject-linkage -Wno-tautological-compare -Wno-uninitialized -Wno-unused-but-set-parameter -Wno-unused-but-set-variable -Wno-unused-parameter -Wno-unused-variable    -DVL_TIME_CONTEXT   -fcoroutines -c -o Vt_process_fork_finished__ALL.o Vt_process_fork_finished__ALL.cpp
g++    verilated.o verilated_timing.o verilated_threads.o Vt_process_fork_finished__ALL.a    -pthread -lpthread -latomic   -o Vt_process_fork_finished
rm Vt_process_fork_finished__ALL.verilator_deplist.tmp
make[1]: Leaving directory '/workspace/scratch/86e4a45a0d74/verilator-uvm-extend/test_regress/obj_vlt/t_process_fork_finished-uvm2020'
- V e r i l a t i o n   R e p o r t: Verilator 5.051 devel rev vUNKNOWN-built20260906-4906f041d
- Verilator: Built from 0.036 MB sources in 7 modules, into 0.065 MB in 12 C++ files needing 0.000 MB
- Verilator: Walltime 8.468 s (elab=0.002, cvt=0.022, bld=8.434); cpu 0.034 s on 1 threads; allocated 22.965 MB
        obj_vlt/t_process_fork_finished-uvm2020/Vt_process_fork_finished    > obj_vlt/t_process_fork_finished-uvm2020/vlt_sim.log
*-* All Finished *-*
- t/t_process_fork_finished.v:58: Verilog $finish
- S i m u l a t i o n   R e p o r t: Verilator 5.051 devel
- Verilator: $finish at 2ps; walltime 0.000 s; speed 22.912 ns/s
- Verilator: cpu 0.000 s on 1 threads; allocated 6 MB
vlt/t_process_fork_finished: Self PASSED
==SUMMARY: Left 19  Passed 8  Failed 0  Running 1  Eta 3:37  Time 1:16
======================================================================
vlt/t_process_phase_teardown: ==================================================
        perl /workspace/scratch/86e4a45a0d74/verilator-uvm-extend/bin/verilator --prefix Vt_process_phase_teardown -cc -Mdir obj_vlt/t_process_phase_teardown-uvm2020 --fdedup --debug-check --comp-limit-members 10 --x-assign unique --binary -f input.vc +define+TEST_OBJ_DIR=obj_vlt/t_process_phase_teardown-uvm2020 +define+TEST_DUMPFILE=obj_vlt/t_process_phase_teardown-uvm2020/simx.vcd t/t_process_phase_teardown.v   > obj_vlt/t_process_phase_teardown-uvm2020/vlt_compile.log
make[1]: Entering directory '/workspace/scratch/86e4a45a0d74/verilator-uvm-extend/test_regress/obj_vlt/t_process_phase_teardown-uvm2020'
g++ -Os  -I. -Wall -Wextra -Wfloat-conversion -Wlogical-op -Werror -MMD -I/workspace/scratch/86e4a45a0d74/verilator-uvm-extend/include -I/workspace/scratch/86e4a45a0d74/verilator-uvm-extend/include/vltstd -DVERILATOR=1 -DVM_COVERAGE=0 -DVM_SC=0 -DVM_TIMING=1 -DVM_TRACE=0 -DVM_TRACE_FST=0 -DVM_TRACE_VCD=0 -DVM_TRACE_SAIF=0 -DVM_VPI=0 -faligned-new -fcf-protection=none -Wno-bool-operation -Wno-int-in-bool-context -Wno-shadow -Wno-sign-compare -Wno-subobject-linkage -Wno-tautological-compare -Wno-uninitialized -Wno-unused-but-set-parameter -Wno-unused-but-set-variable -Wno-unused-parameter -Wno-unused-variable    -DVL_TIME_CONTEXT   -fcoroutines -c -o verilated.o /workspace/scratch/86e4a45a0d74/verilator-uvm-extend/include/verilated.cpp
g++ -Os  -I. -Wall -Wextra -Wfloat-conversion -Wlogical-op -Werror -MMD -I/workspace/scratch/86e4a45a0d74/verilator-uvm-extend/include -I/workspace/scratch/86e4a45a0d74/verilator-uvm-extend/include/vltstd -DVERILATOR=1 -DVM_COVERAGE=0 -DVM_SC=0 -DVM_TIMING=1 -DVM_TRACE=0 -DVM_TRACE_FST=0 -DVM_TRACE_VCD=0 -DVM_TRACE_SAIF=0 -DVM_VPI=0 -faligned-new -fcf-protection=none -Wno-bool-operation -Wno-int-in-bool-context -Wno-shadow -Wno-sign-compare -Wno-subobject-linkage -Wno-tautological-compare -Wno-uninitialized -Wno-unused-but-set-parameter -Wno-unused-but-set-variable -Wno-unused-parameter -Wno-unused-variable    -DVL_TIME_CONTEXT   -fcoroutines -c -o verilated_timing.o /workspace/scratch/86e4a45a0d74/verilator-uvm-extend/include/verilated_timing.cpp
g++ -Os  -I. -Wall -Wextra -Wfloat-conversion -Wlogical-op -Werror -MMD -I/workspace/scratch/86e4a45a0d74/verilator-uvm-extend/include -I/workspace/scratch/86e4a45a0d74/verilator-uvm-extend/include/vltstd -DVERILATOR=1 -DVM_COVERAGE=0 -DVM_SC=0 -DVM_TIMING=1 -DVM_TRACE=0 -DVM_TRACE_FST=0 -DVM_TRACE_VCD=0 -DVM_TRACE_SAIF=0 -DVM_VPI=0 -faligned-new -fcf-protection=none -Wno-bool-operation -Wno-int-in-bool-context -Wno-shadow -Wno-sign-compare -Wno-subobject-linkage -Wno-tautological-compare -Wno-uninitialized -Wno-unused-but-set-parameter -Wno-unused-but-set-variable -Wno-unused-parameter -Wno-unused-variable    -DVL_TIME_CONTEXT   -fcoroutines -c -o verilated_random.o /workspace/scratch/86e4a45a0d74/verilator-uvm-extend/include/verilated_random.cpp
g++ -Os  -I. -Wall -Wextra -Wfloat-conversion -Wlogical-op -Werror -MMD -I/workspace/scratch/86e4a45a0d74/verilator-uvm-extend/include -I/workspace/scratch/86e4a45a0d74/verilator-uvm-extend/include/vltstd -DVERILATOR=1 -DVM_COVERAGE=0 -DVM_SC=0 -DVM_TIMING=1 -DVM_TRACE=0 -DVM_TRACE_FST=0 -DVM_TRACE_VCD=0 -DVM_TRACE_SAIF=0 -DVM_VPI=0 -faligned-new -fcf-protection=none -Wno-bool-operation -Wno-int-in-bool-context -Wno-shadow -Wno-sign-compare -Wno-subobject-linkage -Wno-tautological-compare -Wno-uninitialized -Wno-unused-but-set-parameter -Wno-unused-but-set-variable -Wno-unused-parameter -Wno-unused-variable    -DVL_TIME_CONTEXT   -fcoroutines -c -o verilated_threads.o /workspace/scratch/86e4a45a0d74/verilator-uvm-extend/include/verilated_threads.cpp
python3 /workspace/scratch/86e4a45a0d74/verilator-uvm-extend/bin/verilator_includer -DVL_INCLUDE_OPT=include Vt_process_phase_teardown.cpp Vt_process_phase_teardown___024root__0.cpp Vt_process_phase_teardown_t__0.cpp Vt_process_phase_teardown_t__03a__03a__VDynScope_3__Vclpkg__0.cpp Vt_process_phase_teardown_phase_teardown_pkg__03a__03aphase_state__Vclpkg__0.cpp Vt_process_phase_teardown_phase_teardown_pkg__03a__03aphase_hopper__Vclpkg__0.cpp Vt_process_phase_teardown_phase_teardown_pkg__03a__03a__VDynScope_5__Vclpkg__0.cpp Vt_process_phase_teardown_phase_teardown_pkg__03a__03a__VDynScope_6__Vclpkg__0.cpp Vt_process_phase_teardown_std__03a__03asemaphore__Vclpkg__0.cpp Vt_process_phase_teardown_std__03a__03aprocess__Vclpkg__0.cpp Vt_process_phase_teardown__main.cpp Vt_process_phase_teardown___024root__Slow.cpp Vt_process_phase_teardown___024root__0__Slow.cpp Vt_process_phase_teardown_t__Slow.cpp Vt_process_phase_teardown_t__0__Slow.cpp Vt_process_phase_teardown_phase_teardown_pkg__Slow.cpp Vt_process_phase_teardown_phase_teardown_pkg__0__Slow.cpp Vt_process_phase_teardown___024unit__Slow.cpp Vt_process_phase_teardown_std__Slow.cpp Vt_process_phase_teardown_t__03a__03a__VDynScope_3__Vclpkg__Slow.cpp Vt_process_phase_teardown_phase_teardown_pkg__03a__03aphase_state__Vclpkg__Slow.cpp Vt_process_phase_teardown_phase_teardown_pkg__03a__03aphase_hopper__Vclpkg__Slow.cpp Vt_process_phase_teardown_phase_teardown_pkg__03a__03a__VDynScope_5__Vclpkg__Slow.cpp Vt_process_phase_teardown_phase_teardown_pkg__03a__03a__VDynScope_6__Vclpkg__Slow.cpp Vt_process_phase_teardown_std__03a__03asemaphore__Vclpkg__Slow.cpp Vt_process_phase_teardown_std__03a__03aprocess__Vclpkg__Slow.cpp Vt_process_phase_teardown__Syms__Slow.cpp > Vt_process_phase_teardown__ALL.cpp
g++ -Os  -I. -Wall -Wextra -Wfloat-conversion -Wlogical-op -Werror -MMD -I/workspace/scratch/86e4a45a0d74/verilator-uvm-extend/include -I/workspace/scratch/86e4a45a0d74/verilator-uvm-extend/include/vltstd -DVERILATOR=1 -DVM_COVERAGE=0 -DVM_SC=0 -DVM_TIMING=1 -DVM_TRACE=0 -DVM_TRACE_FST=0 -DVM_TRACE_VCD=0 -DVM_TRACE_SAIF=0 -DVM_VPI=0 -faligned-new -fcf-protection=none -Wno-bool-operation -Wno-int-in-bool-context -Wno-shadow -Wno-sign-compare -Wno-subobject-linkage -Wno-tautological-compare -Wno-uninitialized -Wno-unused-but-set-parameter -Wno-unused-but-set-variable -Wno-unused-parameter -Wno-unused-variable    -DVL_TIME_CONTEXT   -fcoroutines -c -o Vt_process_phase_teardown__ALL.o Vt_process_phase_teardown__ALL.cpp
g++    verilated.o verilated_timing.o verilated_random.o verilated_threads.o Vt_process_phase_teardown__ALL.a    -pthread -lpthread -latomic   -o Vt_process_phase_teardown
rm Vt_process_phase_teardown__ALL.verilator_deplist.tmp
make[1]: Leaving directory '/workspace/scratch/86e4a45a0d74/verilator-uvm-extend/test_regress/obj_vlt/t_process_phase_teardown-uvm2020'
- V e r i l a t i o n   R e p o r t: Verilator 5.051 devel rev vUNKNOWN-built20260906-4906f041d
- Verilator: Built from 0.039 MB sources in 10 modules, into 0.131 MB in 27 C++ files needing 0.001 MB
- Verilator: Walltime 11.510 s (elab=0.003, cvt=0.016, bld=11.474); cpu 0.036 s on 1 threads; allocated 23.488 MB
        obj_vlt/t_process_phase_teardown-uvm2020/Vt_process_phase_teardown    > obj_vlt/t_process_phase_teardown-uvm2020/vlt_sim.log
PHASE_TEARDOWN_SENTINEL phases=1000 winners=1000 cleanups=1000
*-* All Finished *-*
- t/t_process_phase_teardown.v:166: Verilog $finish
- S i m u l a t i o n   R e p o r t: Verilator 5.051 devel
- Verilator: $finish at 0s; walltime 0.010 s; speed 0.000 s/s
- Verilator: cpu 0.010 s on 1 threads; allocated 7 MB
vlt/t_process_phase_teardown: Self PASSED
==SUMMARY: Left 18  Passed 9  Failed 0  Running 1  Eta 3:31  Time 1:28
======================================================================
vlt/t_process_self_kill_ctor: ==================================================
        perl /workspace/scratch/86e4a45a0d74/verilator-uvm-extend/bin/verilator --prefix Vt_process_self_kill_ctor -cc -Mdir obj_vlt/t_process_self_kill_ctor-uvm2020 --fdedup --debug-check --comp-limit-members 10 --x-assign unique --binary -f input.vc +define+TEST_OBJ_DIR=obj_vlt/t_process_self_kill_ctor-uvm2020 +define+TEST_DUMPFILE=obj_vlt/t_process_self_kill_ctor-uvm2020/simx.vcd t/t_process_self_kill_ctor.v   > obj_vlt/t_process_self_kill_ctor-uvm2020/vlt_compile.log
make[1]: Entering directory '/workspace/scratch/86e4a45a0d74/verilator-uvm-extend/test_regress/obj_vlt/t_process_self_kill_ctor-uvm2020'
g++ -Os  -I. -Wall -Wextra -Wfloat-conversion -Wlogical-op -Werror -MMD -I/workspace/scratch/86e4a45a0d74/verilator-uvm-extend/include -I/workspace/scratch/86e4a45a0d74/verilator-uvm-extend/include/vltstd -DVERILATOR=1 -DVM_COVERAGE=0 -DVM_SC=0 -DVM_TIMING=1 -DVM_TRACE=0 -DVM_TRACE_FST=0 -DVM_TRACE_VCD=0 -DVM_TRACE_SAIF=0 -DVM_VPI=0 -faligned-new -fcf-protection=none -Wno-bool-operation -Wno-int-in-bool-context -Wno-shadow -Wno-sign-compare -Wno-subobject-linkage -Wno-tautological-compare -Wno-uninitialized -Wno-unused-but-set-parameter -Wno-unused-but-set-variable -Wno-unused-parameter -Wno-unused-variable    -DVL_TIME_CONTEXT   -fcoroutines -c -o verilated.o /workspace/scratch/86e4a45a0d74/verilator-uvm-extend/include/verilated.cpp
g++ -Os  -I. -Wall -Wextra -Wfloat-conversion -Wlogical-op -Werror -MMD -I/workspace/scratch/86e4a45a0d74/verilator-uvm-extend/include -I/workspace/scratch/86e4a45a0d74/verilator-uvm-extend/include/vltstd -DVERILATOR=1 -DVM_COVERAGE=0 -DVM_SC=0 -DVM_TIMING=1 -DVM_TRACE=0 -DVM_TRACE_FST=0 -DVM_TRACE_VCD=0 -DVM_TRACE_SAIF=0 -DVM_VPI=0 -faligned-new -fcf-protection=none -Wno-bool-operation -Wno-int-in-bool-context -Wno-shadow -Wno-sign-compare -Wno-subobject-linkage -Wno-tautological-compare -Wno-uninitialized -Wno-unused-but-set-parameter -Wno-unused-but-set-variable -Wno-unused-parameter -Wno-unused-variable    -DVL_TIME_CONTEXT   -fcoroutines -c -o verilated_timing.o /workspace/scratch/86e4a45a0d74/verilator-uvm-extend/include/verilated_timing.cpp
g++ -Os  -I. -Wall -Wextra -Wfloat-conversion -Wlogical-op -Werror -MMD -I/workspace/scratch/86e4a45a0d74/verilator-uvm-extend/include -I/workspace/scratch/86e4a45a0d74/verilator-uvm-extend/include/vltstd -DVERILATOR=1 -DVM_COVERAGE=0 -DVM_SC=0 -DVM_TIMING=1 -DVM_TRACE=0 -DVM_TRACE_FST=0 -DVM_TRACE_VCD=0 -DVM_TRACE_SAIF=0 -DVM_VPI=0 -faligned-new -fcf-protection=none -Wno-bool-operation -Wno-int-in-bool-context -Wno-shadow -Wno-sign-compare -Wno-subobject-linkage -Wno-tautological-compare -Wno-uninitialized -Wno-unused-but-set-parameter -Wno-unused-but-set-variable -Wno-unused-parameter -Wno-unused-variable    -DVL_TIME_CONTEXT   -fcoroutines -c -o verilated_threads.o /workspace/scratch/86e4a45a0d74/verilator-uvm-extend/include/verilated_threads.cpp
python3 /workspace/scratch/86e4a45a0d74/verilator-uvm-extend/bin/verilator_includer -DVL_INCLUDE_OPT=include Vt_process_self_kill_ctor.cpp Vt_process_self_kill_ctor___024root__0.cpp Vt_process_self_kill_ctor_t__03a__03akiller__Vclpkg__0.cpp Vt_process_self_kill_ctor_std__03a__03asemaphore__Vclpkg__0.cpp Vt_process_self_kill_ctor_std__03a__03aprocess__Vclpkg__0.cpp Vt_process_self_kill_ctor__main.cpp Vt_process_self_kill_ctor___024root__Slow.cpp Vt_process_self_kill_ctor___024root__0__Slow.cpp Vt_process_self_kill_ctor_t__Slow.cpp Vt_process_self_kill_ctor_t__0__Slow.cpp Vt_process_self_kill_ctor___024unit__Slow.cpp Vt_process_self_kill_ctor_std__Slow.cpp Vt_process_self_kill_ctor_t__03a__03akiller__Vclpkg__Slow.cpp Vt_process_self_kill_ctor_std__03a__03asemaphore__Vclpkg__Slow.cpp Vt_process_self_kill_ctor_std__03a__03aprocess__Vclpkg__Slow.cpp Vt_process_self_kill_ctor__Syms__Slow.cpp > Vt_process_self_kill_ctor__ALL.cpp
g++ -Os  -I. -Wall -Wextra -Wfloat-conversion -Wlogical-op -Werror -MMD -I/workspace/scratch/86e4a45a0d74/verilator-uvm-extend/include -I/workspace/scratch/86e4a45a0d74/verilator-uvm-extend/include/vltstd -DVERILATOR=1 -DVM_COVERAGE=0 -DVM_SC=0 -DVM_TIMING=1 -DVM_TRACE=0 -DVM_TRACE_FST=0 -DVM_TRACE_VCD=0 -DVM_TRACE_SAIF=0 -DVM_VPI=0 -faligned-new -fcf-protection=none -Wno-bool-operation -Wno-int-in-bool-context -Wno-shadow -Wno-sign-compare -Wno-subobject-linkage -Wno-tautological-compare -Wno-uninitialized -Wno-unused-but-set-parameter -Wno-unused-but-set-variable -Wno-unused-parameter -Wno-unused-variable    -DVL_TIME_CONTEXT   -fcoroutines -c -o Vt_process_self_kill_ctor__ALL.o Vt_process_self_kill_ctor__ALL.cpp
g++    verilated.o verilated_timing.o verilated_threads.o Vt_process_self_kill_ctor__ALL.a    -pthread -lpthread -latomic   -o Vt_process_self_kill_ctor
rm Vt_process_self_kill_ctor__ALL.verilator_deplist.tmp
make[1]: Leaving directory '/workspace/scratch/86e4a45a0d74/verilator-uvm-extend/test_regress/obj_vlt/t_process_self_kill_ctor-uvm2020'
- V e r i l a t i o n   R e p o r t: Verilator 5.051 devel rev vUNKNOWN-built20260906-4906f041d
- Verilator: Built from 0.036 MB sources in 8 modules, into 0.061 MB in 16 C++ files needing 0.000 MB
- Verilator: Walltime 9.026 s (elab=0.002, cvt=0.009, bld=9.005); cpu 0.021 s on 1 threads; allocated 22.891 MB
        obj_vlt/t_process_self_kill_ctor-uvm2020/Vt_process_self_kill_ctor    > obj_vlt/t_process_self_kill_ctor-uvm2020/vlt_sim.log
*-* All Finished *-*
- S i m u l a t i o n   R e p o r t: Verilator 5.051 devel
- Verilator: end at 0s; walltime 0.000 s; speed 0.000 s/s
- Verilator: cpu 0.000 s on 1 threads; allocated 6 MB
vlt/t_process_self_kill_ctor: Self PASSED
==SUMMARY: Left 17  Passed 10  Failed 0  Running 1  Eta 3:18  Time 1:37
======================================================================
vlt/t_process_self_kill_initial: ==================================================
        perl /workspace/scratch/86e4a45a0d74/verilator-uvm-extend/bin/verilator --prefix Vt_process_self_kill_initial -cc -Mdir obj_vlt/t_process_self_kill_initial-uvm2020 --fdedup --debug-check --comp-limit-members 10 --x-assign unique --binary -f input.vc +define+TEST_OBJ_DIR=obj_vlt/t_process_self_kill_initial-uvm2020 +define+TEST_DUMPFILE=obj_vlt/t_process_self_kill_initial-uvm2020/simx.vcd t/t_process_self_kill_initial.v   > obj_vlt/t_process_self_kill_initial-uvm2020/vlt_compile.log
make[1]: Entering directory '/workspace/scratch/86e4a45a0d74/verilator-uvm-extend/test_regress/obj_vlt/t_process_self_kill_initial-uvm2020'
g++ -Os  -I. -Wall -Wextra -Wfloat-conversion -Wlogical-op -Werror -MMD -I/workspace/scratch/86e4a45a0d74/verilator-uvm-extend/include -I/workspace/scratch/86e4a45a0d74/verilator-uvm-extend/include/vltstd -DVERILATOR=1 -DVM_COVERAGE=0 -DVM_SC=0 -DVM_TIMING=1 -DVM_TRACE=0 -DVM_TRACE_FST=0 -DVM_TRACE_VCD=0 -DVM_TRACE_SAIF=0 -DVM_VPI=0 -faligned-new -fcf-protection=none -Wno-bool-operation -Wno-int-in-bool-context -Wno-shadow -Wno-sign-compare -Wno-subobject-linkage -Wno-tautological-compare -Wno-uninitialized -Wno-unused-but-set-parameter -Wno-unused-but-set-variable -Wno-unused-parameter -Wno-unused-variable    -DVL_TIME_CONTEXT   -fcoroutines -c -o verilated.o /workspace/scratch/86e4a45a0d74/verilator-uvm-extend/include/verilated.cpp
g++ -Os  -I. -Wall -Wextra -Wfloat-conversion -Wlogical-op -Werror -MMD -I/workspace/scratch/86e4a45a0d74/verilator-uvm-extend/include -I/workspace/scratch/86e4a45a0d74/verilator-uvm-extend/include/vltstd -DVERILATOR=1 -DVM_COVERAGE=0 -DVM_SC=0 -DVM_TIMING=1 -DVM_TRACE=0 -DVM_TRACE_FST=0 -DVM_TRACE_VCD=0 -DVM_TRACE_SAIF=0 -DVM_VPI=0 -faligned-new -fcf-protection=none -Wno-bool-operation -Wno-int-in-bool-context -Wno-shadow -Wno-sign-compare -Wno-subobject-linkage -Wno-tautological-compare -Wno-uninitialized -Wno-unused-but-set-parameter -Wno-unused-but-set-variable -Wno-unused-parameter -Wno-unused-variable    -DVL_TIME_CONTEXT   -fcoroutines -c -o verilated_timing.o /workspace/scratch/86e4a45a0d74/verilator-uvm-extend/include/verilated_timing.cpp
g++ -Os  -I. -Wall -Wextra -Wfloat-conversion -Wlogical-op -Werror -MMD -I/workspace/scratch/86e4a45a0d74/verilator-uvm-extend/include -I/workspace/scratch/86e4a45a0d74/verilator-uvm-extend/include/vltstd -DVERILATOR=1 -DVM_COVERAGE=0 -DVM_SC=0 -DVM_TIMING=1 -DVM_TRACE=0 -DVM_TRACE_FST=0 -DVM_TRACE_VCD=0 -DVM_TRACE_SAIF=0 -DVM_VPI=0 -faligned-new -fcf-protection=none -Wno-bool-operation -Wno-int-in-bool-context -Wno-shadow -Wno-sign-compare -Wno-subobject-linkage -Wno-tautological-compare -Wno-uninitialized -Wno-unused-but-set-parameter -Wno-unused-but-set-variable -Wno-unused-parameter -Wno-unused-variable    -DVL_TIME_CONTEXT   -fcoroutines -c -o verilated_random.o /workspace/scratch/86e4a45a0d74/verilator-uvm-extend/include/verilated_random.cpp
g++ -Os  -I. -Wall -Wextra -Wfloat-conversion -Wlogical-op -Werror -MMD -I/workspace/scratch/86e4a45a0d74/verilator-uvm-extend/include -I/workspace/scratch/86e4a45a0d74/verilator-uvm-extend/include/vltstd -DVERILATOR=1 -DVM_COVERAGE=0 -DVM_SC=0 -DVM_TIMING=1 -DVM_TRACE=0 -DVM_TRACE_FST=0 -DVM_TRACE_VCD=0 -DVM_TRACE_SAIF=0 -DVM_VPI=0 -faligned-new -fcf-protection=none -Wno-bool-operation -Wno-int-in-bool-context -Wno-shadow -Wno-sign-compare -Wno-subobject-linkage -Wno-tautological-compare -Wno-uninitialized -Wno-unused-but-set-parameter -Wno-unused-but-set-variable -Wno-unused-parameter -Wno-unused-variable    -DVL_TIME_CONTEXT   -fcoroutines -c -o verilated_threads.o /workspace/scratch/86e4a45a0d74/verilator-uvm-extend/include/verilated_threads.cpp
python3 /workspace/scratch/86e4a45a0d74/verilator-uvm-extend/bin/verilator_includer -DVL_INCLUDE_OPT=include Vt_process_self_kill_initial.cpp Vt_process_self_kill_initial___024root__0.cpp Vt_process_self_kill_initial___024unit__03a__03arng_owner__Vclpkg__0.cpp Vt_process_self_kill_initial_std__03a__03asemaphore__Vclpkg__0.cpp Vt_process_self_kill_initial_std__03a__03aprocess__Vclpkg__0.cpp Vt_process_self_kill_initial__main.cpp Vt_process_self_kill_initial___024root__Slow.cpp Vt_process_self_kill_initial___024root__0__Slow.cpp Vt_process_self_kill_initial___024unit__Slow.cpp Vt_process_self_kill_initial_std__Slow.cpp Vt_process_self_kill_initial___024unit__03a__03arng_owner__Vclpkg__Slow.cpp Vt_process_self_kill_initial_std__03a__03asemaphore__Vclpkg__Slow.cpp Vt_process_self_kill_initial_std__03a__03aprocess__Vclpkg__Slow.cpp Vt_process_self_kill_initial__Syms__Slow.cpp > Vt_process_self_kill_initial__ALL.cpp
g++ -Os  -I. -Wall -Wextra -Wfloat-conversion -Wlogical-op -Werror -MMD -I/workspace/scratch/86e4a45a0d74/verilator-uvm-extend/include -I/workspace/scratch/86e4a45a0d74/verilator-uvm-extend/include/vltstd -DVERILATOR=1 -DVM_COVERAGE=0 -DVM_SC=0 -DVM_TIMING=1 -DVM_TRACE=0 -DVM_TRACE_FST=0 -DVM_TRACE_VCD=0 -DVM_TRACE_SAIF=0 -DVM_VPI=0 -faligned-new -fcf-protection=none -Wno-bool-operation -Wno-int-in-bool-context -Wno-shadow -Wno-sign-compare -Wno-subobject-linkage -Wno-tautological-compare -Wno-uninitialized -Wno-unused-but-set-parameter -Wno-unused-but-set-variable -Wno-unused-parameter -Wno-unused-variable    -DVL_TIME_CONTEXT   -fcoroutines -c -o Vt_process_self_kill_initial__ALL.o Vt_process_self_kill_initial__ALL.cpp
g++    verilated.o verilated_timing.o verilated_random.o verilated_threads.o Vt_process_self_kill_initial__ALL.a    -pthread -lpthread -latomic   -o Vt_process_self_kill_initial
rm Vt_process_self_kill_initial__ALL.verilator_deplist.tmp
make[1]: Leaving directory '/workspace/scratch/86e4a45a0d74/verilator-uvm-extend/test_regress/obj_vlt/t_process_self_kill_initial-uvm2020'
- V e r i l a t i o n   R e p o r t: Verilator 5.051 devel rev vUNKNOWN-built20260906-4906f041d
- Verilator: Built from 0.036 MB sources in 8 modules, into 0.072 MB in 14 C++ files needing 0.000 MB
- Verilator: Walltime 11.152 s (elab=0.002, cvt=0.012, bld=11.125); cpu 0.026 s on 1 threads; allocated 23.000 MB
        obj_vlt/t_process_self_kill_initial-uvm2020/Vt_process_self_kill_initial    > obj_vlt/t_process_self_kill_initial-uvm2020/vlt_sim.log
- t/t_process_self_kill_initial.v:47: Verilog $finish
*-* All Finished *-*
- S i m u l a t i o n   R e p o r t: Verilator 5.051 devel
- Verilator: $finish at 0s; walltime 0.000 s; speed 0.000 s/s
- Verilator: cpu 0.000 s on 1 threads; allocated 6 MB
vlt/t_process_self_kill_initial: Self PASSED
==SUMMARY: Left 16  Passed 11  Failed 0  Running 1  Eta 3:09  Time 1:48
======================================================================
vlt/t_timing_finish: ==================================================
        perl /workspace/scratch/86e4a45a0d74/verilator-uvm-extend/bin/verilator --prefix Vt_timing_finish -cc -Mdir obj_vlt/t_timing_finish-uvm2020 --fdedup --debug-check --comp-limit-members 10 --x-assign unique --binary -f input.vc +define+TEST_OBJ_DIR=obj_vlt/t_timing_finish-uvm2020 +define+TEST_DUMPFILE=obj_vlt/t_timing_finish-uvm2020/simx.vcd t/t_timing_finish.v   > obj_vlt/t_timing_finish-uvm2020/vlt_compile.log
make[1]: Entering directory '/workspace/scratch/86e4a45a0d74/verilator-uvm-extend/test_regress/obj_vlt/t_timing_finish-uvm2020'
g++ -Os  -I. -Wall -Wextra -Wfloat-conversion -Wlogical-op -Werror -MMD -I/workspace/scratch/86e4a45a0d74/verilator-uvm-extend/include -I/workspace/scratch/86e4a45a0d74/verilator-uvm-extend/include/vltstd -DVERILATOR=1 -DVM_COVERAGE=0 -DVM_SC=0 -DVM_TIMING=0 -DVM_TRACE=0 -DVM_TRACE_FST=0 -DVM_TRACE_VCD=0 -DVM_TRACE_SAIF=0 -DVM_VPI=0 -faligned-new -fcf-protection=none -Wno-bool-operation -Wno-int-in-bool-context -Wno-shadow -Wno-sign-compare -Wno-subobject-linkage -Wno-tautological-compare -Wno-uninitialized -Wno-unused-but-set-parameter -Wno-unused-but-set-variable -Wno-unused-parameter -Wno-unused-variable    -DVL_TIME_CONTEXT   -c -o verilated.o /workspace/scratch/86e4a45a0d74/verilator-uvm-extend/include/verilated.cpp
g++ -Os  -I. -Wall -Wextra -Wfloat-conversion -Wlogical-op -Werror -MMD -I/workspace/scratch/86e4a45a0d74/verilator-uvm-extend/include -I/workspace/scratch/86e4a45a0d74/verilator-uvm-extend/include/vltstd -DVERILATOR=1 -DVM_COVERAGE=0 -DVM_SC=0 -DVM_TIMING=0 -DVM_TRACE=0 -DVM_TRACE_FST=0 -DVM_TRACE_VCD=0 -DVM_TRACE_SAIF=0 -DVM_VPI=0 -faligned-new -fcf-protection=none -Wno-bool-operation -Wno-int-in-bool-context -Wno-shadow -Wno-sign-compare -Wno-subobject-linkage -Wno-tautological-compare -Wno-uninitialized -Wno-unused-but-set-parameter -Wno-unused-but-set-variable -Wno-unused-parameter -Wno-unused-variable    -DVL_TIME_CONTEXT   -c -o verilated_threads.o /workspace/scratch/86e4a45a0d74/verilator-uvm-extend/include/verilated_threads.cpp
python3 /workspace/scratch/86e4a45a0d74/verilator-uvm-extend/bin/verilator_includer -DVL_INCLUDE_OPT=include Vt_timing_finish.cpp Vt_timing_finish___024root__0.cpp Vt_timing_finish__main.cpp Vt_timing_finish___024root__Slow.cpp Vt_timing_finish___024root__0__Slow.cpp Vt_timing_finish__Syms__Slow.cpp > Vt_timing_finish__ALL.cpp
g++ -Os  -I. -Wall -Wextra -Wfloat-conversion -Wlogical-op -Werror -MMD -I/workspace/scratch/86e4a45a0d74/verilator-uvm-extend/include -I/workspace/scratch/86e4a45a0d74/verilator-uvm-extend/include/vltstd -DVERILATOR=1 -DVM_COVERAGE=0 -DVM_SC=0 -DVM_TIMING=0 -DVM_TRACE=0 -DVM_TRACE_FST=0 -DVM_TRACE_VCD=0 -DVM_TRACE_SAIF=0 -DVM_VPI=0 -faligned-new -fcf-protection=none -Wno-bool-operation -Wno-int-in-bool-context -Wno-shadow -Wno-sign-compare -Wno-subobject-linkage -Wno-tautological-compare -Wno-uninitialized -Wno-unused-but-set-parameter -Wno-unused-but-set-variable -Wno-unused-parameter -Wno-unused-variable    -DVL_TIME_CONTEXT   -c -o Vt_timing_finish__ALL.o Vt_timing_finish__ALL.cpp
g++    verilated.o verilated_threads.o Vt_timing_finish__ALL.a    -pthread -lpthread -latomic   -o Vt_timing_finish
rm Vt_timing_finish__ALL.verilator_deplist.tmp
make[1]: Leaving directory '/workspace/scratch/86e4a45a0d74/verilator-uvm-extend/test_regress/obj_vlt/t_timing_finish-uvm2020'
- V e r i l a t i o n   R e p o r t: Verilator 5.051 devel rev vUNKNOWN-built20260906-4906f041d
- Verilator: Built from 0.033 MB sources in 2 modules, into 0.014 MB in 6 C++ files needing 0.000 MB
- Verilator: Walltime 5.792 s (elab=0.000, cvt=0.002, bld=5.783); cpu 0.009 s on 1 threads; allocated 22.617 MB
        obj_vlt/t_timing_finish-uvm2020/Vt_timing_finish    > obj_vlt/t_timing_finish-uvm2020/vlt_sim.log
*-* All Finished *-*
- S i m u l a t i o n   R e p o r t: Verilator 5.051 devel
- Verilator: end at 0s; walltime 0.000 s; speed 0.000 s/s
- Verilator: cpu 0.000 s on 1 threads; allocated 6 MB
vlt/t_timing_finish: Self PASSED
==SUMMARY: Left 15  Passed 12  Failed 0  Running 1  Eta 2:51  Time 1:54
======================================================================
vlt/t_finish_stops_nonfinal: ==================================================
        perl /workspace/scratch/86e4a45a0d74/verilator-uvm-extend/bin/verilator --prefix Vt_finish_stops_nonfinal -cc -Mdir obj_vlt/t_finish_stops_nonfinal-uvm2020 --fdedup --debug-check --comp-limit-members 10 --x-assign unique --binary -f input.vc +define+TEST_OBJ_DIR=obj_vlt/t_finish_stops_nonfinal-uvm2020 +define+TEST_DUMPFILE=obj_vlt/t_finish_stops_nonfinal-uvm2020/simx.vcd t/t_finish_stops_nonfinal.v   > obj_vlt/t_finish_stops_nonfinal-uvm2020/vlt_compile.log
make[1]: Entering directory '/workspace/scratch/86e4a45a0d74/verilator-uvm-extend/test_regress/obj_vlt/t_finish_stops_nonfinal-uvm2020'
g++ -Os  -I. -Wall -Wextra -Wfloat-conversion -Wlogical-op -Werror -MMD -I/workspace/scratch/86e4a45a0d74/verilator-uvm-extend/include -I/workspace/scratch/86e4a45a0d74/verilator-uvm-extend/include/vltstd -DVERILATOR=1 -DVM_COVERAGE=0 -DVM_SC=0 -DVM_TIMING=1 -DVM_TRACE=0 -DVM_TRACE_FST=0 -DVM_TRACE_VCD=0 -DVM_TRACE_SAIF=0 -DVM_VPI=0 -faligned-new -fcf-protection=none -Wno-bool-operation -Wno-int-in-bool-context -Wno-shadow -Wno-sign-compare -Wno-subobject-linkage -Wno-tautological-compare -Wno-uninitialized -Wno-unused-but-set-parameter -Wno-unused-but-set-variable -Wno-unused-parameter -Wno-unused-variable    -DVL_TIME_CONTEXT   -fcoroutines -c -o verilated.o /workspace/scratch/86e4a45a0d74/verilator-uvm-extend/include/verilated.cpp
g++ -Os  -I. -Wall -Wextra -Wfloat-conversion -Wlogical-op -Werror -MMD -I/workspace/scratch/86e4a45a0d74/verilator-uvm-extend/include -I/workspace/scratch/86e4a45a0d74/verilator-uvm-extend/include/vltstd -DVERILATOR=1 -DVM_COVERAGE=0 -DVM_SC=0 -DVM_TIMING=1 -DVM_TRACE=0 -DVM_TRACE_FST=0 -DVM_TRACE_VCD=0 -DVM_TRACE_SAIF=0 -DVM_VPI=0 -faligned-new -fcf-protection=none -Wno-bool-operation -Wno-int-in-bool-context -Wno-shadow -Wno-sign-compare -Wno-subobject-linkage -Wno-tautological-compare -Wno-uninitialized -Wno-unused-but-set-parameter -Wno-unused-but-set-variable -Wno-unused-parameter -Wno-unused-variable    -DVL_TIME_CONTEXT   -fcoroutines -c -o verilated_timing.o /workspace/scratch/86e4a45a0d74/verilator-uvm-extend/include/verilated_timing.cpp
g++ -Os  -I. -Wall -Wextra -Wfloat-conversion -Wlogical-op -Werror -MMD -I/workspace/scratch/86e4a45a0d74/verilator-uvm-extend/include -I/workspace/scratch/86e4a45a0d74/verilator-uvm-extend/include/vltstd -DVERILATOR=1 -DVM_COVERAGE=0 -DVM_SC=0 -DVM_TIMING=1 -DVM_TRACE=0 -DVM_TRACE_FST=0 -DVM_TRACE_VCD=0 -DVM_TRACE_SAIF=0 -DVM_VPI=0 -faligned-new -fcf-protection=none -Wno-bool-operation -Wno-int-in-bool-context -Wno-shadow -Wno-sign-compare -Wno-subobject-linkage -Wno-tautological-compare -Wno-uninitialized -Wno-unused-but-set-parameter -Wno-unused-but-set-variable -Wno-unused-parameter -Wno-unused-variable    -DVL_TIME_CONTEXT   -fcoroutines -c -o verilated_threads.o /workspace/scratch/86e4a45a0d74/verilator-uvm-extend/include/verilated_threads.cpp
python3 /workspace/scratch/86e4a45a0d74/verilator-uvm-extend/bin/verilator_includer -DVL_INCLUDE_OPT=include Vt_finish_stops_nonfinal.cpp Vt_finish_stops_nonfinal___024root__0.cpp Vt_finish_stops_nonfinal__main.cpp Vt_finish_stops_nonfinal___024root__Slow.cpp Vt_finish_stops_nonfinal___024root__0__Slow.cpp Vt_finish_stops_nonfinal__Syms__Slow.cpp > Vt_finish_stops_nonfinal__ALL.cpp
g++ -Os  -I. -Wall -Wextra -Wfloat-conversion -Wlogical-op -Werror -MMD -I/workspace/scratch/86e4a45a0d74/verilator-uvm-extend/include -I/workspace/scratch/86e4a45a0d74/verilator-uvm-extend/include/vltstd -DVERILATOR=1 -DVM_COVERAGE=0 -DVM_SC=0 -DVM_TIMING=1 -DVM_TRACE=0 -DVM_TRACE_FST=0 -DVM_TRACE_VCD=0 -DVM_TRACE_SAIF=0 -DVM_VPI=0 -faligned-new -fcf-protection=none -Wno-bool-operation -Wno-int-in-bool-context -Wno-shadow -Wno-sign-compare -Wno-subobject-linkage -Wno-tautological-compare -Wno-uninitialized -Wno-unused-but-set-parameter -Wno-unused-but-set-variable -Wno-unused-parameter -Wno-unused-variable    -DVL_TIME_CONTEXT   -fcoroutines -c -o Vt_finish_stops_nonfinal__ALL.o Vt_finish_stops_nonfinal__ALL.cpp
g++    verilated.o verilated_timing.o verilated_threads.o Vt_finish_stops_nonfinal__ALL.a    -pthread -lpthread -latomic   -o Vt_finish_stops_nonfinal
rm Vt_finish_stops_nonfinal__ALL.verilator_deplist.tmp
make[1]: Leaving directory '/workspace/scratch/86e4a45a0d74/verilator-uvm-extend/test_regress/obj_vlt/t_finish_stops_nonfinal-uvm2020'
- V e r i l a t i o n   R e p o r t: Verilator 5.051 devel rev vUNKNOWN-built20260906-4906f041d
- Verilator: Built from 0.034 MB sources in 2 modules, into 0.027 MB in 6 C++ files needing 0.000 MB
- Verilator: Walltime 8.037 s (elab=0.000, cvt=0.004, bld=8.022); cpu 0.015 s on 1 threads; allocated 22.754 MB
        obj_vlt/t_finish_stops_nonfinal-uvm2020/Vt_finish_stops_nonfinal    > obj_vlt/t_finish_stops_nonfinal-uvm2020/vlt_sim.log
- t/t_finish_stops_nonfinal.v:15: Verilog $finish
- S i m u l a t i o n   R e p o r t: Verilator 5.051 devel
- Verilator: $finish at 19ps; walltime 0.000 s; speed 252.851 ns/s
- Verilator: cpu 0.000 s on 1 threads; allocated 6 MB
vlt/t_finish_stops_nonfinal: Self PASSED
==SUMMARY: Left 14  Passed 13  Failed 0  Running 1  Eta 2:38  Time 2:02
======================================================================
vlt/t_clocking_virtual: ==================================================
        perl /workspace/scratch/86e4a45a0d74/verilator-uvm-extend/bin/verilator --prefix Vt_clocking_virtual -cc -Mdir obj_vlt/t_clocking_virtual-uvm2020 --fdedup --debug-check --comp-limit-members 10 --x-assign unique --binary -f input.vc +define+TEST_OBJ_DIR=obj_vlt/t_clocking_virtual-uvm2020 +define+TEST_DUMPFILE=obj_vlt/t_clocking_virtual-uvm2020/simx.vcd t/t_clocking_virtual.v   > obj_vlt/t_clocking_virtual-uvm2020/vlt_compile.log
make[1]: Entering directory '/workspace/scratch/86e4a45a0d74/verilator-uvm-extend/test_regress/obj_vlt/t_clocking_virtual-uvm2020'
g++ -Os  -I. -Wall -Wextra -Wfloat-conversion -Wlogical-op -Werror -MMD -I/workspace/scratch/86e4a45a0d74/verilator-uvm-extend/include -I/workspace/scratch/86e4a45a0d74/verilator-uvm-extend/include/vltstd -DVERILATOR=1 -DVM_COVERAGE=0 -DVM_SC=0 -DVM_TIMING=1 -DVM_TRACE=0 -DVM_TRACE_FST=0 -DVM_TRACE_VCD=0 -DVM_TRACE_SAIF=0 -DVM_VPI=0 -faligned-new -fcf-protection=none -Wno-bool-operation -Wno-int-in-bool-context -Wno-shadow -Wno-sign-compare -Wno-subobject-linkage -Wno-tautological-compare -Wno-uninitialized -Wno-unused-but-set-parameter -Wno-unused-but-set-variable -Wno-unused-parameter -Wno-unused-variable    -DVL_TIME_CONTEXT   -fcoroutines -c -o verilated.o /workspace/scratch/86e4a45a0d74/verilator-uvm-extend/include/verilated.cpp
g++ -Os  -I. -Wall -Wextra -Wfloat-conversion -Wlogical-op -Werror -MMD -I/workspace/scratch/86e4a45a0d74/verilator-uvm-extend/include -I/workspace/scratch/86e4a45a0d74/verilator-uvm-extend/include/vltstd -DVERILATOR=1 -DVM_COVERAGE=0 -DVM_SC=0 -DVM_TIMING=1 -DVM_TRACE=0 -DVM_TRACE_FST=0 -DVM_TRACE_VCD=0 -DVM_TRACE_SAIF=0 -DVM_VPI=0 -faligned-new -fcf-protection=none -Wno-bool-operation -Wno-int-in-bool-context -Wno-shadow -Wno-sign-compare -Wno-subobject-linkage -Wno-tautological-compare -Wno-uninitialized -Wno-unused-but-set-parameter -Wno-unused-but-set-variable -Wno-unused-parameter -Wno-unused-variable    -DVL_TIME_CONTEXT   -fcoroutines -c -o verilated_timing.o /workspace/scratch/86e4a45a0d74/verilator-uvm-extend/include/verilated_timing.cpp
g++ -Os  -I. -Wall -Wextra -Wfloat-conversion -Wlogical-op -Werror -MMD -I/workspace/scratch/86e4a45a0d74/verilator-uvm-extend/include -I/workspace/scratch/86e4a45a0d74/verilator-uvm-extend/include/vltstd -DVERILATOR=1 -DVM_COVERAGE=0 -DVM_SC=0 -DVM_TIMING=1 -DVM_TRACE=0 -DVM_TRACE_FST=0 -DVM_TRACE_VCD=0 -DVM_TRACE_SAIF=0 -DVM_VPI=0 -faligned-new -fcf-protection=none -Wno-bool-operation -Wno-int-in-bool-context -Wno-shadow -Wno-sign-compare -Wno-subobject-linkage -Wno-tautological-compare -Wno-uninitialized -Wno-unused-but-set-parameter -Wno-unused-but-set-variable -Wno-unused-parameter -Wno-unused-variable    -DVL_TIME_CONTEXT   -fcoroutines -c -o verilated_threads.o /workspace/scratch/86e4a45a0d74/verilator-uvm-extend/include/verilated_threads.cpp
python3 /workspace/scratch/86e4a45a0d74/verilator-uvm-extend/bin/verilator_includer -DVL_INCLUDE_OPT=include Vt_clocking_virtual.cpp Vt_clocking_virtual___024root__0.cpp Vt_clocking_virtual_Iface__0.cpp Vt_clocking_virtual__main.cpp Vt_clocking_virtual___024root__Slow.cpp Vt_clocking_virtual___024root__0__Slow.cpp Vt_clocking_virtual_Iface__Slow.cpp Vt_clocking_virtual_Iface__0__Slow.cpp Vt_clocking_virtual__Syms__Slow.cpp > Vt_clocking_virtual__ALL.cpp
g++ -Os  -I. -Wall -Wextra -Wfloat-conversion -Wlogical-op -Werror -MMD -I/workspace/scratch/86e4a45a0d74/verilator-uvm-extend/include -I/workspace/scratch/86e4a45a0d74/verilator-uvm-extend/include/vltstd -DVERILATOR=1 -DVM_COVERAGE=0 -DVM_SC=0 -DVM_TIMING=1 -DVM_TRACE=0 -DVM_TRACE_FST=0 -DVM_TRACE_VCD=0 -DVM_TRACE_SAIF=0 -DVM_VPI=0 -faligned-new -fcf-protection=none -Wno-bool-operation -Wno-int-in-bool-context -Wno-shadow -Wno-sign-compare -Wno-subobject-linkage -Wno-tautological-compare -Wno-uninitialized -Wno-unused-but-set-parameter -Wno-unused-but-set-variable -Wno-unused-parameter -Wno-unused-variable    -DVL_TIME_CONTEXT   -fcoroutines -c -o Vt_clocking_virtual__ALL.o Vt_clocking_virtual__ALL.cpp
g++    verilated.o verilated_timing.o verilated_threads.o Vt_clocking_virtual__ALL.a    -pthread -lpthread -latomic   -o Vt_clocking_virtual
rm Vt_clocking_virtual__ALL.verilator_deplist.tmp
make[1]: Leaving directory '/workspace/scratch/86e4a45a0d74/verilator-uvm-extend/test_regress/obj_vlt/t_clocking_virtual-uvm2020'
- V e r i l a t i o n   R e p o r t: Verilator 5.051 devel rev vUNKNOWN-built20260906-4906f041d
- Verilator: Built from 0.035 MB sources in 4 modules, into 0.060 MB in 9 C++ files needing 0.000 MB
- Verilator: Walltime 8.310 s (elab=0.001, cvt=0.008, bld=8.291); cpu 0.019 s on 1 threads; allocated 23.137 MB
        obj_vlt/t_clocking_virtual-uvm2020/Vt_clocking_virtual    > obj_vlt/t_clocking_virtual-uvm2020/vlt_sim.log
*-* All Finished *-*
- t/t_clocking_virtual.v:42: Verilog $finish
- S i m u l a t i o n   R e p o r t: Verilator 5.051 devel
- Verilator: $finish at 35ps; walltime 0.000 s; speed 454.333 ns/s
- Verilator: cpu 0.000 s on 1 threads; allocated 6 MB
vlt/t_clocking_virtual: Self PASSED
==SUMMARY: Left 13  Passed 14  Failed 0  Running 1  Eta 2:26  Time 2:11
======================================================================
vlt/t_class_param_static_identity: ==================================================
        perl /workspace/scratch/86e4a45a0d74/verilator-uvm-extend/bin/verilator --prefix Vt_class_param_static_identity -cc -Mdir obj_vlt/t_class_param_static_identity-uvm2020 --fdedup --debug-check --comp-limit-members 10 --x-assign unique --binary -Wall -f input.vc +define+TEST_OBJ_DIR=obj_vlt/t_class_param_static_identity-uvm2020 +define+TEST_DUMPFILE=obj_vlt/t_class_param_static_identity-uvm2020/simx.vcd t/t_class_param_static_identity.v   > obj_vlt/t_class_param_static_identity-uvm2020/vlt_compile.log
make[1]: Entering directory '/workspace/scratch/86e4a45a0d74/verilator-uvm-extend/test_regress/obj_vlt/t_class_param_static_identity-uvm2020'
g++ -Os  -I. -Wall -Wextra -Wfloat-conversion -Wlogical-op -Werror -MMD -I/workspace/scratch/86e4a45a0d74/verilator-uvm-extend/include -I/workspace/scratch/86e4a45a0d74/verilator-uvm-extend/include/vltstd -DVERILATOR=1 -DVM_COVERAGE=0 -DVM_SC=0 -DVM_TIMING=0 -DVM_TRACE=0 -DVM_TRACE_FST=0 -DVM_TRACE_VCD=0 -DVM_TRACE_SAIF=0 -DVM_VPI=0 -faligned-new -fcf-protection=none -Wno-bool-operation -Wno-int-in-bool-context -Wno-shadow -Wno-sign-compare -Wno-subobject-linkage -Wno-tautological-compare -Wno-uninitialized -Wno-unused-but-set-parameter -Wno-unused-but-set-variable -Wno-unused-parameter -Wno-unused-variable    -DVL_TIME_CONTEXT   -c -o verilated.o /workspace/scratch/86e4a45a0d74/verilator-uvm-extend/include/verilated.cpp
g++ -Os  -I. -Wall -Wextra -Wfloat-conversion -Wlogical-op -Werror -MMD -I/workspace/scratch/86e4a45a0d74/verilator-uvm-extend/include -I/workspace/scratch/86e4a45a0d74/verilator-uvm-extend/include/vltstd -DVERILATOR=1 -DVM_COVERAGE=0 -DVM_SC=0 -DVM_TIMING=0 -DVM_TRACE=0 -DVM_TRACE_FST=0 -DVM_TRACE_VCD=0 -DVM_TRACE_SAIF=0 -DVM_VPI=0 -faligned-new -fcf-protection=none -Wno-bool-operation -Wno-int-in-bool-context -Wno-shadow -Wno-sign-compare -Wno-subobject-linkage -Wno-tautological-compare -Wno-uninitialized -Wno-unused-but-set-parameter -Wno-unused-but-set-variable -Wno-unused-parameter -Wno-unused-variable    -DVL_TIME_CONTEXT   -c -o verilated_threads.o /workspace/scratch/86e4a45a0d74/verilator-uvm-extend/include/verilated_threads.cpp
python3 /workspace/scratch/86e4a45a0d74/verilator-uvm-extend/bin/verilator_includer -DVL_INCLUDE_OPT=include Vt_class_param_static_identity.cpp Vt_class_param_static_identity___024root__0.cpp Vt_class_param_static_identity_t__03a__03ainit_box__Vclpkg__0.cpp Vt_class_param_static_identity_t__03a__03aidentity_box__Pb__Vclpkg__0.cpp Vt_class_param_static_identity_t__03a__03aidentity_box__P17__Vclpkg__0.cpp Vt_class_param_static_identity__main.cpp Vt_class_param_static_identity___024root__Slow.cpp Vt_class_param_static_identity___024root__0__Slow.cpp Vt_class_param_static_identity_t__Slow.cpp Vt_class_param_static_identity_t__0__Slow.cpp Vt_class_param_static_identity_t__03a__03ainit_box__Vclpkg__Slow.cpp Vt_class_param_static_identity_t__03a__03ainit_box__Vclpkg__0__Slow.cpp Vt_class_param_static_identity_t__03a__03aidentity_box__Pb__Vclpkg__Slow.cpp Vt_class_param_static_identity_t__03a__03aidentity_box__Pb__Vclpkg__0__Slow.cpp Vt_class_param_static_identity_t__03a__03aidentity_box__P17__Vclpkg__Slow.cpp Vt_class_param_static_identity_t__03a__03aidentity_box__P17__Vclpkg__0__Slow.cpp Vt_class_param_static_identity__Syms__Slow.cpp > Vt_class_param_static_identity__ALL.cpp
g++ -Os  -I. -Wall -Wextra -Wfloat-conversion -Wlogical-op -Werror -MMD -I/workspace/scratch/86e4a45a0d74/verilator-uvm-extend/include -I/workspace/scratch/86e4a45a0d74/verilator-uvm-extend/include/vltstd -DVERILATOR=1 -DVM_COVERAGE=0 -DVM_SC=0 -DVM_TIMING=0 -DVM_TRACE=0 -DVM_TRACE_FST=0 -DVM_TRACE_VCD=0 -DVM_TRACE_SAIF=0 -DVM_VPI=0 -faligned-new -fcf-protection=none -Wno-bool-operation -Wno-int-in-bool-context -Wno-shadow -Wno-sign-compare -Wno-subobject-linkage -Wno-tautological-compare -Wno-uninitialized -Wno-unused-but-set-parameter -Wno-unused-but-set-variable -Wno-unused-parameter -Wno-unused-variable    -DVL_TIME_CONTEXT   -c -o Vt_class_param_static_identity__ALL.o Vt_class_param_static_identity__ALL.cpp
g++    verilated.o verilated_threads.o Vt_class_param_static_identity__ALL.a    -pthread -lpthread -latomic   -o Vt_class_param_static_identity
rm Vt_class_param_static_identity__ALL.verilator_deplist.tmp
make[1]: Leaving directory '/workspace/scratch/86e4a45a0d74/verilator-uvm-extend/test_regress/obj_vlt/t_class_param_static_identity-uvm2020'
- V e r i l a t i o n   R e p o r t: Verilator 5.051 devel rev vUNKNOWN-built20260906-4906f041d
- Verilator: Built from 0.037 MB sources in 4 modules, into 0.042 MB in 17 C++ files needing 0.000 MB
- Verilator: Walltime 5.603 s (elab=0.001, cvt=0.004, bld=5.590); cpu 0.013 s on 1 threads; allocated 22.738 MB
        obj_vlt/t_class_param_static_identity-uvm2020/Vt_class_param_static_identity    > obj_vlt/t_class_param_static_identity-uvm2020/vlt_sim.log
*-* CLASS PARAM STATIC IDENTITY PASSED *-*
- t/t_class_param_static_identity.v:87: Verilog $finish
- S i m u l a t i o n   R e p o r t: Verilator 5.051 devel
- Verilator: $finish at 0s; walltime 0.000 s; speed 0.000 s/s
- Verilator: cpu 0.000 s on 1 threads; allocated 6 MB
vlt/t_class_param_static_identity: Self PASSED
==SUMMARY: Left 12  Passed 15  Failed 0  Running 1  Eta 2:11  Time 2:17
======================================================================
vlt/t_class_member_sel_used: ==================================================
        perl /workspace/scratch/86e4a45a0d74/verilator-uvm-extend/bin/verilator --prefix Vt_class_member_sel_used -cc -Mdir obj_vlt/t_class_member_sel_used-uvm2020 --fdedup --debug-check --comp-limit-members 10 --x-assign unique --binary -Wall -f input.vc +define+TEST_OBJ_DIR=obj_vlt/t_class_member_sel_used-uvm2020 +define+TEST_DUMPFILE=obj_vlt/t_class_member_sel_used-uvm2020/simx.vcd t/t_class_member_sel_used.v   > obj_vlt/t_class_member_sel_used-uvm2020/vlt_compile.log
make[1]: Entering directory '/workspace/scratch/86e4a45a0d74/verilator-uvm-extend/test_regress/obj_vlt/t_class_member_sel_used-uvm2020'
g++ -Os  -I. -Wall -Wextra -Wfloat-conversion -Wlogical-op -Werror -MMD -I/workspace/scratch/86e4a45a0d74/verilator-uvm-extend/include -I/workspace/scratch/86e4a45a0d74/verilator-uvm-extend/include/vltstd -DVERILATOR=1 -DVM_COVERAGE=0 -DVM_SC=0 -DVM_TIMING=0 -DVM_TRACE=0 -DVM_TRACE_FST=0 -DVM_TRACE_VCD=0 -DVM_TRACE_SAIF=0 -DVM_VPI=0 -faligned-new -fcf-protection=none -Wno-bool-operation -Wno-int-in-bool-context -Wno-shadow -Wno-sign-compare -Wno-subobject-linkage -Wno-tautological-compare -Wno-uninitialized -Wno-unused-but-set-parameter -Wno-unused-but-set-variable -Wno-unused-parameter -Wno-unused-variable    -DVL_TIME_CONTEXT   -c -o verilated.o /workspace/scratch/86e4a45a0d74/verilator-uvm-extend/include/verilated.cpp
g++ -Os  -I. -Wall -Wextra -Wfloat-conversion -Wlogical-op -Werror -MMD -I/workspace/scratch/86e4a45a0d74/verilator-uvm-extend/include -I/workspace/scratch/86e4a45a0d74/verilator-uvm-extend/include/vltstd -DVERILATOR=1 -DVM_COVERAGE=0 -DVM_SC=0 -DVM_TIMING=0 -DVM_TRACE=0 -DVM_TRACE_FST=0 -DVM_TRACE_VCD=0 -DVM_TRACE_SAIF=0 -DVM_VPI=0 -faligned-new -fcf-protection=none -Wno-bool-operation -Wno-int-in-bool-context -Wno-shadow -Wno-sign-compare -Wno-subobject-linkage -Wno-tautological-compare -Wno-uninitialized -Wno-unused-but-set-parameter -Wno-unused-but-set-variable -Wno-unused-parameter -Wno-unused-variable    -DVL_TIME_CONTEXT   -c -o verilated_threads.o /workspace/scratch/86e4a45a0d74/verilator-uvm-extend/include/verilated_threads.cpp
python3 /workspace/scratch/86e4a45a0d74/verilator-uvm-extend/bin/verilator_includer -DVL_INCLUDE_OPT=include Vt_class_member_sel_used.cpp Vt_class_member_sel_used___024root__0.cpp Vt_class_member_sel_used_t__03a__03amember_box__Vclpkg__0.cpp Vt_class_member_sel_used__main.cpp Vt_class_member_sel_used___024root__Slow.cpp Vt_class_member_sel_used___024root__0__Slow.cpp Vt_class_member_sel_used_t__Slow.cpp Vt_class_member_sel_used_t__0__Slow.cpp Vt_class_member_sel_used_t__03a__03amember_box__Vclpkg__Slow.cpp Vt_class_member_sel_used__Syms__Slow.cpp > Vt_class_member_sel_used__ALL.cpp
g++ -Os  -I. -Wall -Wextra -Wfloat-conversion -Wlogical-op -Werror -MMD -I/workspace/scratch/86e4a45a0d74/verilator-uvm-extend/include -I/workspace/scratch/86e4a45a0d74/verilator-uvm-extend/include/vltstd -DVERILATOR=1 -DVM_COVERAGE=0 -DVM_SC=0 -DVM_TIMING=0 -DVM_TRACE=0 -DVM_TRACE_FST=0 -DVM_TRACE_VCD=0 -DVM_TRACE_SAIF=0 -DVM_VPI=0 -faligned-new -fcf-protection=none -Wno-bool-operation -Wno-int-in-bool-context -Wno-shadow -Wno-sign-compare -Wno-subobject-linkage -Wno-tautological-compare -Wno-uninitialized -Wno-unused-but-set-parameter -Wno-unused-but-set-variable -Wno-unused-parameter -Wno-unused-variable    -DVL_TIME_CONTEXT   -c -o Vt_class_member_sel_used__ALL.o Vt_class_member_sel_used__ALL.cpp
g++    verilated.o verilated_threads.o Vt_class_member_sel_used__ALL.a    -pthread -lpthread -latomic   -o Vt_class_member_sel_used
rm Vt_class_member_sel_used__ALL.verilator_deplist.tmp
make[1]: Leaving directory '/workspace/scratch/86e4a45a0d74/verilator-uvm-extend/test_regress/obj_vlt/t_class_member_sel_used-uvm2020'
- V e r i l a t i o n   R e p o r t: Verilator 5.051 devel rev vUNKNOWN-built20260906-4906f041d
- Verilator: Built from 0.035 MB sources in 3 modules, into 0.025 MB in 10 C++ files needing 0.000 MB
- Verilator: Walltime 5.669 s (elab=0.001, cvt=0.003, bld=5.657); cpu 0.012 s on 1 threads; allocated 22.789 MB
        obj_vlt/t_class_member_sel_used-uvm2020/Vt_class_member_sel_used    > obj_vlt/t_class_member_sel_used-uvm2020/vlt_sim.log
*-* CLASS MEMBER SELECT USAGE PASSED *-*
- t/t_class_member_sel_used.v:51: Verilog $finish
- S i m u l a t i o n   R e p o r t: Verilator 5.051 devel
- Verilator: $finish at 0s; walltime 0.000 s; speed 0.000 s/s
- Verilator: cpu 0.000 s on 1 threads; allocated 6 MB
vlt/t_class_member_sel_used: Self PASSED
==SUMMARY: Left 11  Passed 16  Failed 0  Running 1  Eta 1:57  Time 2:22
==SUMMARY: Left 11  Passed 16  Failed 0  Running 1  Eta 2:10  Time 2:37
==STILL RUNNING:  t/t_uvm_core_factory_basic.py
==SUMMARY: Left 11  Passed 16  Failed 0  Running 1  Eta 2:22  Time 2:52
==STILL RUNNING:  t/t_uvm_core_factory_basic.py
==SUMMARY: Left 11  Passed 16  Failed 0  Running 1  Eta 2:35  Time 3:07
==STILL RUNNING:  t/t_uvm_core_factory_basic.py
==SUMMARY: Left 11  Passed 16  Failed 0  Running 1  Eta 2:47  Time 3:22
==STILL RUNNING:  t/t_uvm_core_factory_basic.py
==SUMMARY: Left 11  Passed 16  Failed 0  Running 1  Eta 2:59  Time 3:37
==STILL RUNNING:  t/t_uvm_core_factory_basic.py
======================================================================
vlt/t_uvm_core_factory_basic: ==================================================
        perl /workspace/scratch/86e4a45a0d74/verilator-uvm-extend/bin/verilator --prefix Vt_uvm_core_factory_basic -cc -Mdir obj_vlt/t_uvm_core_factory_basic-uvm2020 --fdedup --debug-check --comp-limit-members 10 --x-assign unique -f input.vc +define+TEST_OBJ_DIR=obj_vlt/t_uvm_core_factory_basic-uvm2020 +define+TEST_DUMPFILE=obj_vlt/t_uvm_core_factory_basic-uvm2020/simx.vcd --binary --build-jobs 1 --output-groups 6 --CFLAGS -O0 -Wall +incdir+t/uvm t/uvm/uvm_pkg_all_v2020_3_1_nodpi.svh t/t_uvm_core_factory_basic.v   > obj_vlt/t_uvm_core_factory_basic-uvm2020/vlt_compile.log
make[1]: Entering directory '/workspace/scratch/86e4a45a0d74/verilator-uvm-extend/test_regress/obj_vlt/t_uvm_core_factory_basic-uvm2020'
g++ -Os  -I. -Wall -Wextra -Wfloat-conversion -Wlogical-op -Werror -MMD -I/workspace/scratch/86e4a45a0d74/verilator-uvm-extend/include -I/workspace/scratch/86e4a45a0d74/verilator-uvm-extend/include/vltstd -DVERILATOR=1 -DVM_COVERAGE=0 -DVM_SC=0 -DVM_TIMING=1 -DVM_TRACE=0 -DVM_TRACE_FST=0 -DVM_TRACE_VCD=0 -DVM_TRACE_SAIF=0 -DVM_VPI=0 -faligned-new -fcf-protection=none -Wno-bool-operation -Wno-int-in-bool-context -Wno-shadow -Wno-sign-compare -Wno-subobject-linkage -Wno-tautological-compare -Wno-uninitialized -Wno-unused-but-set-parameter -Wno-unused-but-set-variable -Wno-unused-parameter -Wno-unused-variable    -O0 -DVL_TIME_CONTEXT   -fcoroutines -c -o verilated.o /workspace/scratch/86e4a45a0d74/verilator-uvm-extend/include/verilated.cpp
g++ -Os  -I. -Wall -Wextra -Wfloat-conversion -Wlogical-op -Werror -MMD -I/workspace/scratch/86e4a45a0d74/verilator-uvm-extend/include -I/workspace/scratch/86e4a45a0d74/verilator-uvm-extend/include/vltstd -DVERILATOR=1 -DVM_COVERAGE=0 -DVM_SC=0 -DVM_TIMING=1 -DVM_TRACE=0 -DVM_TRACE_FST=0 -DVM_TRACE_VCD=0 -DVM_TRACE_SAIF=0 -DVM_VPI=0 -faligned-new -fcf-protection=none -Wno-bool-operation -Wno-int-in-bool-context -Wno-shadow -Wno-sign-compare -Wno-subobject-linkage -Wno-tautological-compare -Wno-uninitialized -Wno-unused-but-set-parameter -Wno-unused-but-set-variable -Wno-unused-parameter -Wno-unused-variable    -O0 -DVL_TIME_CONTEXT   -fcoroutines -c -o verilated_dpi.o /workspace/scratch/86e4a45a0d74/verilator-uvm-extend/include/verilated_dpi.cpp
g++ -Os  -I. -Wall -Wextra -Wfloat-conversion -Wlogical-op -Werror -MMD -I/workspace/scratch/86e4a45a0d74/verilator-uvm-extend/include -I/workspace/scratch/86e4a45a0d74/verilator-uvm-extend/include/vltstd -DVERILATOR=1 -DVM_COVERAGE=0 -DVM_SC=0 -DVM_TIMING=1 -DVM_TRACE=0 -DVM_TRACE_FST=0 -DVM_TRACE_VCD=0 -DVM_TRACE_SAIF=0 -DVM_VPI=0 -faligned-new -fcf-protection=none -Wno-bool-operation -Wno-int-in-bool-context -Wno-shadow -Wno-sign-compare -Wno-subobject-linkage -Wno-tautological-compare -Wno-uninitialized -Wno-unused-but-set-parameter -Wno-unused-but-set-variable -Wno-unused-parameter -Wno-unused-variable    -O0 -DVL_TIME_CONTEXT   -fcoroutines -c -o verilated_timing.o /workspace/scratch/86e4a45a0d74/verilator-uvm-extend/include/verilated_timing.cpp
g++ -Os  -I. -Wall -Wextra -Wfloat-conversion -Wlogical-op -Werror -MMD -I/workspace/scratch/86e4a45a0d74/verilator-uvm-extend/include -I/workspace/scratch/86e4a45a0d74/verilator-uvm-extend/include/vltstd -DVERILATOR=1 -DVM_COVERAGE=0 -DVM_SC=0 -DVM_TIMING=1 -DVM_TRACE=0 -DVM_TRACE_FST=0 -DVM_TRACE_VCD=0 -DVM_TRACE_SAIF=0 -DVM_VPI=0 -faligned-new -fcf-protection=none -Wno-bool-operation -Wno-int-in-bool-context -Wno-shadow -Wno-sign-compare -Wno-subobject-linkage -Wno-tautological-compare -Wno-uninitialized -Wno-unused-but-set-parameter -Wno-unused-but-set-variable -Wno-unused-parameter -Wno-unused-variable    -O0 -DVL_TIME_CONTEXT   -fcoroutines -c -o verilated_random.o /workspace/scratch/86e4a45a0d74/verilator-uvm-extend/include/verilated_random.cpp
g++ -Os  -I. -Wall -Wextra -Wfloat-conversion -Wlogical-op -Werror -MMD -I/workspace/scratch/86e4a45a0d74/verilator-uvm-extend/include -I/workspace/scratch/86e4a45a0d74/verilator-uvm-extend/include/vltstd -DVERILATOR=1 -DVM_COVERAGE=0 -DVM_SC=0 -DVM_TIMING=1 -DVM_TRACE=0 -DVM_TRACE_FST=0 -DVM_TRACE_VCD=0 -DVM_TRACE_SAIF=0 -DVM_VPI=0 -faligned-new -fcf-protection=none -Wno-bool-operation -Wno-int-in-bool-context -Wno-shadow -Wno-sign-compare -Wno-subobject-linkage -Wno-tautological-compare -Wno-uninitialized -Wno-unused-but-set-parameter -Wno-unused-but-set-variable -Wno-unused-parameter -Wno-unused-variable    -O0 -DVL_TIME_CONTEXT   -fcoroutines -c -o verilated_threads.o /workspace/scratch/86e4a45a0d74/verilator-uvm-extend/include/verilated_threads.cpp
g++ -Os  -I. -Wall -Wextra -Wfloat-conversion -Wlogical-op -Werror -MMD -I/workspace/scratch/86e4a45a0d74/verilator-uvm-extend/include -I/workspace/scratch/86e4a45a0d74/verilator-uvm-extend/include/vltstd -DVERILATOR=1 -DVM_COVERAGE=0 -DVM_SC=0 -DVM_TIMING=1 -DVM_TRACE=0 -DVM_TRACE_FST=0 -DVM_TRACE_VCD=0 -DVM_TRACE_SAIF=0 -DVM_VPI=0 -faligned-new -fcf-protection=none -Wno-bool-operation -Wno-int-in-bool-context -Wno-shadow -Wno-sign-compare -Wno-subobject-linkage -Wno-tautological-compare -Wno-uninitialized -Wno-unused-but-set-parameter -Wno-unused-but-set-variable -Wno-unused-parameter -Wno-unused-variable    -O0 -DVL_TIME_CONTEXT   -fcoroutines -x c++-header Vt_uvm_core_factory_basic__pch.h -o Vt_uvm_core_factory_basic__pch.h.fast.gch
g++ -Os  -I. -Wall -Wextra -Wfloat-conversion -Wlogical-op -Werror -MMD -I/workspace/scratch/86e4a45a0d74/verilator-uvm-extend/include -I/workspace/scratch/86e4a45a0d74/verilator-uvm-extend/include/vltstd -DVERILATOR=1 -DVM_COVERAGE=0 -DVM_SC=0 -DVM_TIMING=1 -DVM_TRACE=0 -DVM_TRACE_FST=0 -DVM_TRACE_VCD=0 -DVM_TRACE_SAIF=0 -DVM_VPI=0 -faligned-new -fcf-protection=none -Wno-bool-operation -Wno-int-in-bool-context -Wno-shadow -Wno-sign-compare -Wno-subobject-linkage -Wno-tautological-compare -Wno-uninitialized -Wno-unused-but-set-parameter -Wno-unused-but-set-variable -Wno-unused-parameter -Wno-unused-variable    -O0 -DVL_TIME_CONTEXT   -fcoroutines -include Vt_uvm_core_factory_basic__pch.h.fast -c Vt_uvm_core_factory_basic_vm_classes_0.cpp
g++ -Os  -I. -Wall -Wextra -Wfloat-conversion -Wlogical-op -Werror -MMD -I/workspace/scratch/86e4a45a0d74/verilator-uvm-extend/include -I/workspace/scratch/86e4a45a0d74/verilator-uvm-extend/include/vltstd -DVERILATOR=1 -DVM_COVERAGE=0 -DVM_SC=0 -DVM_TIMING=1 -DVM_TRACE=0 -DVM_TRACE_FST=0 -DVM_TRACE_VCD=0 -DVM_TRACE_SAIF=0 -DVM_VPI=0 -faligned-new -fcf-protection=none -Wno-bool-operation -Wno-int-in-bool-context -Wno-shadow -Wno-sign-compare -Wno-subobject-linkage -Wno-tautological-compare -Wno-uninitialized -Wno-unused-but-set-parameter -Wno-unused-but-set-variable -Wno-unused-parameter -Wno-unused-variable    -O0 -DVL_TIME_CONTEXT   -fcoroutines -include Vt_uvm_core_factory_basic__pch.h.fast -c Vt_uvm_core_factory_basic_vm_classes_1.cpp
g++ -Os  -I. -Wall -Wextra -Wfloat-conversion -Wlogical-op -Werror -MMD -I/workspace/scratch/86e4a45a0d74/verilator-uvm-extend/include -I/workspace/scratch/86e4a45a0d74/verilator-uvm-extend/include/vltstd -DVERILATOR=1 -DVM_COVERAGE=0 -DVM_SC=0 -DVM_TIMING=1 -DVM_TRACE=0 -DVM_TRACE_FST=0 -DVM_TRACE_VCD=0 -DVM_TRACE_SAIF=0 -DVM_VPI=0 -faligned-new -fcf-protection=none -Wno-bool-operation -Wno-int-in-bool-context -Wno-shadow -Wno-sign-compare -Wno-subobject-linkage -Wno-tautological-compare -Wno-uninitialized -Wno-unused-but-set-parameter -Wno-unused-but-set-variable -Wno-unused-parameter -Wno-unused-variable    -O0 -DVL_TIME_CONTEXT   -fcoroutines -include Vt_uvm_core_factory_basic__pch.h.fast -c Vt_uvm_core_factory_basic_vm_classes_2.cpp
g++ -Os  -I. -Wall -Wextra -Wfloat-conversion -Wlogical-op -Werror -MMD -I/workspace/scratch/86e4a45a0d74/verilator-uvm-extend/include -I/workspace/scratch/86e4a45a0d74/verilator-uvm-extend/include/vltstd -DVERILATOR=1 -DVM_COVERAGE=0 -DVM_SC=0 -DVM_TIMING=1 -DVM_TRACE=0 -DVM_TRACE_FST=0 -DVM_TRACE_VCD=0 -DVM_TRACE_SAIF=0 -DVM_VPI=0 -faligned-new -fcf-protection=none -Wno-bool-operation -Wno-int-in-bool-context -Wno-shadow -Wno-sign-compare -Wno-subobject-linkage -Wno-tautological-compare -Wno-uninitialized -Wno-unused-but-set-parameter -Wno-unused-but-set-variable -Wno-unused-parameter -Wno-unused-variable    -O0 -DVL_TIME_CONTEXT   -fcoroutines -include Vt_uvm_core_factory_basic__pch.h.fast -c Vt_uvm_core_factory_basic_vm_classes_3.cpp
==SUMMARY: Left 11  Passed 16  Failed 0  Running 1  Eta 3:12  Time 3:52
==STILL RUNNING:  t/t_uvm_core_factory_basic.py
==SUMMARY: Left 11  Passed 16  Failed 0  Running 1  Eta 3:24  Time 4:08
==STILL RUNNING:  t/t_uvm_core_factory_basic.py
==SUMMARY: Left 11  Passed 16  Failed 0  Running 1  Eta 3:37  Time 4:23
==SUMMARY: Left 11  Passed 16  Failed 0  Running 1  Eta 3:49  Time 4:38
==STILL RUNNING:  t/t_uvm_core_factory_basic.py
==SUMMARY: Left 11  Passed 16  Failed 0  Running 1  Eta 4:01  Time 4:53
==STILL RUNNING:  t/t_uvm_core_factory_basic.py
g++ -Os  -I. -Wall -Wextra -Wfloat-conversion -Wlogical-op -Werror -MMD -I/workspace/scratch/86e4a45a0d74/verilator-uvm-extend/include -I/workspace/scratch/86e4a45a0d74/verilator-uvm-extend/include/vltstd -DVERILATOR=1 -DVM_COVERAGE=0 -DVM_SC=0 -DVM_TIMING=1 -DVM_TRACE=0 -DVM_TRACE_FST=0 -DVM_TRACE_VCD=0 -DVM_TRACE_SAIF=0 -DVM_VPI=0 -faligned-new -fcf-protection=none -Wno-bool-operation -Wno-int-in-bool-context -Wno-shadow -Wno-sign-compare -Wno-subobject-linkage -Wno-tautological-compare -Wno-uninitialized -Wno-unused-but-set-parameter -Wno-unused-but-set-variable -Wno-unused-parameter -Wno-unused-variable    -O0 -DVL_TIME_CONTEXT   -fcoroutines -include Vt_uvm_core_factory_basic__pch.h.fast -c Vt_uvm_core_factory_basic_vm_classes_4.cpp
g++ -Os  -I. -Wall -Wextra -Wfloat-conversion -Wlogical-op -Werror -MMD -I/workspace/scratch/86e4a45a0d74/verilator-uvm-extend/include -I/workspace/scratch/86e4a45a0d74/verilator-uvm-extend/include/vltstd -DVERILATOR=1 -DVM_COVERAGE=0 -DVM_SC=0 -DVM_TIMING=1 -DVM_TRACE=0 -DVM_TRACE_FST=0 -DVM_TRACE_VCD=0 -DVM_TRACE_SAIF=0 -DVM_VPI=0 -faligned-new -fcf-protection=none -Wno-bool-operation -Wno-int-in-bool-context -Wno-shadow -Wno-sign-compare -Wno-subobject-linkage -Wno-tautological-compare -Wno-uninitialized -Wno-unused-but-set-parameter -Wno-unused-but-set-variable -Wno-unused-parameter -Wno-unused-variable    -O0 -DVL_TIME_CONTEXT   -fcoroutines -include Vt_uvm_core_factory_basic__pch.h.fast -c Vt_uvm_core_factory_basic_vm_classes_5.cpp
g++ -Os  -I. -Wall -Wextra -Wfloat-conversion -Wlogical-op -Werror -MMD -I/workspace/scratch/86e4a45a0d74/verilator-uvm-extend/include -I/workspace/scratch/86e4a45a0d74/verilator-uvm-extend/include/vltstd -DVERILATOR=1 -DVM_COVERAGE=0 -DVM_SC=0 -DVM_TIMING=1 -DVM_TRACE=0 -DVM_TRACE_FST=0 -DVM_TRACE_VCD=0 -DVM_TRACE_SAIF=0 -DVM_VPI=0 -faligned-new -fcf-protection=none -Wno-bool-operation -Wno-int-in-bool-context -Wno-shadow -Wno-sign-compare -Wno-subobject-linkage -Wno-tautological-compare -Wno-uninitialized -Wno-unused-but-set-parameter -Wno-unused-but-set-variable -Wno-unused-parameter -Wno-unused-variable    -O0 -DVL_TIME_CONTEXT   -fcoroutines -include Vt_uvm_core_factory_basic__pch.h.fast -c Vt_uvm_core_factory_basic__Dpi.cpp
g++   -I. -Wall -Wextra -Wfloat-conversion -Wlogical-op -Werror -MMD -I/workspace/scratch/86e4a45a0d74/verilator-uvm-extend/include -I/workspace/scratch/86e4a45a0d74/verilator-uvm-extend/include/vltstd -DVERILATOR=1 -DVM_COVERAGE=0 -DVM_SC=0 -DVM_TIMING=1 -DVM_TRACE=0 -DVM_TRACE_FST=0 -DVM_TRACE_VCD=0 -DVM_TRACE_SAIF=0 -DVM_VPI=0 -faligned-new -fcf-protection=none -Wno-bool-operation -Wno-int-in-bool-context -Wno-shadow -Wno-sign-compare -Wno-subobject-linkage -Wno-tautological-compare -Wno-uninitialized -Wno-unused-but-set-parameter -Wno-unused-but-set-variable -Wno-unused-parameter -Wno-unused-variable    -O0 -DVL_TIME_CONTEXT   -fcoroutines -x c++-header Vt_uvm_core_factory_basic__pch.h -o Vt_uvm_core_factory_basic__pch.h.slow.gch
g++   -I. -Wall -Wextra -Wfloat-conversion -Wlogical-op -Werror -MMD -I/workspace/scratch/86e4a45a0d74/verilator-uvm-extend/include -I/workspace/scratch/86e4a45a0d74/verilator-uvm-extend/include/vltstd -DVERILATOR=1 -DVM_COVERAGE=0 -DVM_SC=0 -DVM_TIMING=1 -DVM_TRACE=0 -DVM_TRACE_FST=0 -DVM_TRACE_VCD=0 -DVM_TRACE_SAIF=0 -DVM_VPI=0 -faligned-new -fcf-protection=none -Wno-bool-operation -Wno-int-in-bool-context -Wno-shadow -Wno-sign-compare -Wno-subobject-linkage -Wno-tautological-compare -Wno-uninitialized -Wno-unused-but-set-parameter -Wno-unused-but-set-variable -Wno-unused-parameter -Wno-unused-variable    -O0 -DVL_TIME_CONTEXT   -fcoroutines -include Vt_uvm_core_factory_basic__pch.h.slow -c Vt_uvm_core_factory_basic__ConstPool__0__Slow.cpp
g++   -I. -Wall -Wextra -Wfloat-conversion -Wlogical-op -Werror -MMD -I/workspace/scratch/86e4a45a0d74/verilator-uvm-extend/include -I/workspace/scratch/86e4a45a0d74/verilator-uvm-extend/include/vltstd -DVERILATOR=1 -DVM_COVERAGE=0 -DVM_SC=0 -DVM_TIMING=1 -DVM_TRACE=0 -DVM_TRACE_FST=0 -DVM_TRACE_VCD=0 -DVM_TRACE_SAIF=0 -DVM_VPI=0 -faligned-new -fcf-protection=none -Wno-bool-operation -Wno-int-in-bool-context -Wno-shadow -Wno-sign-compare -Wno-subobject-linkage -Wno-tautological-compare -Wno-uninitialized -Wno-unused-but-set-parameter -Wno-unused-but-set-variable -Wno-unused-parameter -Wno-unused-variable    -O0 -DVL_TIME_CONTEXT   -fcoroutines -include Vt_uvm_core_factory_basic__pch.h.slow -c Vt_uvm_core_factory_basic___024root__Slow.cpp
g++   -I. -Wall -Wextra -Wfloat-conversion -Wlogical-op -Werror -MMD -I/workspace/scratch/86e4a45a0d74/verilator-uvm-extend/include -I/workspace/scratch/86e4a45a0d74/verilator-uvm-extend/include/vltstd -DVERILATOR=1 -DVM_COVERAGE=0 -DVM_SC=0 -DVM_TIMING=1 -DVM_TRACE=0 -DVM_TRACE_FST=0 -DVM_TRACE_VCD=0 -DVM_TRACE_SAIF=0 -DVM_VPI=0 -faligned-new -fcf-protection=none -Wno-bool-operation -Wno-int-in-bool-context -Wno-shadow -Wno-sign-compare -Wno-subobject-linkage -Wno-tautological-compare -Wno-uninitialized -Wno-unused-but-set-parameter -Wno-unused-but-set-variable -Wno-unused-parameter -Wno-unused-variable    -O0 -DVL_TIME_CONTEXT   -fcoroutines -include Vt_uvm_core_factory_basic__pch.h.slow -c Vt_uvm_core_factory_basic___024root__0__Slow.cpp
g++   -I. -Wall -Wextra -Wfloat-conversion -Wlogical-op -Werror -MMD -I/workspace/scratch/86e4a45a0d74/verilator-uvm-extend/include -I/workspace/scratch/86e4a45a0d74/verilator-uvm-extend/include/vltstd -DVERILATOR=1 -DVM_COVERAGE=0 -DVM_SC=0 -DVM_TIMING=1 -DVM_TRACE=0 -DVM_TRACE_FST=0 -DVM_TRACE_VCD=0 -DVM_TRACE_SAIF=0 -DVM_VPI=0 -faligned-new -fcf-protection=none -Wno-bool-operation -Wno-int-in-bool-context -Wno-shadow -Wno-sign-compare -Wno-subobject-linkage -Wno-tautological-compare -Wno-uninitialized -Wno-unused-but-set-parameter -Wno-unused-but-set-variable -Wno-unused-parameter -Wno-unused-variable    -O0 -DVL_TIME_CONTEXT   -fcoroutines -include Vt_uvm_core_factory_basic__pch.h.slow -c Vt_uvm_core_factory_basic_vm_classes_Slow_0.cpp
g++   -I. -Wall -Wextra -Wfloat-conversion -Wlogical-op -Werror -MMD -I/workspace/scratch/86e4a45a0d74/verilator-uvm-extend/include -I/workspace/scratch/86e4a45a0d74/verilator-uvm-extend/include/vltstd -DVERILATOR=1 -DVM_COVERAGE=0 -DVM_SC=0 -DVM_TIMING=1 -DVM_TRACE=0 -DVM_TRACE_FST=0 -DVM_TRACE_VCD=0 -DVM_TRACE_SAIF=0 -DVM_VPI=0 -faligned-new -fcf-protection=none -Wno-bool-operation -Wno-int-in-bool-context -Wno-shadow -Wno-sign-compare -Wno-subobject-linkage -Wno-tautological-compare -Wno-uninitialized -Wno-unused-but-set-parameter -Wno-unused-but-set-variable -Wno-unused-parameter -Wno-unused-variable    -O0 -DVL_TIME_CONTEXT   -fcoroutines -include Vt_uvm_core_factory_basic__pch.h.slow -c Vt_uvm_core_factory_basic_vm_classes_Slow_1.cpp
g++   -I. -Wall -Wextra -Wfloat-conversion -Wlogical-op -Werror -MMD -I/workspace/scratch/86e4a45a0d74/verilator-uvm-extend/include -I/workspace/scratch/86e4a45a0d74/verilator-uvm-extend/include/vltstd -DVERILATOR=1 -DVM_COVERAGE=0 -DVM_SC=0 -DVM_TIMING=1 -DVM_TRACE=0 -DVM_TRACE_FST=0 -DVM_TRACE_VCD=0 -DVM_TRACE_SAIF=0 -DVM_VPI=0 -faligned-new -fcf-protection=none -Wno-bool-operation -Wno-int-in-bool-context -Wno-shadow -Wno-sign-compare -Wno-subobject-linkage -Wno-tautological-compare -Wno-uninitialized -Wno-unused-but-set-parameter -Wno-unused-but-set-variable -Wno-unused-parameter -Wno-unused-variable    -O0 -DVL_TIME_CONTEXT   -fcoroutines -include Vt_uvm_core_factory_basic__pch.h.slow -c Vt_uvm_core_factory_basic_vm_classes_Slow_2.cpp
g++   -I. -Wall -Wextra -Wfloat-conversion -Wlogical-op -Werror -MMD -I/workspace/scratch/86e4a45a0d74/verilator-uvm-extend/include -I/workspace/scratch/86e4a45a0d74/verilator-uvm-extend/include/vltstd -DVERILATOR=1 -DVM_COVERAGE=0 -DVM_SC=0 -DVM_TIMING=1 -DVM_TRACE=0 -DVM_TRACE_FST=0 -DVM_TRACE_VCD=0 -DVM_TRACE_SAIF=0 -DVM_VPI=0 -faligned-new -fcf-protection=none -Wno-bool-operation -Wno-int-in-bool-context -Wno-shadow -Wno-sign-compare -Wno-subobject-linkage -Wno-tautological-compare -Wno-uninitialized -Wno-unused-but-set-parameter -Wno-unused-but-set-variable -Wno-unused-parameter -Wno-unused-variable    -O0 -DVL_TIME_CONTEXT   -fcoroutines -include Vt_uvm_core_factory_basic__pch.h.slow -c Vt_uvm_core_factory_basic_vm_classes_Slow_3.cpp
==SUMMARY: Left 11  Passed 16  Failed 0  Running 1  Eta 4:14  Time 5:08
==STILL RUNNING:  t/t_uvm_core_factory_basic.py
g++   -I. -Wall -Wextra -Wfloat-conversion -Wlogical-op -Werror -MMD -I/workspace/scratch/86e4a45a0d74/verilator-uvm-extend/include -I/workspace/scratch/86e4a45a0d74/verilator-uvm-extend/include/vltstd -DVERILATOR=1 -DVM_COVERAGE=0 -DVM_SC=0 -DVM_TIMING=1 -DVM_TRACE=0 -DVM_TRACE_FST=0 -DVM_TRACE_VCD=0 -DVM_TRACE_SAIF=0 -DVM_VPI=0 -faligned-new -fcf-protection=none -Wno-bool-operation -Wno-int-in-bool-context -Wno-shadow -Wno-sign-compare -Wno-subobject-linkage -Wno-tautological-compare -Wno-uninitialized -Wno-unused-but-set-parameter -Wno-unused-but-set-variable -Wno-unused-parameter -Wno-unused-variable    -O0 -DVL_TIME_CONTEXT   -fcoroutines -include Vt_uvm_core_factory_basic__pch.h.slow -c Vt_uvm_core_factory_basic_vm_classes_Slow_4.cpp
g++   -I. -Wall -Wextra -Wfloat-conversion -Wlogical-op -Werror -MMD -I/workspace/scratch/86e4a45a0d74/verilator-uvm-extend/include -I/workspace/scratch/86e4a45a0d74/verilator-uvm-extend/include/vltstd -DVERILATOR=1 -DVM_COVERAGE=0 -DVM_SC=0 -DVM_TIMING=1 -DVM_TRACE=0 -DVM_TRACE_FST=0 -DVM_TRACE_VCD=0 -DVM_TRACE_SAIF=0 -DVM_VPI=0 -faligned-new -fcf-protection=none -Wno-bool-operation -Wno-int-in-bool-context -Wno-shadow -Wno-sign-compare -Wno-subobject-linkage -Wno-tautological-compare -Wno-uninitialized -Wno-unused-but-set-parameter -Wno-unused-but-set-variable -Wno-unused-parameter -Wno-unused-variable    -O0 -DVL_TIME_CONTEXT   -fcoroutines -include Vt_uvm_core_factory_basic__pch.h.slow -c Vt_uvm_core_factory_basic_vm_classes_Slow_5.cpp
g++   -I. -Wall -Wextra -Wfloat-conversion -Wlogical-op -Werror -MMD -I/workspace/scratch/86e4a45a0d74/verilator-uvm-extend/include -I/workspace/scratch/86e4a45a0d74/verilator-uvm-extend/include/vltstd -DVERILATOR=1 -DVM_COVERAGE=0 -DVM_SC=0 -DVM_TIMING=1 -DVM_TRACE=0 -DVM_TRACE_FST=0 -DVM_TRACE_VCD=0 -DVM_TRACE_SAIF=0 -DVM_VPI=0 -faligned-new -fcf-protection=none -Wno-bool-operation -Wno-int-in-bool-context -Wno-shadow -Wno-sign-compare -Wno-subobject-linkage -Wno-tautological-compare -Wno-uninitialized -Wno-unused-but-set-parameter -Wno-unused-but-set-variable -Wno-unused-parameter -Wno-unused-variable    -O0 -DVL_TIME_CONTEXT   -fcoroutines -include Vt_uvm_core_factory_basic__pch.h.slow -c Vt_uvm_core_factory_basic__Syms__Slow.cpp
g++    verilated.o verilated_dpi.o verilated_timing.o verilated_random.o verilated_threads.o Vt_uvm_core_factory_basic__ALL.a    -pthread -lpthread -latomic   -o Vt_uvm_core_factory_basic
rm Vt_uvm_core_factory_basic__ALL.verilator_deplist.tmp
make[1]: Leaving directory '/workspace/scratch/86e4a45a0d74/verilator-uvm-extend/test_regress/obj_vlt/t_uvm_core_factory_basic-uvm2020'
- V e r i l a t i o n   R e p o r t: Verilator 5.051 devel rev vUNKNOWN-built20260906-4906f041d
- Verilator: Built from 3.365 MB sources in 365 modules, into 21.846 MB in 2002 C++ files needing 76.876 MB
- Verilator: Walltime 166.307 s (elab=2.637, cvt=18.808, bld=142.488); cpu 23.794 s on 1 threads; allocated 276.297 MB
        obj_vlt/t_uvm_core_factory_basic-uvm2020/Vt_uvm_core_factory_basic +UVM_NO_RELNOTES    > obj_vlt/t_uvm_core_factory_basic-uvm2020/vlt_sim.log
UVM_INFO t/uvm/src/base/uvm_root.svh(476) @ 0: reporter [UVM/RELNOTES]
  ***********       IMPORTANT RELEASE NOTES         ************

  This implementation of the UVM Library deviates from the 1800.2-2020
  standard.  See the DEVIATIONS.md file contained in the release
  for more details.

----------------------------------------------------------------
Accellera:1800.2:UVM:2020.3.1

All copyright owners for this kit are listed in NOTICE.txt
All Rights Reserved Worldwide
----------------------------------------------------------------

      (Specify +UVM_NO_RELNOTES to turn off this notice)

UVM_WARNING t/uvm/src/base/uvm_root.svh(549) @ 0: reporter [NO_DPI_USED] We are thinking of removing support for UVM_NO_DPI.  Please try this test without it and evaluate the impact
UVM_INFO @ 0: reporter [RNTST] Running test factory_test...
UVM_INFO t/uvm/src/base/uvm_traversal.svh(345) @ 0: reporter [UVM/COMP/NAMECHECK] This implementation of the component name checks requires DPI to be enabled
UVM_WARNING t/uvm/src/base/uvm_traversal.svh(314) @ 0: reporter [NO_VISIT_CHECK] Because UVM_REGEX_NO_DPI is defined, no uvm component name constraints will be checked
** UVM FACTORY BASIC PASSED **
UVM_INFO t/uvm/src/base/uvm_report_server.svh(1009) @ 0: reporter [UVM/REPORT/SERVER]
--- UVM Report Summary ---

** Report counts by severity
UVM_INFO :    3
UVM_WARNING :    2
UVM_ERROR :    0
UVM_FATAL :    0
** Report counts by id
[NO_DPI_USED]     1
[NO_VISIT_CHECK]     1
[RNTST]     1
[UVM/COMP/NAMECHECK]     1
[UVM/RELNOTES]     1

- t/uvm/uvm_pkg_all_v2020_3_1_nodpi.svh:20118: Verilog $finish
- S i m u l a t i o n   R e p o r t: Verilator 5.051 devel
- Verilator: $finish at 0s; walltime 0.011 s; speed 0.000 s/s
- Verilator: cpu 0.011 s on 1 threads; allocated 29 MB
vlt/t_uvm_core_factory_basic: Self PASSED
==SUMMARY: Left 10  Passed 17  Failed 0  Running 1  Time 5:09
==SUMMARY: Left 10  Passed 17  Failed 0  Running 1  Time 5:24
==STILL RUNNING:  t/t_uvm_core_factory_param.py
==SUMMARY: Left 10  Passed 17  Failed 0  Running 1  Time 5:39
==STILL RUNNING:  t/t_uvm_core_factory_param.py
==SUMMARY: Left 10  Passed 17  Failed 0  Running 1  Time 5:54
==STILL RUNNING:  t/t_uvm_core_factory_param.py
==SUMMARY: Left 10  Passed 17  Failed 0  Running 1  Time 6:09
==STILL RUNNING:  t/t_uvm_core_factory_param.py
==SUMMARY: Left 10  Passed 17  Failed 0  Running 1  Time 6:24
==STILL RUNNING:  t/t_uvm_core_factory_param.py
======================================================================
vlt/t_uvm_core_factory_param: ==================================================
        perl /workspace/scratch/86e4a45a0d74/verilator-uvm-extend/bin/verilator --prefix Vt_uvm_core_factory_param -cc -Mdir obj_vlt/t_uvm_core_factory_param-uvm2020 --fdedup --debug-check --comp-limit-members 10 --x-assign unique -f input.vc +define+TEST_OBJ_DIR=obj_vlt/t_uvm_core_factory_param-uvm2020 +define+TEST_DUMPFILE=obj_vlt/t_uvm_core_factory_param-uvm2020/simx.vcd --binary --build-jobs 1 --output-groups 6 --CFLAGS -O0 -Wall +incdir+t/uvm t/uvm/uvm_pkg_all_v2020_3_1_nodpi.svh t/t_uvm_core_factory_param.v   > obj_vlt/t_uvm_core_factory_param-uvm2020/vlt_compile.log
make[1]: Entering directory '/workspace/scratch/86e4a45a0d74/verilator-uvm-extend/test_regress/obj_vlt/t_uvm_core_factory_param-uvm2020'
g++ -Os  -I. -Wall -Wextra -Wfloat-conversion -Wlogical-op -Werror -MMD -I/workspace/scratch/86e4a45a0d74/verilator-uvm-extend/include -I/workspace/scratch/86e4a45a0d74/verilator-uvm-extend/include/vltstd -DVERILATOR=1 -DVM_COVERAGE=0 -DVM_SC=0 -DVM_TIMING=1 -DVM_TRACE=0 -DVM_TRACE_FST=0 -DVM_TRACE_VCD=0 -DVM_TRACE_SAIF=0 -DVM_VPI=0 -faligned-new -fcf-protection=none -Wno-bool-operation -Wno-int-in-bool-context -Wno-shadow -Wno-sign-compare -Wno-subobject-linkage -Wno-tautological-compare -Wno-uninitialized -Wno-unused-but-set-parameter -Wno-unused-but-set-variable -Wno-unused-parameter -Wno-unused-variable    -O0 -DVL_TIME_CONTEXT   -fcoroutines -c -o verilated.o /workspace/scratch/86e4a45a0d74/verilator-uvm-extend/include/verilated.cpp
g++ -Os  -I. -Wall -Wextra -Wfloat-conversion -Wlogical-op -Werror -MMD -I/workspace/scratch/86e4a45a0d74/verilator-uvm-extend/include -I/workspace/scratch/86e4a45a0d74/verilator-uvm-extend/include/vltstd -DVERILATOR=1 -DVM_COVERAGE=0 -DVM_SC=0 -DVM_TIMING=1 -DVM_TRACE=0 -DVM_TRACE_FST=0 -DVM_TRACE_VCD=0 -DVM_TRACE_SAIF=0 -DVM_VPI=0 -faligned-new -fcf-protection=none -Wno-bool-operation -Wno-int-in-bool-context -Wno-shadow -Wno-sign-compare -Wno-subobject-linkage -Wno-tautological-compare -Wno-uninitialized -Wno-unused-but-set-parameter -Wno-unused-but-set-variable -Wno-unused-parameter -Wno-unused-variable    -O0 -DVL_TIME_CONTEXT   -fcoroutines -c -o verilated_dpi.o /workspace/scratch/86e4a45a0d74/verilator-uvm-extend/include/verilated_dpi.cpp
g++ -Os  -I. -Wall -Wextra -Wfloat-conversion -Wlogical-op -Werror -MMD -I/workspace/scratch/86e4a45a0d74/verilator-uvm-extend/include -I/workspace/scratch/86e4a45a0d74/verilator-uvm-extend/include/vltstd -DVERILATOR=1 -DVM_COVERAGE=0 -DVM_SC=0 -DVM_TIMING=1 -DVM_TRACE=0 -DVM_TRACE_FST=0 -DVM_TRACE_VCD=0 -DVM_TRACE_SAIF=0 -DVM_VPI=0 -faligned-new -fcf-protection=none -Wno-bool-operation -Wno-int-in-bool-context -Wno-shadow -Wno-sign-compare -Wno-subobject-linkage -Wno-tautological-compare -Wno-uninitialized -Wno-unused-but-set-parameter -Wno-unused-but-set-variable -Wno-unused-parameter -Wno-unused-variable    -O0 -DVL_TIME_CONTEXT   -fcoroutines -c -o verilated_timing.o /workspace/scratch/86e4a45a0d74/verilator-uvm-extend/include/verilated_timing.cpp
g++ -Os  -I. -Wall -Wextra -Wfloat-conversion -Wlogical-op -Werror -MMD -I/workspace/scratch/86e4a45a0d74/verilator-uvm-extend/include -I/workspace/scratch/86e4a45a0d74/verilator-uvm-extend/include/vltstd -DVERILATOR=1 -DVM_COVERAGE=0 -DVM_SC=0 -DVM_TIMING=1 -DVM_TRACE=0 -DVM_TRACE_FST=0 -DVM_TRACE_VCD=0 -DVM_TRACE_SAIF=0 -DVM_VPI=0 -faligned-new -fcf-protection=none -Wno-bool-operation -Wno-int-in-bool-context -Wno-shadow -Wno-sign-compare -Wno-subobject-linkage -Wno-tautological-compare -Wno-uninitialized -Wno-unused-but-set-parameter -Wno-unused-but-set-variable -Wno-unused-parameter -Wno-unused-variable    -O0 -DVL_TIME_CONTEXT   -fcoroutines -c -o verilated_random.o /workspace/scratch/86e4a45a0d74/verilator-uvm-extend/include/verilated_random.cpp
g++ -Os  -I. -Wall -Wextra -Wfloat-conversion -Wlogical-op -Werror -MMD -I/workspace/scratch/86e4a45a0d74/verilator-uvm-extend/include -I/workspace/scratch/86e4a45a0d74/verilator-uvm-extend/include/vltstd -DVERILATOR=1 -DVM_COVERAGE=0 -DVM_SC=0 -DVM_TIMING=1 -DVM_TRACE=0 -DVM_TRACE_FST=0 -DVM_TRACE_VCD=0 -DVM_TRACE_SAIF=0 -DVM_VPI=0 -faligned-new -fcf-protection=none -Wno-bool-operation -Wno-int-in-bool-context -Wno-shadow -Wno-sign-compare -Wno-subobject-linkage -Wno-tautological-compare -Wno-uninitialized -Wno-unused-but-set-parameter -Wno-unused-but-set-variable -Wno-unused-parameter -Wno-unused-variable    -O0 -DVL_TIME_CONTEXT   -fcoroutines -c -o verilated_threads.o /workspace/scratch/86e4a45a0d74/verilator-uvm-extend/include/verilated_threads.cpp
g++ -Os  -I. -Wall -Wextra -Wfloat-conversion -Wlogical-op -Werror -MMD -I/workspace/scratch/86e4a45a0d74/verilator-uvm-extend/include -I/workspace/scratch/86e4a45a0d74/verilator-uvm-extend/include/vltstd -DVERILATOR=1 -DVM_COVERAGE=0 -DVM_SC=0 -DVM_TIMING=1 -DVM_TRACE=0 -DVM_TRACE_FST=0 -DVM_TRACE_VCD=0 -DVM_TRACE_SAIF=0 -DVM_VPI=0 -faligned-new -fcf-protection=none -Wno-bool-operation -Wno-int-in-bool-context -Wno-shadow -Wno-sign-compare -Wno-subobject-linkage -Wno-tautological-compare -Wno-uninitialized -Wno-unused-but-set-parameter -Wno-unused-but-set-variable -Wno-unused-parameter -Wno-unused-variable    -O0 -DVL_TIME_CONTEXT   -fcoroutines -x c++-header Vt_uvm_core_factory_param__pch.h -o Vt_uvm_core_factory_param__pch.h.fast.gch
g++ -Os  -I. -Wall -Wextra -Wfloat-conversion -Wlogical-op -Werror -MMD -I/workspace/scratch/86e4a45a0d74/verilator-uvm-extend/include -I/workspace/scratch/86e4a45a0d74/verilator-uvm-extend/include/vltstd -DVERILATOR=1 -DVM_COVERAGE=0 -DVM_SC=0 -DVM_TIMING=1 -DVM_TRACE=0 -DVM_TRACE_FST=0 -DVM_TRACE_VCD=0 -DVM_TRACE_SAIF=0 -DVM_VPI=0 -faligned-new -fcf-protection=none -Wno-bool-operation -Wno-int-in-bool-context -Wno-shadow -Wno-sign-compare -Wno-subobject-linkage -Wno-tautological-compare -Wno-uninitialized -Wno-unused-but-set-parameter -Wno-unused-but-set-variable -Wno-unused-parameter -Wno-unused-variable    -O0 -DVL_TIME_CONTEXT   -fcoroutines -include Vt_uvm_core_factory_param__pch.h.fast -c Vt_uvm_core_factory_param_vm_classes_0.cpp
g++ -Os  -I. -Wall -Wextra -Wfloat-conversion -Wlogical-op -Werror -MMD -I/workspace/scratch/86e4a45a0d74/verilator-uvm-extend/include -I/workspace/scratch/86e4a45a0d74/verilator-uvm-extend/include/vltstd -DVERILATOR=1 -DVM_COVERAGE=0 -DVM_SC=0 -DVM_TIMING=1 -DVM_TRACE=0 -DVM_TRACE_FST=0 -DVM_TRACE_VCD=0 -DVM_TRACE_SAIF=0 -DVM_VPI=0 -faligned-new -fcf-protection=none -Wno-bool-operation -Wno-int-in-bool-context -Wno-shadow -Wno-sign-compare -Wno-subobject-linkage -Wno-tautological-compare -Wno-uninitialized -Wno-unused-but-set-parameter -Wno-unused-but-set-variable -Wno-unused-parameter -Wno-unused-variable    -O0 -DVL_TIME_CONTEXT   -fcoroutines -include Vt_uvm_core_factory_param__pch.h.fast -c Vt_uvm_core_factory_param_vm_classes_1.cpp
g++ -Os  -I. -Wall -Wextra -Wfloat-conversion -Wlogical-op -Werror -MMD -I/workspace/scratch/86e4a45a0d74/verilator-uvm-extend/include -I/workspace/scratch/86e4a45a0d74/verilator-uvm-extend/include/vltstd -DVERILATOR=1 -DVM_COVERAGE=0 -DVM_SC=0 -DVM_TIMING=1 -DVM_TRACE=0 -DVM_TRACE_FST=0 -DVM_TRACE_VCD=0 -DVM_TRACE_SAIF=0 -DVM_VPI=0 -faligned-new -fcf-protection=none -Wno-bool-operation -Wno-int-in-bool-context -Wno-shadow -Wno-sign-compare -Wno-subobject-linkage -Wno-tautological-compare -Wno-uninitialized -Wno-unused-but-set-parameter -Wno-unused-but-set-variable -Wno-unused-parameter -Wno-unused-variable    -O0 -DVL_TIME_CONTEXT   -fcoroutines -include Vt_uvm_core_factory_param__pch.h.fast -c Vt_uvm_core_factory_param_vm_classes_2.cpp
g++ -Os  -I. -Wall -Wextra -Wfloat-conversion -Wlogical-op -Werror -MMD -I/workspace/scratch/86e4a45a0d74/verilator-uvm-extend/include -I/workspace/scratch/86e4a45a0d74/verilator-uvm-extend/include/vltstd -DVERILATOR=1 -DVM_COVERAGE=0 -DVM_SC=0 -DVM_TIMING=1 -DVM_TRACE=0 -DVM_TRACE_FST=0 -DVM_TRACE_VCD=0 -DVM_TRACE_SAIF=0 -DVM_VPI=0 -faligned-new -fcf-protection=none -Wno-bool-operation -Wno-int-in-bool-context -Wno-shadow -Wno-sign-compare -Wno-subobject-linkage -Wno-tautological-compare -Wno-uninitialized -Wno-unused-but-set-parameter -Wno-unused-but-set-variable -Wno-unused-parameter -Wno-unused-variable    -O0 -DVL_TIME_CONTEXT   -fcoroutines -include Vt_uvm_core_factory_param__pch.h.fast -c Vt_uvm_core_factory_param_vm_classes_3.cpp
==SUMMARY: Left 10  Passed 17  Failed 0  Running 1  Time 6:39
==STILL RUNNING:  t/t_uvm_core_factory_param.py
==SUMMARY: Left 10  Passed 17  Failed 0  Running 1  Time 6:54
==STILL RUNNING:  t/t_uvm_core_factory_param.py
==SUMMARY: Left 10  Passed 17  Failed 0  Running 1  Time 7:09
==STILL RUNNING:  t/t_uvm_core_factory_param.py
==SUMMARY: Left 10  Passed 17  Failed 0  Running 1  Time 7:24
==STILL RUNNING:  t/t_uvm_core_factory_param.py
==SUMMARY: Left 10  Passed 17  Failed 0  Running 1  Time 7:39
==STILL RUNNING:  t/t_uvm_core_factory_param.py
g++ -Os  -I. -Wall -Wextra -Wfloat-conversion -Wlogical-op -Werror -MMD -I/workspace/scratch/86e4a45a0d74/verilator-uvm-extend/include -I/workspace/scratch/86e4a45a0d74/verilator-uvm-extend/include/vltstd -DVERILATOR=1 -DVM_COVERAGE=0 -DVM_SC=0 -DVM_TIMING=1 -DVM_TRACE=0 -DVM_TRACE_FST=0 -DVM_TRACE_VCD=0 -DVM_TRACE_SAIF=0 -DVM_VPI=0 -faligned-new -fcf-protection=none -Wno-bool-operation -Wno-int-in-bool-context -Wno-shadow -Wno-sign-compare -Wno-subobject-linkage -Wno-tautological-compare -Wno-uninitialized -Wno-unused-but-set-parameter -Wno-unused-but-set-variable -Wno-unused-parameter -Wno-unused-variable    -O0 -DVL_TIME_CONTEXT   -fcoroutines -include Vt_uvm_core_factory_param__pch.h.fast -c Vt_uvm_core_factory_param_vm_classes_4.cpp
g++ -Os  -I. -Wall -Wextra -Wfloat-conversion -Wlogical-op -Werror -MMD -I/workspace/scratch/86e4a45a0d74/verilator-uvm-extend/include -I/workspace/scratch/86e4a45a0d74/verilator-uvm-extend/include/vltstd -DVERILATOR=1 -DVM_COVERAGE=0 -DVM_SC=0 -DVM_TIMING=1 -DVM_TRACE=0 -DVM_TRACE_FST=0 -DVM_TRACE_VCD=0 -DVM_TRACE_SAIF=0 -DVM_VPI=0 -faligned-new -fcf-protection=none -Wno-bool-operation -Wno-int-in-bool-context -Wno-shadow -Wno-sign-compare -Wno-subobject-linkage -Wno-tautological-compare -Wno-uninitialized -Wno-unused-but-set-parameter -Wno-unused-but-set-variable -Wno-unused-parameter -Wno-unused-variable    -O0 -DVL_TIME_CONTEXT   -fcoroutines -include Vt_uvm_core_factory_param__pch.h.fast -c Vt_uvm_core_factory_param_vm_classes_5.cpp
g++ -Os  -I. -Wall -Wextra -Wfloat-conversion -Wlogical-op -Werror -MMD -I/workspace/scratch/86e4a45a0d74/verilator-uvm-extend/include -I/workspace/scratch/86e4a45a0d74/verilator-uvm-extend/include/vltstd -DVERILATOR=1 -DVM_COVERAGE=0 -DVM_SC=0 -DVM_TIMING=1 -DVM_TRACE=0 -DVM_TRACE_FST=0 -DVM_TRACE_VCD=0 -DVM_TRACE_SAIF=0 -DVM_VPI=0 -faligned-new -fcf-protection=none -Wno-bool-operation -Wno-int-in-bool-context -Wno-shadow -Wno-sign-compare -Wno-subobject-linkage -Wno-tautological-compare -Wno-uninitialized -Wno-unused-but-set-parameter -Wno-unused-but-set-variable -Wno-unused-parameter -Wno-unused-variable    -O0 -DVL_TIME_CONTEXT   -fcoroutines -include Vt_uvm_core_factory_param__pch.h.fast -c Vt_uvm_core_factory_param__Dpi.cpp
g++   -I. -Wall -Wextra -Wfloat-conversion -Wlogical-op -Werror -MMD -I/workspace/scratch/86e4a45a0d74/verilator-uvm-extend/include -I/workspace/scratch/86e4a45a0d74/verilator-uvm-extend/include/vltstd -DVERILATOR=1 -DVM_COVERAGE=0 -DVM_SC=0 -DVM_TIMING=1 -DVM_TRACE=0 -DVM_TRACE_FST=0 -DVM_TRACE_VCD=0 -DVM_TRACE_SAIF=0 -DVM_VPI=0 -faligned-new -fcf-protection=none -Wno-bool-operation -Wno-int-in-bool-context -Wno-shadow -Wno-sign-compare -Wno-subobject-linkage -Wno-tautological-compare -Wno-uninitialized -Wno-unused-but-set-parameter -Wno-unused-but-set-variable -Wno-unused-parameter -Wno-unused-variable    -O0 -DVL_TIME_CONTEXT   -fcoroutines -x c++-header Vt_uvm_core_factory_param__pch.h -o Vt_uvm_core_factory_param__pch.h.slow.gch
g++   -I. -Wall -Wextra -Wfloat-conversion -Wlogical-op -Werror -MMD -I/workspace/scratch/86e4a45a0d74/verilator-uvm-extend/include -I/workspace/scratch/86e4a45a0d74/verilator-uvm-extend/include/vltstd -DVERILATOR=1 -DVM_COVERAGE=0 -DVM_SC=0 -DVM_TIMING=1 -DVM_TRACE=0 -DVM_TRACE_FST=0 -DVM_TRACE_VCD=0 -DVM_TRACE_SAIF=0 -DVM_VPI=0 -faligned-new -fcf-protection=none -Wno-bool-operation -Wno-int-in-bool-context -Wno-shadow -Wno-sign-compare -Wno-subobject-linkage -Wno-tautological-compare -Wno-uninitialized -Wno-unused-but-set-parameter -Wno-unused-but-set-variable -Wno-unused-parameter -Wno-unused-variable    -O0 -DVL_TIME_CONTEXT   -fcoroutines -include Vt_uvm_core_factory_param__pch.h.slow -c Vt_uvm_core_factory_param__ConstPool__0__Slow.cpp
g++   -I. -Wall -Wextra -Wfloat-conversion -Wlogical-op -Werror -MMD -I/workspace/scratch/86e4a45a0d74/verilator-uvm-extend/include -I/workspace/scratch/86e4a45a0d74/verilator-uvm-extend/include/vltstd -DVERILATOR=1 -DVM_COVERAGE=0 -DVM_SC=0 -DVM_TIMING=1 -DVM_TRACE=0 -DVM_TRACE_FST=0 -DVM_TRACE_VCD=0 -DVM_TRACE_SAIF=0 -DVM_VPI=0 -faligned-new -fcf-protection=none -Wno-bool-operation -Wno-int-in-bool-context -Wno-shadow -Wno-sign-compare -Wno-subobject-linkage -Wno-tautological-compare -Wno-uninitialized -Wno-unused-but-set-parameter -Wno-unused-but-set-variable -Wno-unused-parameter -Wno-unused-variable    -O0 -DVL_TIME_CONTEXT   -fcoroutines -include Vt_uvm_core_factory_param__pch.h.slow -c Vt_uvm_core_factory_param___024root__Slow.cpp
g++   -I. -Wall -Wextra -Wfloat-conversion -Wlogical-op -Werror -MMD -I/workspace/scratch/86e4a45a0d74/verilator-uvm-extend/include -I/workspace/scratch/86e4a45a0d74/verilator-uvm-extend/include/vltstd -DVERILATOR=1 -DVM_COVERAGE=0 -DVM_SC=0 -DVM_TIMING=1 -DVM_TRACE=0 -DVM_TRACE_FST=0 -DVM_TRACE_VCD=0 -DVM_TRACE_SAIF=0 -DVM_VPI=0 -faligned-new -fcf-protection=none -Wno-bool-operation -Wno-int-in-bool-context -Wno-shadow -Wno-sign-compare -Wno-subobject-linkage -Wno-tautological-compare -Wno-uninitialized -Wno-unused-but-set-parameter -Wno-unused-but-set-variable -Wno-unused-parameter -Wno-unused-variable    -O0 -DVL_TIME_CONTEXT   -fcoroutines -include Vt_uvm_core_factory_param__pch.h.slow -c Vt_uvm_core_factory_param___024root__0__Slow.cpp
g++   -I. -Wall -Wextra -Wfloat-conversion -Wlogical-op -Werror -MMD -I/workspace/scratch/86e4a45a0d74/verilator-uvm-extend/include -I/workspace/scratch/86e4a45a0d74/verilator-uvm-extend/include/vltstd -DVERILATOR=1 -DVM_COVERAGE=0 -DVM_SC=0 -DVM_TIMING=1 -DVM_TRACE=0 -DVM_TRACE_FST=0 -DVM_TRACE_VCD=0 -DVM_TRACE_SAIF=0 -DVM_VPI=0 -faligned-new -fcf-protection=none -Wno-bool-operation -Wno-int-in-bool-context -Wno-shadow -Wno-sign-compare -Wno-subobject-linkage -Wno-tautological-compare -Wno-uninitialized -Wno-unused-but-set-parameter -Wno-unused-but-set-variable -Wno-unused-parameter -Wno-unused-variable    -O0 -DVL_TIME_CONTEXT   -fcoroutines -include Vt_uvm_core_factory_param__pch.h.slow -c Vt_uvm_core_factory_param_vm_classes_Slow_0.cpp
g++   -I. -Wall -Wextra -Wfloat-conversion -Wlogical-op -Werror -MMD -I/workspace/scratch/86e4a45a0d74/verilator-uvm-extend/include -I/workspace/scratch/86e4a45a0d74/verilator-uvm-extend/include/vltstd -DVERILATOR=1 -DVM_COVERAGE=0 -DVM_SC=0 -DVM_TIMING=1 -DVM_TRACE=0 -DVM_TRACE_FST=0 -DVM_TRACE_VCD=0 -DVM_TRACE_SAIF=0 -DVM_VPI=0 -faligned-new -fcf-protection=none -Wno-bool-operation -Wno-int-in-bool-context -Wno-shadow -Wno-sign-compare -Wno-subobject-linkage -Wno-tautological-compare -Wno-uninitialized -Wno-unused-but-set-parameter -Wno-unused-but-set-variable -Wno-unused-parameter -Wno-unused-variable    -O0 -DVL_TIME_CONTEXT   -fcoroutines -include Vt_uvm_core_factory_param__pch.h.slow -c Vt_uvm_core_factory_param_vm_classes_Slow_1.cpp
g++   -I. -Wall -Wextra -Wfloat-conversion -Wlogical-op -Werror -MMD -I/workspace/scratch/86e4a45a0d74/verilator-uvm-extend/include -I/workspace/scratch/86e4a45a0d74/verilator-uvm-extend/include/vltstd -DVERILATOR=1 -DVM_COVERAGE=0 -DVM_SC=0 -DVM_TIMING=1 -DVM_TRACE=0 -DVM_TRACE_FST=0 -DVM_TRACE_VCD=0 -DVM_TRACE_SAIF=0 -DVM_VPI=0 -faligned-new -fcf-protection=none -Wno-bool-operation -Wno-int-in-bool-context -Wno-shadow -Wno-sign-compare -Wno-subobject-linkage -Wno-tautological-compare -Wno-uninitialized -Wno-unused-but-set-parameter -Wno-unused-but-set-variable -Wno-unused-parameter -Wno-unused-variable    -O0 -DVL_TIME_CONTEXT   -fcoroutines -include Vt_uvm_core_factory_param__pch.h.slow -c Vt_uvm_core_factory_param_vm_classes_Slow_2.cpp
g++   -I. -Wall -Wextra -Wfloat-conversion -Wlogical-op -Werror -MMD -I/workspace/scratch/86e4a45a0d74/verilator-uvm-extend/include -I/workspace/scratch/86e4a45a0d74/verilator-uvm-extend/include/vltstd -DVERILATOR=1 -DVM_COVERAGE=0 -DVM_SC=0 -DVM_TIMING=1 -DVM_TRACE=0 -DVM_TRACE_FST=0 -DVM_TRACE_VCD=0 -DVM_TRACE_SAIF=0 -DVM_VPI=0 -faligned-new -fcf-protection=none -Wno-bool-operation -Wno-int-in-bool-context -Wno-shadow -Wno-sign-compare -Wno-subobject-linkage -Wno-tautological-compare -Wno-uninitialized -Wno-unused-but-set-parameter -Wno-unused-but-set-variable -Wno-unused-parameter -Wno-unused-variable    -O0 -DVL_TIME_CONTEXT   -fcoroutines -include Vt_uvm_core_factory_param__pch.h.slow -c Vt_uvm_core_factory_param_vm_classes_Slow_3.cpp
g++   -I. -Wall -Wextra -Wfloat-conversion -Wlogical-op -Werror -MMD -I/workspace/scratch/86e4a45a0d74/verilator-uvm-extend/include -I/workspace/scratch/86e4a45a0d74/verilator-uvm-extend/include/vltstd -DVERILATOR=1 -DVM_COVERAGE=0 -DVM_SC=0 -DVM_TIMING=1 -DVM_TRACE=0 -DVM_TRACE_FST=0 -DVM_TRACE_VCD=0 -DVM_TRACE_SAIF=0 -DVM_VPI=0 -faligned-new -fcf-protection=none -Wno-bool-operation -Wno-int-in-bool-context -Wno-shadow -Wno-sign-compare -Wno-subobject-linkage -Wno-tautological-compare -Wno-uninitialized -Wno-unused-but-set-parameter -Wno-unused-but-set-variable -Wno-unused-parameter -Wno-unused-variable    -O0 -DVL_TIME_CONTEXT   -fcoroutines -include Vt_uvm_core_factory_param__pch.h.slow -c Vt_uvm_core_factory_param_vm_classes_Slow_4.cpp
g++   -I. -Wall -Wextra -Wfloat-conversion -Wlogical-op -Werror -MMD -I/workspace/scratch/86e4a45a0d74/verilator-uvm-extend/include -I/workspace/scratch/86e4a45a0d74/verilator-uvm-extend/include/vltstd -DVERILATOR=1 -DVM_COVERAGE=0 -DVM_SC=0 -DVM_TIMING=1 -DVM_TRACE=0 -DVM_TRACE_FST=0 -DVM_TRACE_VCD=0 -DVM_TRACE_SAIF=0 -DVM_VPI=0 -faligned-new -fcf-protection=none -Wno-bool-operation -Wno-int-in-bool-context -Wno-shadow -Wno-sign-compare -Wno-subobject-linkage -Wno-tautological-compare -Wno-uninitialized -Wno-unused-but-set-parameter -Wno-unused-but-set-variable -Wno-unused-parameter -Wno-unused-variable    -O0 -DVL_TIME_CONTEXT   -fcoroutines -include Vt_uvm_core_factory_param__pch.h.slow -c Vt_uvm_core_factory_param_vm_classes_Slow_5.cpp
g++   -I. -Wall -Wextra -Wfloat-conversion -Wlogical-op -Werror -MMD -I/workspace/scratch/86e4a45a0d74/verilator-uvm-extend/include -I/workspace/scratch/86e4a45a0d74/verilator-uvm-extend/include/vltstd -DVERILATOR=1 -DVM_COVERAGE=0 -DVM_SC=0 -DVM_TIMING=1 -DVM_TRACE=0 -DVM_TRACE_FST=0 -DVM_TRACE_VCD=0 -DVM_TRACE_SAIF=0 -DVM_VPI=0 -faligned-new -fcf-protection=none -Wno-bool-operation -Wno-int-in-bool-context -Wno-shadow -Wno-sign-compare -Wno-subobject-linkage -Wno-tautological-compare -Wno-uninitialized -Wno-unused-but-set-parameter -Wno-unused-but-set-variable -Wno-unused-parameter -Wno-unused-variable    -O0 -DVL_TIME_CONTEXT   -fcoroutines -include Vt_uvm_core_factory_param__pch.h.slow -c Vt_uvm_core_factory_param__Syms__Slow.cpp
g++    verilated.o verilated_dpi.o verilated_timing.o verilated_random.o verilated_threads.o Vt_uvm_core_factory_param__ALL.a    -pthread -lpthread -latomic   -o Vt_uvm_core_factory_param
rm Vt_uvm_core_factory_param__ALL.verilator_deplist.tmp
make[1]: Leaving directory '/workspace/scratch/86e4a45a0d74/verilator-uvm-extend/test_regress/obj_vlt/t_uvm_core_factory_param-uvm2020'
- V e r i l a t i o n   R e p o r t: Verilator 5.051 devel rev vUNKNOWN-built20260906-4906f041d
- Verilator: Built from 3.403 MB sources in 366 modules, into 22.147 MB in 2037 C++ files needing 79.391 MB
- Verilator: Walltime 161.375 s (elab=3.045, cvt=19.464, bld=136.113); cpu 25.251 s on 1 threads; allocated 279.078 MB
        obj_vlt/t_uvm_core_factory_param-uvm2020/Vt_uvm_core_factory_param +UVM_NO_RELNOTES    > obj_vlt/t_uvm_core_factory_param-uvm2020/vlt_sim.log
UVM_INFO t/uvm/src/base/uvm_root.svh(476) @ 0: reporter [UVM/RELNOTES]
  ***********       IMPORTANT RELEASE NOTES         ************

  This implementation of the UVM Library deviates from the 1800.2-2020
  standard.  See the DEVIATIONS.md file contained in the release
  for more details.

----------------------------------------------------------------
Accellera:1800.2:UVM:2020.3.1

All copyright owners for this kit are listed in NOTICE.txt
All Rights Reserved Worldwide
----------------------------------------------------------------

      (Specify +UVM_NO_RELNOTES to turn off this notice)

UVM_WARNING t/uvm/src/base/uvm_root.svh(549) @ 0: reporter [NO_DPI_USED] We are thinking of removing support for UVM_NO_DPI.  Please try this test without it and evaluate the impact
UVM_INFO @ 0: reporter [RNTST] Running test factory_param_test...
UVM_INFO t/uvm/src/base/uvm_traversal.svh(345) @ 0: reporter [UVM/COMP/NAMECHECK] This implementation of the component name checks requires DPI to be enabled
UVM_WARNING t/uvm/src/base/uvm_traversal.svh(314) @ 0: reporter [NO_VISIT_CHECK] Because UVM_REGEX_NO_DPI is defined, no uvm component name constraints will be checked
UVM_INFO t/uvm/src/base/uvm_report_server.svh(1009) @ 0: reporter [UVM/REPORT/SERVER]
--- UVM Report Summary ---

** Report counts by severity
UVM_INFO :    3
UVM_WARNING :    2
UVM_ERROR :    0
UVM_FATAL :    0
** Report counts by id
[NO_DPI_USED]     1
[NO_VISIT_CHECK]     1
[RNTST]     1
[UVM/COMP/NAMECHECK]     1
[UVM/RELNOTES]     1

** UVM FACTORY PARAM PASSED **
- t/t_uvm_core_factory_param.v:303: Verilog $finish
- S i m u l a t i o n   R e p o r t: Verilator 5.051 devel
- Verilator: $finish at 0s; walltime 0.012 s; speed 0.000 s/s
- Verilator: cpu 0.012 s on 1 threads; allocated 29 MB
vlt/t_uvm_core_factory_param: Self PASSED
==SUMMARY: Left 9  Passed 18  Failed 0  Running 1  Time 7:51
==SUMMARY: Left 9  Passed 18  Failed 0  Running 1  Time 8:06
==STILL RUNNING:  t/t_uvm_config_vif_clocking.py
==SUMMARY: Left 9  Passed 18  Failed 0  Running 1  Time 8:21
==STILL RUNNING:  t/t_uvm_config_vif_clocking.py
==SUMMARY: Left 9  Passed 18  Failed 0  Running 1  Time 8:36
==STILL RUNNING:  t/t_uvm_config_vif_clocking.py
==SUMMARY: Left 9  Passed 18  Failed 0  Running 1  Time 8:51
==STILL RUNNING:  t/t_uvm_config_vif_clocking.py
==SUMMARY: Left 9  Passed 18  Failed 0  Running 1  Time 9:06
==STILL RUNNING:  t/t_uvm_config_vif_clocking.py
==SUMMARY: Left 9  Passed 18  Failed 0  Running 1  Time 9:21
==STILL RUNNING:  t/t_uvm_config_vif_clocking.py
======================================================================
vlt/t_uvm_config_vif_clocking: ==================================================
        perl /workspace/scratch/86e4a45a0d74/verilator-uvm-extend/bin/verilator --prefix Vt_uvm_config_vif_clocking -cc -Mdir obj_vlt/t_uvm_config_vif_clocking-uvm2020 --fdedup --debug-check --comp-limit-members 10 --x-assign unique -f input.vc +define+TEST_OBJ_DIR=obj_vlt/t_uvm_config_vif_clocking-uvm2020 +define+TEST_DUMPFILE=obj_vlt/t_uvm_config_vif_clocking-uvm2020/simx.vcd --binary --build-jobs 1 --output-groups 6 --CFLAGS -O0 -Wall +incdir+t/uvm t/uvm/uvm_pkg_all_v2020_3_1_nodpi.svh t/t_uvm_config_vif_clocking.v   > obj_vlt/t_uvm_config_vif_clocking-uvm2020/vlt_compile.log
make[1]: Entering directory '/workspace/scratch/86e4a45a0d74/verilator-uvm-extend/test_regress/obj_vlt/t_uvm_config_vif_clocking-uvm2020'
g++ -Os  -I. -Wall -Wextra -Wfloat-conversion -Wlogical-op -Werror -MMD -I/workspace/scratch/86e4a45a0d74/verilator-uvm-extend/include -I/workspace/scratch/86e4a45a0d74/verilator-uvm-extend/include/vltstd -DVERILATOR=1 -DVM_COVERAGE=0 -DVM_SC=0 -DVM_TIMING=1 -DVM_TRACE=0 -DVM_TRACE_FST=0 -DVM_TRACE_VCD=0 -DVM_TRACE_SAIF=0 -DVM_VPI=0 -faligned-new -fcf-protection=none -Wno-bool-operation -Wno-int-in-bool-context -Wno-shadow -Wno-sign-compare -Wno-subobject-linkage -Wno-tautological-compare -Wno-uninitialized -Wno-unused-but-set-parameter -Wno-unused-but-set-variable -Wno-unused-parameter -Wno-unused-variable    -O0 -DVL_TIME_CONTEXT   -fcoroutines -c -o verilated.o /workspace/scratch/86e4a45a0d74/verilator-uvm-extend/include/verilated.cpp
g++ -Os  -I. -Wall -Wextra -Wfloat-conversion -Wlogical-op -Werror -MMD -I/workspace/scratch/86e4a45a0d74/verilator-uvm-extend/include -I/workspace/scratch/86e4a45a0d74/verilator-uvm-extend/include/vltstd -DVERILATOR=1 -DVM_COVERAGE=0 -DVM_SC=0 -DVM_TIMING=1 -DVM_TRACE=0 -DVM_TRACE_FST=0 -DVM_TRACE_VCD=0 -DVM_TRACE_SAIF=0 -DVM_VPI=0 -faligned-new -fcf-protection=none -Wno-bool-operation -Wno-int-in-bool-context -Wno-shadow -Wno-sign-compare -Wno-subobject-linkage -Wno-tautological-compare -Wno-uninitialized -Wno-unused-but-set-parameter -Wno-unused-but-set-variable -Wno-unused-parameter -Wno-unused-variable    -O0 -DVL_TIME_CONTEXT   -fcoroutines -c -o verilated_dpi.o /workspace/scratch/86e4a45a0d74/verilator-uvm-extend/include/verilated_dpi.cpp
g++ -Os  -I. -Wall -Wextra -Wfloat-conversion -Wlogical-op -Werror -MMD -I/workspace/scratch/86e4a45a0d74/verilator-uvm-extend/include -I/workspace/scratch/86e4a45a0d74/verilator-uvm-extend/include/vltstd -DVERILATOR=1 -DVM_COVERAGE=0 -DVM_SC=0 -DVM_TIMING=1 -DVM_TRACE=0 -DVM_TRACE_FST=0 -DVM_TRACE_VCD=0 -DVM_TRACE_SAIF=0 -DVM_VPI=0 -faligned-new -fcf-protection=none -Wno-bool-operation -Wno-int-in-bool-context -Wno-shadow -Wno-sign-compare -Wno-subobject-linkage -Wno-tautological-compare -Wno-uninitialized -Wno-unused-but-set-parameter -Wno-unused-but-set-variable -Wno-unused-parameter -Wno-unused-variable    -O0 -DVL_TIME_CONTEXT   -fcoroutines -c -o verilated_timing.o /workspace/scratch/86e4a45a0d74/verilator-uvm-extend/include/verilated_timing.cpp
g++ -Os  -I. -Wall -Wextra -Wfloat-conversion -Wlogical-op -Werror -MMD -I/workspace/scratch/86e4a45a0d74/verilator-uvm-extend/include -I/workspace/scratch/86e4a45a0d74/verilator-uvm-extend/include/vltstd -DVERILATOR=1 -DVM_COVERAGE=0 -DVM_SC=0 -DVM_TIMING=1 -DVM_TRACE=0 -DVM_TRACE_FST=0 -DVM_TRACE_VCD=0 -DVM_TRACE_SAIF=0 -DVM_VPI=0 -faligned-new -fcf-protection=none -Wno-bool-operation -Wno-int-in-bool-context -Wno-shadow -Wno-sign-compare -Wno-subobject-linkage -Wno-tautological-compare -Wno-uninitialized -Wno-unused-but-set-parameter -Wno-unused-but-set-variable -Wno-unused-parameter -Wno-unused-variable    -O0 -DVL_TIME_CONTEXT   -fcoroutines -c -o verilated_random.o /workspace/scratch/86e4a45a0d74/verilator-uvm-extend/include/verilated_random.cpp
g++ -Os  -I. -Wall -Wextra -Wfloat-conversion -Wlogical-op -Werror -MMD -I/workspace/scratch/86e4a45a0d74/verilator-uvm-extend/include -I/workspace/scratch/86e4a45a0d74/verilator-uvm-extend/include/vltstd -DVERILATOR=1 -DVM_COVERAGE=0 -DVM_SC=0 -DVM_TIMING=1 -DVM_TRACE=0 -DVM_TRACE_FST=0 -DVM_TRACE_VCD=0 -DVM_TRACE_SAIF=0 -DVM_VPI=0 -faligned-new -fcf-protection=none -Wno-bool-operation -Wno-int-in-bool-context -Wno-shadow -Wno-sign-compare -Wno-subobject-linkage -Wno-tautological-compare -Wno-uninitialized -Wno-unused-but-set-parameter -Wno-unused-but-set-variable -Wno-unused-parameter -Wno-unused-variable    -O0 -DVL_TIME_CONTEXT   -fcoroutines -c -o verilated_threads.o /workspace/scratch/86e4a45a0d74/verilator-uvm-extend/include/verilated_threads.cpp
g++ -Os  -I. -Wall -Wextra -Wfloat-conversion -Wlogical-op -Werror -MMD -I/workspace/scratch/86e4a45a0d74/verilator-uvm-extend/include -I/workspace/scratch/86e4a45a0d74/verilator-uvm-extend/include/vltstd -DVERILATOR=1 -DVM_COVERAGE=0 -DVM_SC=0 -DVM_TIMING=1 -DVM_TRACE=0 -DVM_TRACE_FST=0 -DVM_TRACE_VCD=0 -DVM_TRACE_SAIF=0 -DVM_VPI=0 -faligned-new -fcf-protection=none -Wno-bool-operation -Wno-int-in-bool-context -Wno-shadow -Wno-sign-compare -Wno-subobject-linkage -Wno-tautological-compare -Wno-uninitialized -Wno-unused-but-set-parameter -Wno-unused-but-set-variable -Wno-unused-parameter -Wno-unused-variable    -O0 -DVL_TIME_CONTEXT   -fcoroutines -x c++-header Vt_uvm_config_vif_clocking__pch.h -o Vt_uvm_config_vif_clocking__pch.h.fast.gch
g++ -Os  -I. -Wall -Wextra -Wfloat-conversion -Wlogical-op -Werror -MMD -I/workspace/scratch/86e4a45a0d74/verilator-uvm-extend/include -I/workspace/scratch/86e4a45a0d74/verilator-uvm-extend/include/vltstd -DVERILATOR=1 -DVM_COVERAGE=0 -DVM_SC=0 -DVM_TIMING=1 -DVM_TRACE=0 -DVM_TRACE_FST=0 -DVM_TRACE_VCD=0 -DVM_TRACE_SAIF=0 -DVM_VPI=0 -faligned-new -fcf-protection=none -Wno-bool-operation -Wno-int-in-bool-context -Wno-shadow -Wno-sign-compare -Wno-subobject-linkage -Wno-tautological-compare -Wno-uninitialized -Wno-unused-but-set-parameter -Wno-unused-but-set-variable -Wno-unused-parameter -Wno-unused-variable    -O0 -DVL_TIME_CONTEXT   -fcoroutines -include Vt_uvm_config_vif_clocking__pch.h.fast -c Vt_uvm_config_vif_clocking_vm_classes_0.cpp
g++ -Os  -I. -Wall -Wextra -Wfloat-conversion -Wlogical-op -Werror -MMD -I/workspace/scratch/86e4a45a0d74/verilator-uvm-extend/include -I/workspace/scratch/86e4a45a0d74/verilator-uvm-extend/include/vltstd -DVERILATOR=1 -DVM_COVERAGE=0 -DVM_SC=0 -DVM_TIMING=1 -DVM_TRACE=0 -DVM_TRACE_FST=0 -DVM_TRACE_VCD=0 -DVM_TRACE_SAIF=0 -DVM_VPI=0 -faligned-new -fcf-protection=none -Wno-bool-operation -Wno-int-in-bool-context -Wno-shadow -Wno-sign-compare -Wno-subobject-linkage -Wno-tautological-compare -Wno-uninitialized -Wno-unused-but-set-parameter -Wno-unused-but-set-variable -Wno-unused-parameter -Wno-unused-variable    -O0 -DVL_TIME_CONTEXT   -fcoroutines -include Vt_uvm_config_vif_clocking__pch.h.fast -c Vt_uvm_config_vif_clocking_vm_classes_1.cpp
g++ -Os  -I. -Wall -Wextra -Wfloat-conversion -Wlogical-op -Werror -MMD -I/workspace/scratch/86e4a45a0d74/verilator-uvm-extend/include -I/workspace/scratch/86e4a45a0d74/verilator-uvm-extend/include/vltstd -DVERILATOR=1 -DVM_COVERAGE=0 -DVM_SC=0 -DVM_TIMING=1 -DVM_TRACE=0 -DVM_TRACE_FST=0 -DVM_TRACE_VCD=0 -DVM_TRACE_SAIF=0 -DVM_VPI=0 -faligned-new -fcf-protection=none -Wno-bool-operation -Wno-int-in-bool-context -Wno-shadow -Wno-sign-compare -Wno-subobject-linkage -Wno-tautological-compare -Wno-uninitialized -Wno-unused-but-set-parameter -Wno-unused-but-set-variable -Wno-unused-parameter -Wno-unused-variable    -O0 -DVL_TIME_CONTEXT   -fcoroutines -include Vt_uvm_config_vif_clocking__pch.h.fast -c Vt_uvm_config_vif_clocking_vm_classes_2.cpp
g++ -Os  -I. -Wall -Wextra -Wfloat-conversion -Wlogical-op -Werror -MMD -I/workspace/scratch/86e4a45a0d74/verilator-uvm-extend/include -I/workspace/scratch/86e4a45a0d74/verilator-uvm-extend/include/vltstd -DVERILATOR=1 -DVM_COVERAGE=0 -DVM_SC=0 -DVM_TIMING=1 -DVM_TRACE=0 -DVM_TRACE_FST=0 -DVM_TRACE_VCD=0 -DVM_TRACE_SAIF=0 -DVM_VPI=0 -faligned-new -fcf-protection=none -Wno-bool-operation -Wno-int-in-bool-context -Wno-shadow -Wno-sign-compare -Wno-subobject-linkage -Wno-tautological-compare -Wno-uninitialized -Wno-unused-but-set-parameter -Wno-unused-but-set-variable -Wno-unused-parameter -Wno-unused-variable    -O0 -DVL_TIME_CONTEXT   -fcoroutines -include Vt_uvm_config_vif_clocking__pch.h.fast -c Vt_uvm_config_vif_clocking_vm_classes_3.cpp
==SUMMARY: Left 9  Passed 18  Failed 0  Running 1  Time 9:36
==STILL RUNNING:  t/t_uvm_config_vif_clocking.py
==SUMMARY: Left 9  Passed 18  Failed 0  Running 1  Time 9:51
==STILL RUNNING:  t/t_uvm_config_vif_clocking.py
==SUMMARY: Left 9  Passed 18  Failed 0  Running 1  Time 10:06
==STILL RUNNING:  t/t_uvm_config_vif_clocking.py
==SUMMARY: Left 9  Passed 18  Failed 0  Running 1  Time 10:21
==STILL RUNNING:  t/t_uvm_config_vif_clocking.py
g++ -Os  -I. -Wall -Wextra -Wfloat-conversion -Wlogical-op -Werror -MMD -I/workspace/scratch/86e4a45a0d74/verilator-uvm-extend/include -I/workspace/scratch/86e4a45a0d74/verilator-uvm-extend/include/vltstd -DVERILATOR=1 -DVM_COVERAGE=0 -DVM_SC=0 -DVM_TIMING=1 -DVM_TRACE=0 -DVM_TRACE_FST=0 -DVM_TRACE_VCD=0 -DVM_TRACE_SAIF=0 -DVM_VPI=0 -faligned-new -fcf-protection=none -Wno-bool-operation -Wno-int-in-bool-context -Wno-shadow -Wno-sign-compare -Wno-subobject-linkage -Wno-tautological-compare -Wno-uninitialized -Wno-unused-but-set-parameter -Wno-unused-but-set-variable -Wno-unused-parameter -Wno-unused-variable    -O0 -DVL_TIME_CONTEXT   -fcoroutines -include Vt_uvm_config_vif_clocking__pch.h.fast -c Vt_uvm_config_vif_clocking_vm_classes_4.cpp
g++ -Os  -I. -Wall -Wextra -Wfloat-conversion -Wlogical-op -Werror -MMD -I/workspace/scratch/86e4a45a0d74/verilator-uvm-extend/include -I/workspace/scratch/86e4a45a0d74/verilator-uvm-extend/include/vltstd -DVERILATOR=1 -DVM_COVERAGE=0 -DVM_SC=0 -DVM_TIMING=1 -DVM_TRACE=0 -DVM_TRACE_FST=0 -DVM_TRACE_VCD=0 -DVM_TRACE_SAIF=0 -DVM_VPI=0 -faligned-new -fcf-protection=none -Wno-bool-operation -Wno-int-in-bool-context -Wno-shadow -Wno-sign-compare -Wno-subobject-linkage -Wno-tautological-compare -Wno-uninitialized -Wno-unused-but-set-parameter -Wno-unused-but-set-variable -Wno-unused-parameter -Wno-unused-variable    -O0 -DVL_TIME_CONTEXT   -fcoroutines -include Vt_uvm_config_vif_clocking__pch.h.fast -c Vt_uvm_config_vif_clocking_vm_classes_5.cpp
g++ -Os  -I. -Wall -Wextra -Wfloat-conversion -Wlogical-op -Werror -MMD -I/workspace/scratch/86e4a45a0d74/verilator-uvm-extend/include -I/workspace/scratch/86e4a45a0d74/verilator-uvm-extend/include/vltstd -DVERILATOR=1 -DVM_COVERAGE=0 -DVM_SC=0 -DVM_TIMING=1 -DVM_TRACE=0 -DVM_TRACE_FST=0 -DVM_TRACE_VCD=0 -DVM_TRACE_SAIF=0 -DVM_VPI=0 -faligned-new -fcf-protection=none -Wno-bool-operation -Wno-int-in-bool-context -Wno-shadow -Wno-sign-compare -Wno-subobject-linkage -Wno-tautological-compare -Wno-uninitialized -Wno-unused-but-set-parameter -Wno-unused-but-set-variable -Wno-unused-parameter -Wno-unused-variable    -O0 -DVL_TIME_CONTEXT   -fcoroutines -include Vt_uvm_config_vif_clocking__pch.h.fast -c Vt_uvm_config_vif_clocking__Dpi.cpp
g++   -I. -Wall -Wextra -Wfloat-conversion -Wlogical-op -Werror -MMD -I/workspace/scratch/86e4a45a0d74/verilator-uvm-extend/include -I/workspace/scratch/86e4a45a0d74/verilator-uvm-extend/include/vltstd -DVERILATOR=1 -DVM_COVERAGE=0 -DVM_SC=0 -DVM_TIMING=1 -DVM_TRACE=0 -DVM_TRACE_FST=0 -DVM_TRACE_VCD=0 -DVM_TRACE_SAIF=0 -DVM_VPI=0 -faligned-new -fcf-protection=none -Wno-bool-operation -Wno-int-in-bool-context -Wno-shadow -Wno-sign-compare -Wno-subobject-linkage -Wno-tautological-compare -Wno-uninitialized -Wno-unused-but-set-parameter -Wno-unused-but-set-variable -Wno-unused-parameter -Wno-unused-variable    -O0 -DVL_TIME_CONTEXT   -fcoroutines -x c++-header Vt_uvm_config_vif_clocking__pch.h -o Vt_uvm_config_vif_clocking__pch.h.slow.gch
g++   -I. -Wall -Wextra -Wfloat-conversion -Wlogical-op -Werror -MMD -I/workspace/scratch/86e4a45a0d74/verilator-uvm-extend/include -I/workspace/scratch/86e4a45a0d74/verilator-uvm-extend/include/vltstd -DVERILATOR=1 -DVM_COVERAGE=0 -DVM_SC=0 -DVM_TIMING=1 -DVM_TRACE=0 -DVM_TRACE_FST=0 -DVM_TRACE_VCD=0 -DVM_TRACE_SAIF=0 -DVM_VPI=0 -faligned-new -fcf-protection=none -Wno-bool-operation -Wno-int-in-bool-context -Wno-shadow -Wno-sign-compare -Wno-subobject-linkage -Wno-tautological-compare -Wno-uninitialized -Wno-unused-but-set-parameter -Wno-unused-but-set-variable -Wno-unused-parameter -Wno-unused-variable    -O0 -DVL_TIME_CONTEXT   -fcoroutines -include Vt_uvm_config_vif_clocking__pch.h.slow -c Vt_uvm_config_vif_clocking__ConstPool__0__Slow.cpp
g++   -I. -Wall -Wextra -Wfloat-conversion -Wlogical-op -Werror -MMD -I/workspace/scratch/86e4a45a0d74/verilator-uvm-extend/include -I/workspace/scratch/86e4a45a0d74/verilator-uvm-extend/include/vltstd -DVERILATOR=1 -DVM_COVERAGE=0 -DVM_SC=0 -DVM_TIMING=1 -DVM_TRACE=0 -DVM_TRACE_FST=0 -DVM_TRACE_VCD=0 -DVM_TRACE_SAIF=0 -DVM_VPI=0 -faligned-new -fcf-protection=none -Wno-bool-operation -Wno-int-in-bool-context -Wno-shadow -Wno-sign-compare -Wno-subobject-linkage -Wno-tautological-compare -Wno-uninitialized -Wno-unused-but-set-parameter -Wno-unused-but-set-variable -Wno-unused-parameter -Wno-unused-variable    -O0 -DVL_TIME_CONTEXT   -fcoroutines -include Vt_uvm_config_vif_clocking__pch.h.slow -c Vt_uvm_config_vif_clocking___024root__Slow.cpp
g++   -I. -Wall -Wextra -Wfloat-conversion -Wlogical-op -Werror -MMD -I/workspace/scratch/86e4a45a0d74/verilator-uvm-extend/include -I/workspace/scratch/86e4a45a0d74/verilator-uvm-extend/include/vltstd -DVERILATOR=1 -DVM_COVERAGE=0 -DVM_SC=0 -DVM_TIMING=1 -DVM_TRACE=0 -DVM_TRACE_FST=0 -DVM_TRACE_VCD=0 -DVM_TRACE_SAIF=0 -DVM_VPI=0 -faligned-new -fcf-protection=none -Wno-bool-operation -Wno-int-in-bool-context -Wno-shadow -Wno-sign-compare -Wno-subobject-linkage -Wno-tautological-compare -Wno-uninitialized -Wno-unused-but-set-parameter -Wno-unused-but-set-variable -Wno-unused-parameter -Wno-unused-variable    -O0 -DVL_TIME_CONTEXT   -fcoroutines -include Vt_uvm_config_vif_clocking__pch.h.slow -c Vt_uvm_config_vif_clocking___024root__0__Slow.cpp
g++   -I. -Wall -Wextra -Wfloat-conversion -Wlogical-op -Werror -MMD -I/workspace/scratch/86e4a45a0d74/verilator-uvm-extend/include -I/workspace/scratch/86e4a45a0d74/verilator-uvm-extend/include/vltstd -DVERILATOR=1 -DVM_COVERAGE=0 -DVM_SC=0 -DVM_TIMING=1 -DVM_TRACE=0 -DVM_TRACE_FST=0 -DVM_TRACE_VCD=0 -DVM_TRACE_SAIF=0 -DVM_VPI=0 -faligned-new -fcf-protection=none -Wno-bool-operation -Wno-int-in-bool-context -Wno-shadow -Wno-sign-compare -Wno-subobject-linkage -Wno-tautological-compare -Wno-uninitialized -Wno-unused-but-set-parameter -Wno-unused-but-set-variable -Wno-unused-parameter -Wno-unused-variable    -O0 -DVL_TIME_CONTEXT   -fcoroutines -include Vt_uvm_config_vif_clocking__pch.h.slow -c Vt_uvm_config_vif_clocking_vm_classes_Slow_0.cpp
g++   -I. -Wall -Wextra -Wfloat-conversion -Wlogical-op -Werror -MMD -I/workspace/scratch/86e4a45a0d74/verilator-uvm-extend/include -I/workspace/scratch/86e4a45a0d74/verilator-uvm-extend/include/vltstd -DVERILATOR=1 -DVM_COVERAGE=0 -DVM_SC=0 -DVM_TIMING=1 -DVM_TRACE=0 -DVM_TRACE_FST=0 -DVM_TRACE_VCD=0 -DVM_TRACE_SAIF=0 -DVM_VPI=0 -faligned-new -fcf-protection=none -Wno-bool-operation -Wno-int-in-bool-context -Wno-shadow -Wno-sign-compare -Wno-subobject-linkage -Wno-tautological-compare -Wno-uninitialized -Wno-unused-but-set-parameter -Wno-unused-but-set-variable -Wno-unused-parameter -Wno-unused-variable    -O0 -DVL_TIME_CONTEXT   -fcoroutines -include Vt_uvm_config_vif_clocking__pch.h.slow -c Vt_uvm_config_vif_clocking_vm_classes_Slow_1.cpp
g++   -I. -Wall -Wextra -Wfloat-conversion -Wlogical-op -Werror -MMD -I/workspace/scratch/86e4a45a0d74/verilator-uvm-extend/include -I/workspace/scratch/86e4a45a0d74/verilator-uvm-extend/include/vltstd -DVERILATOR=1 -DVM_COVERAGE=0 -DVM_SC=0 -DVM_TIMING=1 -DVM_TRACE=0 -DVM_TRACE_FST=0 -DVM_TRACE_VCD=0 -DVM_TRACE_SAIF=0 -DVM_VPI=0 -faligned-new -fcf-protection=none -Wno-bool-operation -Wno-int-in-bool-context -Wno-shadow -Wno-sign-compare -Wno-subobject-linkage -Wno-tautological-compare -Wno-uninitialized -Wno-unused-but-set-parameter -Wno-unused-but-set-variable -Wno-unused-parameter -Wno-unused-variable    -O0 -DVL_TIME_CONTEXT   -fcoroutines -include Vt_uvm_config_vif_clocking__pch.h.slow -c Vt_uvm_config_vif_clocking_vm_classes_Slow_2.cpp
g++   -I. -Wall -Wextra -Wfloat-conversion -Wlogical-op -Werror -MMD -I/workspace/scratch/86e4a45a0d74/verilator-uvm-extend/include -I/workspace/scratch/86e4a45a0d74/verilator-uvm-extend/include/vltstd -DVERILATOR=1 -DVM_COVERAGE=0 -DVM_SC=0 -DVM_TIMING=1 -DVM_TRACE=0 -DVM_TRACE_FST=0 -DVM_TRACE_VCD=0 -DVM_TRACE_SAIF=0 -DVM_VPI=0 -faligned-new -fcf-protection=none -Wno-bool-operation -Wno-int-in-bool-context -Wno-shadow -Wno-sign-compare -Wno-subobject-linkage -Wno-tautological-compare -Wno-uninitialized -Wno-unused-but-set-parameter -Wno-unused-but-set-variable -Wno-unused-parameter -Wno-unused-variable    -O0 -DVL_TIME_CONTEXT   -fcoroutines -include Vt_uvm_config_vif_clocking__pch.h.slow -c Vt_uvm_config_vif_clocking_vm_classes_Slow_3.cpp
g++   -I. -Wall -Wextra -Wfloat-conversion -Wlogical-op -Werror -MMD -I/workspace/scratch/86e4a45a0d74/verilator-uvm-extend/include -I/workspace/scratch/86e4a45a0d74/verilator-uvm-extend/include/vltstd -DVERILATOR=1 -DVM_COVERAGE=0 -DVM_SC=0 -DVM_TIMING=1 -DVM_TRACE=0 -DVM_TRACE_FST=0 -DVM_TRACE_VCD=0 -DVM_TRACE_SAIF=0 -DVM_VPI=0 -faligned-new -fcf-protection=none -Wno-bool-operation -Wno-int-in-bool-context -Wno-shadow -Wno-sign-compare -Wno-subobject-linkage -Wno-tautological-compare -Wno-uninitialized -Wno-unused-but-set-parameter -Wno-unused-but-set-variable -Wno-unused-parameter -Wno-unused-variable    -O0 -DVL_TIME_CONTEXT   -fcoroutines -include Vt_uvm_config_vif_clocking__pch.h.slow -c Vt_uvm_config_vif_clocking_vm_classes_Slow_4.cpp
g++   -I. -Wall -Wextra -Wfloat-conversion -Wlogical-op -Werror -MMD -I/workspace/scratch/86e4a45a0d74/verilator-uvm-extend/include -I/workspace/scratch/86e4a45a0d74/verilator-uvm-extend/include/vltstd -DVERILATOR=1 -DVM_COVERAGE=0 -DVM_SC=0 -DVM_TIMING=1 -DVM_TRACE=0 -DVM_TRACE_FST=0 -DVM_TRACE_VCD=0 -DVM_TRACE_SAIF=0 -DVM_VPI=0 -faligned-new -fcf-protection=none -Wno-bool-operation -Wno-int-in-bool-context -Wno-shadow -Wno-sign-compare -Wno-subobject-linkage -Wno-tautological-compare -Wno-uninitialized -Wno-unused-but-set-parameter -Wno-unused-but-set-variable -Wno-unused-parameter -Wno-unused-variable    -O0 -DVL_TIME_CONTEXT   -fcoroutines -include Vt_uvm_config_vif_clocking__pch.h.slow -c Vt_uvm_config_vif_clocking_vm_classes_Slow_5.cpp
g++   -I. -Wall -Wextra -Wfloat-conversion -Wlogical-op -Werror -MMD -I/workspace/scratch/86e4a45a0d74/verilator-uvm-extend/include -I/workspace/scratch/86e4a45a0d74/verilator-uvm-extend/include/vltstd -DVERILATOR=1 -DVM_COVERAGE=0 -DVM_SC=0 -DVM_TIMING=1 -DVM_TRACE=0 -DVM_TRACE_FST=0 -DVM_TRACE_VCD=0 -DVM_TRACE_SAIF=0 -DVM_VPI=0 -faligned-new -fcf-protection=none -Wno-bool-operation -Wno-int-in-bool-context -Wno-shadow -Wno-sign-compare -Wno-subobject-linkage -Wno-tautological-compare -Wno-uninitialized -Wno-unused-but-set-parameter -Wno-unused-but-set-variable -Wno-unused-parameter -Wno-unused-variable    -O0 -DVL_TIME_CONTEXT   -fcoroutines -include Vt_uvm_config_vif_clocking__pch.h.slow -c Vt_uvm_config_vif_clocking__Syms__Slow.cpp
g++    verilated.o verilated_dpi.o verilated_timing.o verilated_random.o verilated_threads.o Vt_uvm_config_vif_clocking__ALL.a    -pthread -lpthread -latomic   -o Vt_uvm_config_vif_clocking
rm Vt_uvm_config_vif_clocking__ALL.verilator_deplist.tmp
make[1]: Leaving directory '/workspace/scratch/86e4a45a0d74/verilator-uvm-extend/test_regress/obj_vlt/t_uvm_config_vif_clocking-uvm2020'
- V e r i l a t i o n   R e p o r t: Verilator 5.051 devel rev vUNKNOWN-built20260906-4906f041d
- Verilator: Built from 3.367 MB sources in 365 modules, into 22.422 MB in 2056 C++ files needing 78.885 MB
- Verilator: Walltime 163.502 s (elab=3.010, cvt=20.524, bld=137.374); cpu 26.124 s on 1 threads; allocated 280.035 MB
        obj_vlt/t_uvm_config_vif_clocking-uvm2020/Vt_uvm_config_vif_clocking +UVM_NO_RELNOTES    > obj_vlt/t_uvm_config_vif_clocking-uvm2020/vlt_sim.log
UVM_INFO t/uvm/src/base/uvm_root.svh(476) @ 0: reporter [UVM/RELNOTES]
  ***********       IMPORTANT RELEASE NOTES         ************

  This implementation of the UVM Library deviates from the 1800.2-2020
  standard.  See the DEVIATIONS.md file contained in the release
  for more details.

----------------------------------------------------------------
Accellera:1800.2:UVM:2020.3.1

All copyright owners for this kit are listed in NOTICE.txt
All Rights Reserved Worldwide
----------------------------------------------------------------

      (Specify +UVM_NO_RELNOTES to turn off this notice)

UVM_WARNING t/uvm/src/base/uvm_root.svh(549) @ 0: reporter [NO_DPI_USED] We are thinking of removing support for UVM_NO_DPI.  Please try this test without it and evaluate the impact
UVM_INFO @ 0: reporter [RNTST] Running test vif_test...
UVM_INFO t/uvm/src/base/uvm_traversal.svh(345) @ 0: reporter [UVM/COMP/NAMECHECK] This implementation of the component name checks requires DPI to be enabled
UVM_WARNING t/uvm/src/base/uvm_traversal.svh(314) @ 0: reporter [NO_VISIT_CHECK] Because UVM_REGEX_NO_DPI is defined, no uvm component name constraints will be checked
UVM_INFO t/uvm/src/base/uvm_report_server.svh(1009) @ 45: reporter [UVM/REPORT/SERVER]
--- UVM Report Summary ---

** Report counts by severity
UVM_INFO :    3
UVM_WARNING :    2
UVM_ERROR :    0
UVM_FATAL :    0
** Report counts by id
[NO_DPI_USED]     1
[NO_VISIT_CHECK]     1
[RNTST]     1
[UVM/COMP/NAMECHECK]     1
[UVM/RELNOTES]     1

** UVM CONFIG VIF CLOCKING PASSED **
- t/t_uvm_config_vif_clocking.v:207: Verilog $finish
- S i m u l a t i o n   R e p o r t: Verilator 5.051 devel
- Verilator: $finish at 45ps; walltime 0.016 s; speed 2.829 ns/s
- Verilator: cpu 0.016 s on 1 threads; allocated 29 MB
vlt/t_uvm_config_vif_clocking: Self PASSED
==SUMMARY: Left 8  Passed 19  Failed 0  Running 1  Time 10:35
==SUMMARY: Left 8  Passed 19  Failed 0  Running 1  Time 10:50
==STILL RUNNING:  t/t_uvm_config_resource_component.py
==SUMMARY: Left 8  Passed 19  Failed 0  Running 1  Time 11:05
==STILL RUNNING:  t/t_uvm_config_resource_component.py
==SUMMARY: Left 8  Passed 19  Failed 0  Running 1  Time 11:20
==STILL RUNNING:  t/t_uvm_config_resource_component.py
==SUMMARY: Left 8  Passed 19  Failed 0  Running 1  Time 11:35
==STILL RUNNING:  t/t_uvm_config_resource_component.py
==SUMMARY: Left 8  Passed 19  Failed 0  Running 1  Time 11:50
==STILL RUNNING:  t/t_uvm_config_resource_component.py
==SUMMARY: Left 8  Passed 19  Failed 0  Running 1  Time 12:05
==STILL RUNNING:  t/t_uvm_config_resource_component.py
======================================================================
vlt/t_uvm_config_resource_component: ==================================================
        perl /workspace/scratch/86e4a45a0d74/verilator-uvm-extend/bin/verilator --prefix Vt_uvm_config_resource_component -cc -Mdir obj_vlt/t_uvm_config_resource_component-uvm2020 --fdedup --debug-check --comp-limit-members 10 --x-assign unique -f input.vc +define+TEST_OBJ_DIR=obj_vlt/t_uvm_config_resource_component-uvm2020 +define+TEST_DUMPFILE=obj_vlt/t_uvm_config_resource_component-uvm2020/simx.vcd --binary --build-jobs 1 --output-groups 6 --CFLAGS -O0 -Wall +incdir+t/uvm t/uvm/uvm_pkg_all_v2020_3_1_nodpi.svh t/t_uvm_config_resource_component.v   > obj_vlt/t_uvm_config_resource_component-uvm2020/vlt_compile.log
make[1]: Entering directory '/workspace/scratch/86e4a45a0d74/verilator-uvm-extend/test_regress/obj_vlt/t_uvm_config_resource_component-uvm2020'
g++ -Os  -I. -Wall -Wextra -Wfloat-conversion -Wlogical-op -Werror -MMD -I/workspace/scratch/86e4a45a0d74/verilator-uvm-extend/include -I/workspace/scratch/86e4a45a0d74/verilator-uvm-extend/include/vltstd -DVERILATOR=1 -DVM_COVERAGE=0 -DVM_SC=0 -DVM_TIMING=1 -DVM_TRACE=0 -DVM_TRACE_FST=0 -DVM_TRACE_VCD=0 -DVM_TRACE_SAIF=0 -DVM_VPI=0 -faligned-new -fcf-protection=none -Wno-bool-operation -Wno-int-in-bool-context -Wno-shadow -Wno-sign-compare -Wno-subobject-linkage -Wno-tautological-compare -Wno-uninitialized -Wno-unused-but-set-parameter -Wno-unused-but-set-variable -Wno-unused-parameter -Wno-unused-variable    -O0 -DVL_TIME_CONTEXT   -fcoroutines -c -o verilated.o /workspace/scratch/86e4a45a0d74/verilator-uvm-extend/include/verilated.cpp
g++ -Os  -I. -Wall -Wextra -Wfloat-conversion -Wlogical-op -Werror -MMD -I/workspace/scratch/86e4a45a0d74/verilator-uvm-extend/include -I/workspace/scratch/86e4a45a0d74/verilator-uvm-extend/include/vltstd -DVERILATOR=1 -DVM_COVERAGE=0 -DVM_SC=0 -DVM_TIMING=1 -DVM_TRACE=0 -DVM_TRACE_FST=0 -DVM_TRACE_VCD=0 -DVM_TRACE_SAIF=0 -DVM_VPI=0 -faligned-new -fcf-protection=none -Wno-bool-operation -Wno-int-in-bool-context -Wno-shadow -Wno-sign-compare -Wno-subobject-linkage -Wno-tautological-compare -Wno-uninitialized -Wno-unused-but-set-parameter -Wno-unused-but-set-variable -Wno-unused-parameter -Wno-unused-variable    -O0 -DVL_TIME_CONTEXT   -fcoroutines -c -o verilated_dpi.o /workspace/scratch/86e4a45a0d74/verilator-uvm-extend/include/verilated_dpi.cpp
g++ -Os  -I. -Wall -Wextra -Wfloat-conversion -Wlogical-op -Werror -MMD -I/workspace/scratch/86e4a45a0d74/verilator-uvm-extend/include -I/workspace/scratch/86e4a45a0d74/verilator-uvm-extend/include/vltstd -DVERILATOR=1 -DVM_COVERAGE=0 -DVM_SC=0 -DVM_TIMING=1 -DVM_TRACE=0 -DVM_TRACE_FST=0 -DVM_TRACE_VCD=0 -DVM_TRACE_SAIF=0 -DVM_VPI=0 -faligned-new -fcf-protection=none -Wno-bool-operation -Wno-int-in-bool-context -Wno-shadow -Wno-sign-compare -Wno-subobject-linkage -Wno-tautological-compare -Wno-uninitialized -Wno-unused-but-set-parameter -Wno-unused-but-set-variable -Wno-unused-parameter -Wno-unused-variable    -O0 -DVL_TIME_CONTEXT   -fcoroutines -c -o verilated_timing.o /workspace/scratch/86e4a45a0d74/verilator-uvm-extend/include/verilated_timing.cpp
g++ -Os  -I. -Wall -Wextra -Wfloat-conversion -Wlogical-op -Werror -MMD -I/workspace/scratch/86e4a45a0d74/verilator-uvm-extend/include -I/workspace/scratch/86e4a45a0d74/verilator-uvm-extend/include/vltstd -DVERILATOR=1 -DVM_COVERAGE=0 -DVM_SC=0 -DVM_TIMING=1 -DVM_TRACE=0 -DVM_TRACE_FST=0 -DVM_TRACE_VCD=0 -DVM_TRACE_SAIF=0 -DVM_VPI=0 -faligned-new -fcf-protection=none -Wno-bool-operation -Wno-int-in-bool-context -Wno-shadow -Wno-sign-compare -Wno-subobject-linkage -Wno-tautological-compare -Wno-uninitialized -Wno-unused-but-set-parameter -Wno-unused-but-set-variable -Wno-unused-parameter -Wno-unused-variable    -O0 -DVL_TIME_CONTEXT   -fcoroutines -c -o verilated_random.o /workspace/scratch/86e4a45a0d74/verilator-uvm-extend/include/verilated_random.cpp
g++ -Os  -I. -Wall -Wextra -Wfloat-conversion -Wlogical-op -Werror -MMD -I/workspace/scratch/86e4a45a0d74/verilator-uvm-extend/include -I/workspace/scratch/86e4a45a0d74/verilator-uvm-extend/include/vltstd -DVERILATOR=1 -DVM_COVERAGE=0 -DVM_SC=0 -DVM_TIMING=1 -DVM_TRACE=0 -DVM_TRACE_FST=0 -DVM_TRACE_VCD=0 -DVM_TRACE_SAIF=0 -DVM_VPI=0 -faligned-new -fcf-protection=none -Wno-bool-operation -Wno-int-in-bool-context -Wno-shadow -Wno-sign-compare -Wno-subobject-linkage -Wno-tautological-compare -Wno-uninitialized -Wno-unused-but-set-parameter -Wno-unused-but-set-variable -Wno-unused-parameter -Wno-unused-variable    -O0 -DVL_TIME_CONTEXT   -fcoroutines -c -o verilated_threads.o /workspace/scratch/86e4a45a0d74/verilator-uvm-extend/include/verilated_threads.cpp
g++ -Os  -I. -Wall -Wextra -Wfloat-conversion -Wlogical-op -Werror -MMD -I/workspace/scratch/86e4a45a0d74/verilator-uvm-extend/include -I/workspace/scratch/86e4a45a0d74/verilator-uvm-extend/include/vltstd -DVERILATOR=1 -DVM_COVERAGE=0 -DVM_SC=0 -DVM_TIMING=1 -DVM_TRACE=0 -DVM_TRACE_FST=0 -DVM_TRACE_VCD=0 -DVM_TRACE_SAIF=0 -DVM_VPI=0 -faligned-new -fcf-protection=none -Wno-bool-operation -Wno-int-in-bool-context -Wno-shadow -Wno-sign-compare -Wno-subobject-linkage -Wno-tautological-compare -Wno-uninitialized -Wno-unused-but-set-parameter -Wno-unused-but-set-variable -Wno-unused-parameter -Wno-unused-variable    -O0 -DVL_TIME_CONTEXT   -fcoroutines -x c++-header Vt_uvm_config_resource_component__pch.h -o Vt_uvm_config_resource_component__pch.h.fast.gch
g++ -Os  -I. -Wall -Wextra -Wfloat-conversion -Wlogical-op -Werror -MMD -I/workspace/scratch/86e4a45a0d74/verilator-uvm-extend/include -I/workspace/scratch/86e4a45a0d74/verilator-uvm-extend/include/vltstd -DVERILATOR=1 -DVM_COVERAGE=0 -DVM_SC=0 -DVM_TIMING=1 -DVM_TRACE=0 -DVM_TRACE_FST=0 -DVM_TRACE_VCD=0 -DVM_TRACE_SAIF=0 -DVM_VPI=0 -faligned-new -fcf-protection=none -Wno-bool-operation -Wno-int-in-bool-context -Wno-shadow -Wno-sign-compare -Wno-subobject-linkage -Wno-tautological-compare -Wno-uninitialized -Wno-unused-but-set-parameter -Wno-unused-but-set-variable -Wno-unused-parameter -Wno-unused-variable    -O0 -DVL_TIME_CONTEXT   -fcoroutines -include Vt_uvm_config_resource_component__pch.h.fast -c Vt_uvm_config_resource_component_vm_classes_0.cpp
g++ -Os  -I. -Wall -Wextra -Wfloat-conversion -Wlogical-op -Werror -MMD -I/workspace/scratch/86e4a45a0d74/verilator-uvm-extend/include -I/workspace/scratch/86e4a45a0d74/verilator-uvm-extend/include/vltstd -DVERILATOR=1 -DVM_COVERAGE=0 -DVM_SC=0 -DVM_TIMING=1 -DVM_TRACE=0 -DVM_TRACE_FST=0 -DVM_TRACE_VCD=0 -DVM_TRACE_SAIF=0 -DVM_VPI=0 -faligned-new -fcf-protection=none -Wno-bool-operation -Wno-int-in-bool-context -Wno-shadow -Wno-sign-compare -Wno-subobject-linkage -Wno-tautological-compare -Wno-uninitialized -Wno-unused-but-set-parameter -Wno-unused-but-set-variable -Wno-unused-parameter -Wno-unused-variable    -O0 -DVL_TIME_CONTEXT   -fcoroutines -include Vt_uvm_config_resource_component__pch.h.fast -c Vt_uvm_config_resource_component_vm_classes_1.cpp
g++ -Os  -I. -Wall -Wextra -Wfloat-conversion -Wlogical-op -Werror -MMD -I/workspace/scratch/86e4a45a0d74/verilator-uvm-extend/include -I/workspace/scratch/86e4a45a0d74/verilator-uvm-extend/include/vltstd -DVERILATOR=1 -DVM_COVERAGE=0 -DVM_SC=0 -DVM_TIMING=1 -DVM_TRACE=0 -DVM_TRACE_FST=0 -DVM_TRACE_VCD=0 -DVM_TRACE_SAIF=0 -DVM_VPI=0 -faligned-new -fcf-protection=none -Wno-bool-operation -Wno-int-in-bool-context -Wno-shadow -Wno-sign-compare -Wno-subobject-linkage -Wno-tautological-compare -Wno-uninitialized -Wno-unused-but-set-parameter -Wno-unused-but-set-variable -Wno-unused-parameter -Wno-unused-variable    -O0 -DVL_TIME_CONTEXT   -fcoroutines -include Vt_uvm_config_resource_component__pch.h.fast -c Vt_uvm_config_resource_component_vm_classes_2.cpp
g++ -Os  -I. -Wall -Wextra -Wfloat-conversion -Wlogical-op -Werror -MMD -I/workspace/scratch/86e4a45a0d74/verilator-uvm-extend/include -I/workspace/scratch/86e4a45a0d74/verilator-uvm-extend/include/vltstd -DVERILATOR=1 -DVM_COVERAGE=0 -DVM_SC=0 -DVM_TIMING=1 -DVM_TRACE=0 -DVM_TRACE_FST=0 -DVM_TRACE_VCD=0 -DVM_TRACE_SAIF=0 -DVM_VPI=0 -faligned-new -fcf-protection=none -Wno-bool-operation -Wno-int-in-bool-context -Wno-shadow -Wno-sign-compare -Wno-subobject-linkage -Wno-tautological-compare -Wno-uninitialized -Wno-unused-but-set-parameter -Wno-unused-but-set-variable -Wno-unused-parameter -Wno-unused-variable    -O0 -DVL_TIME_CONTEXT   -fcoroutines -include Vt_uvm_config_resource_component__pch.h.fast -c Vt_uvm_config_resource_component_vm_classes_3.cpp
==SUMMARY: Left 8  Passed 19  Failed 0  Running 1  Time 12:20
==STILL RUNNING:  t/t_uvm_config_resource_component.py
==SUMMARY: Left 8  Passed 19  Failed 0  Running 1  Time 12:35
==STILL RUNNING:  t/t_uvm_config_resource_component.py
==SUMMARY: Left 8  Passed 19  Failed 0  Running 1  Time 12:50
==STILL RUNNING:  t/t_uvm_config_resource_component.py
==SUMMARY: Left 8  Passed 19  Failed 0  Running 1  Time 13:05
==STILL RUNNING:  t/t_uvm_config_resource_component.py
g++ -Os  -I. -Wall -Wextra -Wfloat-conversion -Wlogical-op -Werror -MMD -I/workspace/scratch/86e4a45a0d74/verilator-uvm-extend/include -I/workspace/scratch/86e4a45a0d74/verilator-uvm-extend/include/vltstd -DVERILATOR=1 -DVM_COVERAGE=0 -DVM_SC=0 -DVM_TIMING=1 -DVM_TRACE=0 -DVM_TRACE_FST=0 -DVM_TRACE_VCD=0 -DVM_TRACE_SAIF=0 -DVM_VPI=0 -faligned-new -fcf-protection=none -Wno-bool-operation -Wno-int-in-bool-context -Wno-shadow -Wno-sign-compare -Wno-subobject-linkage -Wno-tautological-compare -Wno-uninitialized -Wno-unused-but-set-parameter -Wno-unused-but-set-variable -Wno-unused-parameter -Wno-unused-variable    -O0 -DVL_TIME_CONTEXT   -fcoroutines -include Vt_uvm_config_resource_component__pch.h.fast -c Vt_uvm_config_resource_component_vm_classes_4.cpp
g++ -Os  -I. -Wall -Wextra -Wfloat-conversion -Wlogical-op -Werror -MMD -I/workspace/scratch/86e4a45a0d74/verilator-uvm-extend/include -I/workspace/scratch/86e4a45a0d74/verilator-uvm-extend/include/vltstd -DVERILATOR=1 -DVM_COVERAGE=0 -DVM_SC=0 -DVM_TIMING=1 -DVM_TRACE=0 -DVM_TRACE_FST=0 -DVM_TRACE_VCD=0 -DVM_TRACE_SAIF=0 -DVM_VPI=0 -faligned-new -fcf-protection=none -Wno-bool-operation -Wno-int-in-bool-context -Wno-shadow -Wno-sign-compare -Wno-subobject-linkage -Wno-tautological-compare -Wno-uninitialized -Wno-unused-but-set-parameter -Wno-unused-but-set-variable -Wno-unused-parameter -Wno-unused-variable    -O0 -DVL_TIME_CONTEXT   -fcoroutines -include Vt_uvm_config_resource_component__pch.h.fast -c Vt_uvm_config_resource_component_vm_classes_5.cpp
g++ -Os  -I. -Wall -Wextra -Wfloat-conversion -Wlogical-op -Werror -MMD -I/workspace/scratch/86e4a45a0d74/verilator-uvm-extend/include -I/workspace/scratch/86e4a45a0d74/verilator-uvm-extend/include/vltstd -DVERILATOR=1 -DVM_COVERAGE=0 -DVM_SC=0 -DVM_TIMING=1 -DVM_TRACE=0 -DVM_TRACE_FST=0 -DVM_TRACE_VCD=0 -DVM_TRACE_SAIF=0 -DVM_VPI=0 -faligned-new -fcf-protection=none -Wno-bool-operation -Wno-int-in-bool-context -Wno-shadow -Wno-sign-compare -Wno-subobject-linkage -Wno-tautological-compare -Wno-uninitialized -Wno-unused-but-set-parameter -Wno-unused-but-set-variable -Wno-unused-parameter -Wno-unused-variable    -O0 -DVL_TIME_CONTEXT   -fcoroutines -include Vt_uvm_config_resource_component__pch.h.fast -c Vt_uvm_config_resource_component__Dpi.cpp
g++   -I. -Wall -Wextra -Wfloat-conversion -Wlogical-op -Werror -MMD -I/workspace/scratch/86e4a45a0d74/verilator-uvm-extend/include -I/workspace/scratch/86e4a45a0d74/verilator-uvm-extend/include/vltstd -DVERILATOR=1 -DVM_COVERAGE=0 -DVM_SC=0 -DVM_TIMING=1 -DVM_TRACE=0 -DVM_TRACE_FST=0 -DVM_TRACE_VCD=0 -DVM_TRACE_SAIF=0 -DVM_VPI=0 -faligned-new -fcf-protection=none -Wno-bool-operation -Wno-int-in-bool-context -Wno-shadow -Wno-sign-compare -Wno-subobject-linkage -Wno-tautological-compare -Wno-uninitialized -Wno-unused-but-set-parameter -Wno-unused-but-set-variable -Wno-unused-parameter -Wno-unused-variable    -O0 -DVL_TIME_CONTEXT   -fcoroutines -x c++-header Vt_uvm_config_resource_component__pch.h -o Vt_uvm_config_resource_component__pch.h.slow.gch
g++   -I. -Wall -Wextra -Wfloat-conversion -Wlogical-op -Werror -MMD -I/workspace/scratch/86e4a45a0d74/verilator-uvm-extend/include -I/workspace/scratch/86e4a45a0d74/verilator-uvm-extend/include/vltstd -DVERILATOR=1 -DVM_COVERAGE=0 -DVM_SC=0 -DVM_TIMING=1 -DVM_TRACE=0 -DVM_TRACE_FST=0 -DVM_TRACE_VCD=0 -DVM_TRACE_SAIF=0 -DVM_VPI=0 -faligned-new -fcf-protection=none -Wno-bool-operation -Wno-int-in-bool-context -Wno-shadow -Wno-sign-compare -Wno-subobject-linkage -Wno-tautological-compare -Wno-uninitialized -Wno-unused-but-set-parameter -Wno-unused-but-set-variable -Wno-unused-parameter -Wno-unused-variable    -O0 -DVL_TIME_CONTEXT   -fcoroutines -include Vt_uvm_config_resource_component__pch.h.slow -c Vt_uvm_config_resource_component__ConstPool__0__Slow.cpp
g++   -I. -Wall -Wextra -Wfloat-conversion -Wlogical-op -Werror -MMD -I/workspace/scratch/86e4a45a0d74/verilator-uvm-extend/include -I/workspace/scratch/86e4a45a0d74/verilator-uvm-extend/include/vltstd -DVERILATOR=1 -DVM_COVERAGE=0 -DVM_SC=0 -DVM_TIMING=1 -DVM_TRACE=0 -DVM_TRACE_FST=0 -DVM_TRACE_VCD=0 -DVM_TRACE_SAIF=0 -DVM_VPI=0 -faligned-new -fcf-protection=none -Wno-bool-operation -Wno-int-in-bool-context -Wno-shadow -Wno-sign-compare -Wno-subobject-linkage -Wno-tautological-compare -Wno-uninitialized -Wno-unused-but-set-parameter -Wno-unused-but-set-variable -Wno-unused-parameter -Wno-unused-variable    -O0 -DVL_TIME_CONTEXT   -fcoroutines -include Vt_uvm_config_resource_component__pch.h.slow -c Vt_uvm_config_resource_component___024root__Slow.cpp
g++   -I. -Wall -Wextra -Wfloat-conversion -Wlogical-op -Werror -MMD -I/workspace/scratch/86e4a45a0d74/verilator-uvm-extend/include -I/workspace/scratch/86e4a45a0d74/verilator-uvm-extend/include/vltstd -DVERILATOR=1 -DVM_COVERAGE=0 -DVM_SC=0 -DVM_TIMING=1 -DVM_TRACE=0 -DVM_TRACE_FST=0 -DVM_TRACE_VCD=0 -DVM_TRACE_SAIF=0 -DVM_VPI=0 -faligned-new -fcf-protection=none -Wno-bool-operation -Wno-int-in-bool-context -Wno-shadow -Wno-sign-compare -Wno-subobject-linkage -Wno-tautological-compare -Wno-uninitialized -Wno-unused-but-set-parameter -Wno-unused-but-set-variable -Wno-unused-parameter -Wno-unused-variable    -O0 -DVL_TIME_CONTEXT   -fcoroutines -include Vt_uvm_config_resource_component__pch.h.slow -c Vt_uvm_config_resource_component___024root__0__Slow.cpp
g++   -I. -Wall -Wextra -Wfloat-conversion -Wlogical-op -Werror -MMD -I/workspace/scratch/86e4a45a0d74/verilator-uvm-extend/include -I/workspace/scratch/86e4a45a0d74/verilator-uvm-extend/include/vltstd -DVERILATOR=1 -DVM_COVERAGE=0 -DVM_SC=0 -DVM_TIMING=1 -DVM_TRACE=0 -DVM_TRACE_FST=0 -DVM_TRACE_VCD=0 -DVM_TRACE_SAIF=0 -DVM_VPI=0 -faligned-new -fcf-protection=none -Wno-bool-operation -Wno-int-in-bool-context -Wno-shadow -Wno-sign-compare -Wno-subobject-linkage -Wno-tautological-compare -Wno-uninitialized -Wno-unused-but-set-parameter -Wno-unused-but-set-variable -Wno-unused-parameter -Wno-unused-variable    -O0 -DVL_TIME_CONTEXT   -fcoroutines -include Vt_uvm_config_resource_component__pch.h.slow -c Vt_uvm_config_resource_component_vm_classes_Slow_0.cpp
g++   -I. -Wall -Wextra -Wfloat-conversion -Wlogical-op -Werror -MMD -I/workspace/scratch/86e4a45a0d74/verilator-uvm-extend/include -I/workspace/scratch/86e4a45a0d74/verilator-uvm-extend/include/vltstd -DVERILATOR=1 -DVM_COVERAGE=0 -DVM_SC=0 -DVM_TIMING=1 -DVM_TRACE=0 -DVM_TRACE_FST=0 -DVM_TRACE_VCD=0 -DVM_TRACE_SAIF=0 -DVM_VPI=0 -faligned-new -fcf-protection=none -Wno-bool-operation -Wno-int-in-bool-context -Wno-shadow -Wno-sign-compare -Wno-subobject-linkage -Wno-tautological-compare -Wno-uninitialized -Wno-unused-but-set-parameter -Wno-unused-but-set-variable -Wno-unused-parameter -Wno-unused-variable    -O0 -DVL_TIME_CONTEXT   -fcoroutines -include Vt_uvm_config_resource_component__pch.h.slow -c Vt_uvm_config_resource_component_vm_classes_Slow_1.cpp
g++   -I. -Wall -Wextra -Wfloat-conversion -Wlogical-op -Werror -MMD -I/workspace/scratch/86e4a45a0d74/verilator-uvm-extend/include -I/workspace/scratch/86e4a45a0d74/verilator-uvm-extend/include/vltstd -DVERILATOR=1 -DVM_COVERAGE=0 -DVM_SC=0 -DVM_TIMING=1 -DVM_TRACE=0 -DVM_TRACE_FST=0 -DVM_TRACE_VCD=0 -DVM_TRACE_SAIF=0 -DVM_VPI=0 -faligned-new -fcf-protection=none -Wno-bool-operation -Wno-int-in-bool-context -Wno-shadow -Wno-sign-compare -Wno-subobject-linkage -Wno-tautological-compare -Wno-uninitialized -Wno-unused-but-set-parameter -Wno-unused-but-set-variable -Wno-unused-parameter -Wno-unused-variable    -O0 -DVL_TIME_CONTEXT   -fcoroutines -include Vt_uvm_config_resource_component__pch.h.slow -c Vt_uvm_config_resource_component_vm_classes_Slow_2.cpp
g++   -I. -Wall -Wextra -Wfloat-conversion -Wlogical-op -Werror -MMD -I/workspace/scratch/86e4a45a0d74/verilator-uvm-extend/include -I/workspace/scratch/86e4a45a0d74/verilator-uvm-extend/include/vltstd -DVERILATOR=1 -DVM_COVERAGE=0 -DVM_SC=0 -DVM_TIMING=1 -DVM_TRACE=0 -DVM_TRACE_FST=0 -DVM_TRACE_VCD=0 -DVM_TRACE_SAIF=0 -DVM_VPI=0 -faligned-new -fcf-protection=none -Wno-bool-operation -Wno-int-in-bool-context -Wno-shadow -Wno-sign-compare -Wno-subobject-linkage -Wno-tautological-compare -Wno-uninitialized -Wno-unused-but-set-parameter -Wno-unused-but-set-variable -Wno-unused-parameter -Wno-unused-variable    -O0 -DVL_TIME_CONTEXT   -fcoroutines -include Vt_uvm_config_resource_component__pch.h.slow -c Vt_uvm_config_resource_component_vm_classes_Slow_3.cpp
g++   -I. -Wall -Wextra -Wfloat-conversion -Wlogical-op -Werror -MMD -I/workspace/scratch/86e4a45a0d74/verilator-uvm-extend/include -I/workspace/scratch/86e4a45a0d74/verilator-uvm-extend/include/vltstd -DVERILATOR=1 -DVM_COVERAGE=0 -DVM_SC=0 -DVM_TIMING=1 -DVM_TRACE=0 -DVM_TRACE_FST=0 -DVM_TRACE_VCD=0 -DVM_TRACE_SAIF=0 -DVM_VPI=0 -faligned-new -fcf-protection=none -Wno-bool-operation -Wno-int-in-bool-context -Wno-shadow -Wno-sign-compare -Wno-subobject-linkage -Wno-tautological-compare -Wno-uninitialized -Wno-unused-but-set-parameter -Wno-unused-but-set-variable -Wno-unused-parameter -Wno-unused-variable    -O0 -DVL_TIME_CONTEXT   -fcoroutines -include Vt_uvm_config_resource_component__pch.h.slow -c Vt_uvm_config_resource_component_vm_classes_Slow_4.cpp
g++   -I. -Wall -Wextra -Wfloat-conversion -Wlogical-op -Werror -MMD -I/workspace/scratch/86e4a45a0d74/verilator-uvm-extend/include -I/workspace/scratch/86e4a45a0d74/verilator-uvm-extend/include/vltstd -DVERILATOR=1 -DVM_COVERAGE=0 -DVM_SC=0 -DVM_TIMING=1 -DVM_TRACE=0 -DVM_TRACE_FST=0 -DVM_TRACE_VCD=0 -DVM_TRACE_SAIF=0 -DVM_VPI=0 -faligned-new -fcf-protection=none -Wno-bool-operation -Wno-int-in-bool-context -Wno-shadow -Wno-sign-compare -Wno-subobject-linkage -Wno-tautological-compare -Wno-uninitialized -Wno-unused-but-set-parameter -Wno-unused-but-set-variable -Wno-unused-parameter -Wno-unused-variable    -O0 -DVL_TIME_CONTEXT   -fcoroutines -include Vt_uvm_config_resource_component__pch.h.slow -c Vt_uvm_config_resource_component_vm_classes_Slow_5.cpp
g++   -I. -Wall -Wextra -Wfloat-conversion -Wlogical-op -Werror -MMD -I/workspace/scratch/86e4a45a0d74/verilator-uvm-extend/include -I/workspace/scratch/86e4a45a0d74/verilator-uvm-extend/include/vltstd -DVERILATOR=1 -DVM_COVERAGE=0 -DVM_SC=0 -DVM_TIMING=1 -DVM_TRACE=0 -DVM_TRACE_FST=0 -DVM_TRACE_VCD=0 -DVM_TRACE_SAIF=0 -DVM_VPI=0 -faligned-new -fcf-protection=none -Wno-bool-operation -Wno-int-in-bool-context -Wno-shadow -Wno-sign-compare -Wno-subobject-linkage -Wno-tautological-compare -Wno-uninitialized -Wno-unused-but-set-parameter -Wno-unused-but-set-variable -Wno-unused-parameter -Wno-unused-variable    -O0 -DVL_TIME_CONTEXT   -fcoroutines -include Vt_uvm_config_resource_component__pch.h.slow -c Vt_uvm_config_resource_component__Syms__Slow.cpp
g++    verilated.o verilated_dpi.o verilated_timing.o verilated_random.o verilated_threads.o Vt_uvm_config_resource_component__ALL.a    -pthread -lpthread -latomic   -o Vt_uvm_config_resource_component
rm Vt_uvm_config_resource_component__ALL.verilator_deplist.tmp
make[1]: Leaving directory '/workspace/scratch/86e4a45a0d74/verilator-uvm-extend/test_regress/obj_vlt/t_uvm_config_resource_component-uvm2020'
- V e r i l a t i o n   R e p o r t: Verilator 5.051 devel rev vUNKNOWN-built20260906-4906f041d
- Verilator: Built from 3.414 MB sources in 367 modules, into 23.251 MB in 2071 C++ files needing 79.607 MB
- Verilator: Walltime 164.512 s (elab=3.217, cvt=20.370, bld=138.265); cpu 26.245 s on 1 threads; allocated 282.805 MB
        obj_vlt/t_uvm_config_resource_component-uvm2020/Vt_uvm_config_resource_component +UVM_NO_RELNOTES    > obj_vlt/t_uvm_config_resource_component-uvm2020/vlt_sim.log
UVM_INFO t/uvm/src/base/uvm_root.svh(476) @ 0: reporter [UVM/RELNOTES]
  ***********       IMPORTANT RELEASE NOTES         ************

  This implementation of the UVM Library deviates from the 1800.2-2020
  standard.  See the DEVIATIONS.md file contained in the release
  for more details.

----------------------------------------------------------------
Accellera:1800.2:UVM:2020.3.1

All copyright owners for this kit are listed in NOTICE.txt
All Rights Reserved Worldwide
----------------------------------------------------------------

      (Specify +UVM_NO_RELNOTES to turn off this notice)

** UVM RESOURCE NUMERIC DIRECT XFAIL (ACCELLERA 2020.3.1) **
UVM_WARNING t/uvm/src/base/uvm_root.svh(549) @ 0: reporter [NO_DPI_USED] We are thinking of removing support for UVM_NO_DPI.  Please try this test without it and evaluate the impact
UVM_INFO @ 0: reporter [RNTST] Running test config_resource_test...
UVM_INFO t/uvm/src/base/uvm_traversal.svh(345) @ 0: reporter [UVM/COMP/NAMECHECK] This implementation of the component name checks requires DPI to be enabled
UVM_WARNING t/uvm/src/base/uvm_traversal.svh(314) @ 0: reporter [NO_VISIT_CHECK] Because UVM_REGEX_NO_DPI is defined, no uvm component name constraints will be checked
UVM_INFO t/uvm/src/base/uvm_report_server.svh(1009) @ 3: reporter [UVM/REPORT/SERVER]
--- UVM Report Summary ---

** Report counts by severity
UVM_INFO :    3
UVM_WARNING :    2
UVM_ERROR :    0
UVM_FATAL :    0
** Report counts by id
[NO_DPI_USED]     1
[NO_VISIT_CHECK]     1
[RNTST]     1
[UVM/COMP/NAMECHECK]     1
[UVM/RELNOTES]     1

** UVM CONFIG RESOURCE COMPONENT PASSED **
- t/t_uvm_config_resource_component.v:452: Verilog $finish
- S i m u l a t i o n   R e p o r t: Verilator 5.051 devel
- Verilator: $finish at 3ps; walltime 0.016 s; speed 188.631 ps/s
- Verilator: cpu 0.016 s on 1 threads; allocated 30 MB
vlt/t_uvm_config_resource_component: Self PASSED
==SUMMARY: Left 7  Passed 20  Failed 0  Running 1  Time 13:20
==SUMMARY: Left 7  Passed 20  Failed 0  Running 1  Time 13:35
==STILL RUNNING:  t/t_uvm_resource_numeric_precedence.py
==SUMMARY: Left 7  Passed 20  Failed 0  Running 1  Time 13:50
==STILL RUNNING:  t/t_uvm_resource_numeric_precedence.py
==SUMMARY: Left 7  Passed 20  Failed 0  Running 1  Time 14:05
==STILL RUNNING:  t/t_uvm_resource_numeric_precedence.py
==SUMMARY: Left 7  Passed 20  Failed 0  Running 1  Time 14:20
==STILL RUNNING:  t/t_uvm_resource_numeric_precedence.py
==SUMMARY: Left 7  Passed 20  Failed 0  Running 1  Time 14:35
==STILL RUNNING:  t/t_uvm_resource_numeric_precedence.py
======================================================================
vlt/t_uvm_resource_numeric_precedence: ==================================================
        perl /workspace/scratch/86e4a45a0d74/verilator-uvm-extend/bin/verilator --prefix Vt_uvm_resource_numeric_precedence -cc -Mdir obj_vlt/t_uvm_resource_numeric_precedence-uvm2020 --fdedup --debug-check --comp-limit-members 10 --x-assign unique -f input.vc +define+TEST_OBJ_DIR=obj_vlt/t_uvm_resource_numeric_precedence-uvm2020 +define+TEST_DUMPFILE=obj_vlt/t_uvm_resource_numeric_precedence-uvm2020/simx.vcd --binary --build-jobs 1 --output-groups 6 --CFLAGS -O0 -Wall +incdir+t/uvm t/uvm/uvm_pkg_all_v2020_3_1_nodpi.svh t/t_uvm_resource_numeric_precedence.v   > obj_vlt/t_uvm_resource_numeric_precedence-uvm2020/vlt_compile.log
make[1]: Entering directory '/workspace/scratch/86e4a45a0d74/verilator-uvm-extend/test_regress/obj_vlt/t_uvm_resource_numeric_precedence-uvm2020'
g++ -Os  -I. -Wall -Wextra -Wfloat-conversion -Wlogical-op -Werror -MMD -I/workspace/scratch/86e4a45a0d74/verilator-uvm-extend/include -I/workspace/scratch/86e4a45a0d74/verilator-uvm-extend/include/vltstd -DVERILATOR=1 -DVM_COVERAGE=0 -DVM_SC=0 -DVM_TIMING=1 -DVM_TRACE=0 -DVM_TRACE_FST=0 -DVM_TRACE_VCD=0 -DVM_TRACE_SAIF=0 -DVM_VPI=0 -faligned-new -fcf-protection=none -Wno-bool-operation -Wno-int-in-bool-context -Wno-shadow -Wno-sign-compare -Wno-subobject-linkage -Wno-tautological-compare -Wno-uninitialized -Wno-unused-but-set-parameter -Wno-unused-but-set-variable -Wno-unused-parameter -Wno-unused-variable    -O0 -DVL_TIME_CONTEXT   -fcoroutines -c -o verilated.o /workspace/scratch/86e4a45a0d74/verilator-uvm-extend/include/verilated.cpp
g++ -Os  -I. -Wall -Wextra -Wfloat-conversion -Wlogical-op -Werror -MMD -I/workspace/scratch/86e4a45a0d74/verilator-uvm-extend/include -I/workspace/scratch/86e4a45a0d74/verilator-uvm-extend/include/vltstd -DVERILATOR=1 -DVM_COVERAGE=0 -DVM_SC=0 -DVM_TIMING=1 -DVM_TRACE=0 -DVM_TRACE_FST=0 -DVM_TRACE_VCD=0 -DVM_TRACE_SAIF=0 -DVM_VPI=0 -faligned-new -fcf-protection=none -Wno-bool-operation -Wno-int-in-bool-context -Wno-shadow -Wno-sign-compare -Wno-subobject-linkage -Wno-tautological-compare -Wno-uninitialized -Wno-unused-but-set-parameter -Wno-unused-but-set-variable -Wno-unused-parameter -Wno-unused-variable    -O0 -DVL_TIME_CONTEXT   -fcoroutines -c -o verilated_dpi.o /workspace/scratch/86e4a45a0d74/verilator-uvm-extend/include/verilated_dpi.cpp
g++ -Os  -I. -Wall -Wextra -Wfloat-conversion -Wlogical-op -Werror -MMD -I/workspace/scratch/86e4a45a0d74/verilator-uvm-extend/include -I/workspace/scratch/86e4a45a0d74/verilator-uvm-extend/include/vltstd -DVERILATOR=1 -DVM_COVERAGE=0 -DVM_SC=0 -DVM_TIMING=1 -DVM_TRACE=0 -DVM_TRACE_FST=0 -DVM_TRACE_VCD=0 -DVM_TRACE_SAIF=0 -DVM_VPI=0 -faligned-new -fcf-protection=none -Wno-bool-operation -Wno-int-in-bool-context -Wno-shadow -Wno-sign-compare -Wno-subobject-linkage -Wno-tautological-compare -Wno-uninitialized -Wno-unused-but-set-parameter -Wno-unused-but-set-variable -Wno-unused-parameter -Wno-unused-variable    -O0 -DVL_TIME_CONTEXT   -fcoroutines -c -o verilated_timing.o /workspace/scratch/86e4a45a0d74/verilator-uvm-extend/include/verilated_timing.cpp
g++ -Os  -I. -Wall -Wextra -Wfloat-conversion -Wlogical-op -Werror -MMD -I/workspace/scratch/86e4a45a0d74/verilator-uvm-extend/include -I/workspace/scratch/86e4a45a0d74/verilator-uvm-extend/include/vltstd -DVERILATOR=1 -DVM_COVERAGE=0 -DVM_SC=0 -DVM_TIMING=1 -DVM_TRACE=0 -DVM_TRACE_FST=0 -DVM_TRACE_VCD=0 -DVM_TRACE_SAIF=0 -DVM_VPI=0 -faligned-new -fcf-protection=none -Wno-bool-operation -Wno-int-in-bool-context -Wno-shadow -Wno-sign-compare -Wno-subobject-linkage -Wno-tautological-compare -Wno-uninitialized -Wno-unused-but-set-parameter -Wno-unused-but-set-variable -Wno-unused-parameter -Wno-unused-variable    -O0 -DVL_TIME_CONTEXT   -fcoroutines -c -o verilated_random.o /workspace/scratch/86e4a45a0d74/verilator-uvm-extend/include/verilated_random.cpp
g++ -Os  -I. -Wall -Wextra -Wfloat-conversion -Wlogical-op -Werror -MMD -I/workspace/scratch/86e4a45a0d74/verilator-uvm-extend/include -I/workspace/scratch/86e4a45a0d74/verilator-uvm-extend/include/vltstd -DVERILATOR=1 -DVM_COVERAGE=0 -DVM_SC=0 -DVM_TIMING=1 -DVM_TRACE=0 -DVM_TRACE_FST=0 -DVM_TRACE_VCD=0 -DVM_TRACE_SAIF=0 -DVM_VPI=0 -faligned-new -fcf-protection=none -Wno-bool-operation -Wno-int-in-bool-context -Wno-shadow -Wno-sign-compare -Wno-subobject-linkage -Wno-tautological-compare -Wno-uninitialized -Wno-unused-but-set-parameter -Wno-unused-but-set-variable -Wno-unused-parameter -Wno-unused-variable    -O0 -DVL_TIME_CONTEXT   -fcoroutines -c -o verilated_threads.o /workspace/scratch/86e4a45a0d74/verilator-uvm-extend/include/verilated_threads.cpp
g++ -Os  -I. -Wall -Wextra -Wfloat-conversion -Wlogical-op -Werror -MMD -I/workspace/scratch/86e4a45a0d74/verilator-uvm-extend/include -I/workspace/scratch/86e4a45a0d74/verilator-uvm-extend/include/vltstd -DVERILATOR=1 -DVM_COVERAGE=0 -DVM_SC=0 -DVM_TIMING=1 -DVM_TRACE=0 -DVM_TRACE_FST=0 -DVM_TRACE_VCD=0 -DVM_TRACE_SAIF=0 -DVM_VPI=0 -faligned-new -fcf-protection=none -Wno-bool-operation -Wno-int-in-bool-context -Wno-shadow -Wno-sign-compare -Wno-subobject-linkage -Wno-tautological-compare -Wno-uninitialized -Wno-unused-but-set-parameter -Wno-unused-but-set-variable -Wno-unused-parameter -Wno-unused-variable    -O0 -DVL_TIME_CONTEXT   -fcoroutines -x c++-header Vt_uvm_resource_numeric_precedence__pch.h -o Vt_uvm_resource_numeric_precedence__pch.h.fast.gch
g++ -Os  -I. -Wall -Wextra -Wfloat-conversion -Wlogical-op -Werror -MMD -I/workspace/scratch/86e4a45a0d74/verilator-uvm-extend/include -I/workspace/scratch/86e4a45a0d74/verilator-uvm-extend/include/vltstd -DVERILATOR=1 -DVM_COVERAGE=0 -DVM_SC=0 -DVM_TIMING=1 -DVM_TRACE=0 -DVM_TRACE_FST=0 -DVM_TRACE_VCD=0 -DVM_TRACE_SAIF=0 -DVM_VPI=0 -faligned-new -fcf-protection=none -Wno-bool-operation -Wno-int-in-bool-context -Wno-shadow -Wno-sign-compare -Wno-subobject-linkage -Wno-tautological-compare -Wno-uninitialized -Wno-unused-but-set-parameter -Wno-unused-but-set-variable -Wno-unused-parameter -Wno-unused-variable    -O0 -DVL_TIME_CONTEXT   -fcoroutines -include Vt_uvm_resource_numeric_precedence__pch.h.fast -c Vt_uvm_resource_numeric_precedence_vm_classes_0.cpp
g++ -Os  -I. -Wall -Wextra -Wfloat-conversion -Wlogical-op -Werror -MMD -I/workspace/scratch/86e4a45a0d74/verilator-uvm-extend/include -I/workspace/scratch/86e4a45a0d74/verilator-uvm-extend/include/vltstd -DVERILATOR=1 -DVM_COVERAGE=0 -DVM_SC=0 -DVM_TIMING=1 -DVM_TRACE=0 -DVM_TRACE_FST=0 -DVM_TRACE_VCD=0 -DVM_TRACE_SAIF=0 -DVM_VPI=0 -faligned-new -fcf-protection=none -Wno-bool-operation -Wno-int-in-bool-context -Wno-shadow -Wno-sign-compare -Wno-subobject-linkage -Wno-tautological-compare -Wno-uninitialized -Wno-unused-but-set-parameter -Wno-unused-but-set-variable -Wno-unused-parameter -Wno-unused-variable    -O0 -DVL_TIME_CONTEXT   -fcoroutines -include Vt_uvm_resource_numeric_precedence__pch.h.fast -c Vt_uvm_resource_numeric_precedence_vm_classes_1.cpp
g++ -Os  -I. -Wall -Wextra -Wfloat-conversion -Wlogical-op -Werror -MMD -I/workspace/scratch/86e4a45a0d74/verilator-uvm-extend/include -I/workspace/scratch/86e4a45a0d74/verilator-uvm-extend/include/vltstd -DVERILATOR=1 -DVM_COVERAGE=0 -DVM_SC=0 -DVM_TIMING=1 -DVM_TRACE=0 -DVM_TRACE_FST=0 -DVM_TRACE_VCD=0 -DVM_TRACE_SAIF=0 -DVM_VPI=0 -faligned-new -fcf-protection=none -Wno-bool-operation -Wno-int-in-bool-context -Wno-shadow -Wno-sign-compare -Wno-subobject-linkage -Wno-tautological-compare -Wno-uninitialized -Wno-unused-but-set-parameter -Wno-unused-but-set-variable -Wno-unused-parameter -Wno-unused-variable    -O0 -DVL_TIME_CONTEXT   -fcoroutines -include Vt_uvm_resource_numeric_precedence__pch.h.fast -c Vt_uvm_resource_numeric_precedence_vm_classes_2.cpp
g++ -Os  -I. -Wall -Wextra -Wfloat-conversion -Wlogical-op -Werror -MMD -I/workspace/scratch/86e4a45a0d74/verilator-uvm-extend/include -I/workspace/scratch/86e4a45a0d74/verilator-uvm-extend/include/vltstd -DVERILATOR=1 -DVM_COVERAGE=0 -DVM_SC=0 -DVM_TIMING=1 -DVM_TRACE=0 -DVM_TRACE_FST=0 -DVM_TRACE_VCD=0 -DVM_TRACE_SAIF=0 -DVM_VPI=0 -faligned-new -fcf-protection=none -Wno-bool-operation -Wno-int-in-bool-context -Wno-shadow -Wno-sign-compare -Wno-subobject-linkage -Wno-tautological-compare -Wno-uninitialized -Wno-unused-but-set-parameter -Wno-unused-but-set-variable -Wno-unused-parameter -Wno-unused-variable    -O0 -DVL_TIME_CONTEXT   -fcoroutines -include Vt_uvm_resource_numeric_precedence__pch.h.fast -c Vt_uvm_resource_numeric_precedence_vm_classes_3.cpp
==SUMMARY: Left 7  Passed 20  Failed 0  Running 1  Time 14:50
==STILL RUNNING:  t/t_uvm_resource_numeric_precedence.py
==SUMMARY: Left 7  Passed 20  Failed 0  Running 1  Time 15:05
==STILL RUNNING:  t/t_uvm_resource_numeric_precedence.py
==SUMMARY: Left 7  Passed 20  Failed 0  Running 1  Time 15:20
==STILL RUNNING:  t/t_uvm_resource_numeric_precedence.py
==SUMMARY: Left 7  Passed 20  Failed 0  Running 1  Time 15:35
==STILL RUNNING:  t/t_uvm_resource_numeric_precedence.py
==SUMMARY: Left 7  Passed 20  Failed 0  Running 1  Time 15:50
==STILL RUNNING:  t/t_uvm_resource_numeric_precedence.py
g++ -Os  -I. -Wall -Wextra -Wfloat-conversion -Wlogical-op -Werror -MMD -I/workspace/scratch/86e4a45a0d74/verilator-uvm-extend/include -I/workspace/scratch/86e4a45a0d74/verilator-uvm-extend/include/vltstd -DVERILATOR=1 -DVM_COVERAGE=0 -DVM_SC=0 -DVM_TIMING=1 -DVM_TRACE=0 -DVM_TRACE_FST=0 -DVM_TRACE_VCD=0 -DVM_TRACE_SAIF=0 -DVM_VPI=0 -faligned-new -fcf-protection=none -Wno-bool-operation -Wno-int-in-bool-context -Wno-shadow -Wno-sign-compare -Wno-subobject-linkage -Wno-tautological-compare -Wno-uninitialized -Wno-unused-but-set-parameter -Wno-unused-but-set-variable -Wno-unused-parameter -Wno-unused-variable    -O0 -DVL_TIME_CONTEXT   -fcoroutines -include Vt_uvm_resource_numeric_precedence__pch.h.fast -c Vt_uvm_resource_numeric_precedence_vm_classes_4.cpp
g++ -Os  -I. -Wall -Wextra -Wfloat-conversion -Wlogical-op -Werror -MMD -I/workspace/scratch/86e4a45a0d74/verilator-uvm-extend/include -I/workspace/scratch/86e4a45a0d74/verilator-uvm-extend/include/vltstd -DVERILATOR=1 -DVM_COVERAGE=0 -DVM_SC=0 -DVM_TIMING=1 -DVM_TRACE=0 -DVM_TRACE_FST=0 -DVM_TRACE_VCD=0 -DVM_TRACE_SAIF=0 -DVM_VPI=0 -faligned-new -fcf-protection=none -Wno-bool-operation -Wno-int-in-bool-context -Wno-shadow -Wno-sign-compare -Wno-subobject-linkage -Wno-tautological-compare -Wno-uninitialized -Wno-unused-but-set-parameter -Wno-unused-but-set-variable -Wno-unused-parameter -Wno-unused-variable    -O0 -DVL_TIME_CONTEXT   -fcoroutines -include Vt_uvm_resource_numeric_precedence__pch.h.fast -c Vt_uvm_resource_numeric_precedence_vm_classes_5.cpp
g++ -Os  -I. -Wall -Wextra -Wfloat-conversion -Wlogical-op -Werror -MMD -I/workspace/scratch/86e4a45a0d74/verilator-uvm-extend/include -I/workspace/scratch/86e4a45a0d74/verilator-uvm-extend/include/vltstd -DVERILATOR=1 -DVM_COVERAGE=0 -DVM_SC=0 -DVM_TIMING=1 -DVM_TRACE=0 -DVM_TRACE_FST=0 -DVM_TRACE_VCD=0 -DVM_TRACE_SAIF=0 -DVM_VPI=0 -faligned-new -fcf-protection=none -Wno-bool-operation -Wno-int-in-bool-context -Wno-shadow -Wno-sign-compare -Wno-subobject-linkage -Wno-tautological-compare -Wno-uninitialized -Wno-unused-but-set-parameter -Wno-unused-but-set-variable -Wno-unused-parameter -Wno-unused-variable    -O0 -DVL_TIME_CONTEXT   -fcoroutines -include Vt_uvm_resource_numeric_precedence__pch.h.fast -c Vt_uvm_resource_numeric_precedence__Dpi.cpp
g++   -I. -Wall -Wextra -Wfloat-conversion -Wlogical-op -Werror -MMD -I/workspace/scratch/86e4a45a0d74/verilator-uvm-extend/include -I/workspace/scratch/86e4a45a0d74/verilator-uvm-extend/include/vltstd -DVERILATOR=1 -DVM_COVERAGE=0 -DVM_SC=0 -DVM_TIMING=1 -DVM_TRACE=0 -DVM_TRACE_FST=0 -DVM_TRACE_VCD=0 -DVM_TRACE_SAIF=0 -DVM_VPI=0 -faligned-new -fcf-protection=none -Wno-bool-operation -Wno-int-in-bool-context -Wno-shadow -Wno-sign-compare -Wno-subobject-linkage -Wno-tautological-compare -Wno-uninitialized -Wno-unused-but-set-parameter -Wno-unused-but-set-variable -Wno-unused-parameter -Wno-unused-variable    -O0 -DVL_TIME_CONTEXT   -fcoroutines -x c++-header Vt_uvm_resource_numeric_precedence__pch.h -o Vt_uvm_resource_numeric_precedence__pch.h.slow.gch
g++   -I. -Wall -Wextra -Wfloat-conversion -Wlogical-op -Werror -MMD -I/workspace/scratch/86e4a45a0d74/verilator-uvm-extend/include -I/workspace/scratch/86e4a45a0d74/verilator-uvm-extend/include/vltstd -DVERILATOR=1 -DVM_COVERAGE=0 -DVM_SC=0 -DVM_TIMING=1 -DVM_TRACE=0 -DVM_TRACE_FST=0 -DVM_TRACE_VCD=0 -DVM_TRACE_SAIF=0 -DVM_VPI=0 -faligned-new -fcf-protection=none -Wno-bool-operation -Wno-int-in-bool-context -Wno-shadow -Wno-sign-compare -Wno-subobject-linkage -Wno-tautological-compare -Wno-uninitialized -Wno-unused-but-set-parameter -Wno-unused-but-set-variable -Wno-unused-parameter -Wno-unused-variable    -O0 -DVL_TIME_CONTEXT   -fcoroutines -include Vt_uvm_resource_numeric_precedence__pch.h.slow -c Vt_uvm_resource_numeric_precedence__ConstPool__0__Slow.cpp
g++   -I. -Wall -Wextra -Wfloat-conversion -Wlogical-op -Werror -MMD -I/workspace/scratch/86e4a45a0d74/verilator-uvm-extend/include -I/workspace/scratch/86e4a45a0d74/verilator-uvm-extend/include/vltstd -DVERILATOR=1 -DVM_COVERAGE=0 -DVM_SC=0 -DVM_TIMING=1 -DVM_TRACE=0 -DVM_TRACE_FST=0 -DVM_TRACE_VCD=0 -DVM_TRACE_SAIF=0 -DVM_VPI=0 -faligned-new -fcf-protection=none -Wno-bool-operation -Wno-int-in-bool-context -Wno-shadow -Wno-sign-compare -Wno-subobject-linkage -Wno-tautological-compare -Wno-uninitialized -Wno-unused-but-set-parameter -Wno-unused-but-set-variable -Wno-unused-parameter -Wno-unused-variable    -O0 -DVL_TIME_CONTEXT   -fcoroutines -include Vt_uvm_resource_numeric_precedence__pch.h.slow -c Vt_uvm_resource_numeric_precedence___024root__Slow.cpp
g++   -I. -Wall -Wextra -Wfloat-conversion -Wlogical-op -Werror -MMD -I/workspace/scratch/86e4a45a0d74/verilator-uvm-extend/include -I/workspace/scratch/86e4a45a0d74/verilator-uvm-extend/include/vltstd -DVERILATOR=1 -DVM_COVERAGE=0 -DVM_SC=0 -DVM_TIMING=1 -DVM_TRACE=0 -DVM_TRACE_FST=0 -DVM_TRACE_VCD=0 -DVM_TRACE_SAIF=0 -DVM_VPI=0 -faligned-new -fcf-protection=none -Wno-bool-operation -Wno-int-in-bool-context -Wno-shadow -Wno-sign-compare -Wno-subobject-linkage -Wno-tautological-compare -Wno-uninitialized -Wno-unused-but-set-parameter -Wno-unused-but-set-variable -Wno-unused-parameter -Wno-unused-variable    -O0 -DVL_TIME_CONTEXT   -fcoroutines -include Vt_uvm_resource_numeric_precedence__pch.h.slow -c Vt_uvm_resource_numeric_precedence___024root__0__Slow.cpp
g++   -I. -Wall -Wextra -Wfloat-conversion -Wlogical-op -Werror -MMD -I/workspace/scratch/86e4a45a0d74/verilator-uvm-extend/include -I/workspace/scratch/86e4a45a0d74/verilator-uvm-extend/include/vltstd -DVERILATOR=1 -DVM_COVERAGE=0 -DVM_SC=0 -DVM_TIMING=1 -DVM_TRACE=0 -DVM_TRACE_FST=0 -DVM_TRACE_VCD=0 -DVM_TRACE_SAIF=0 -DVM_VPI=0 -faligned-new -fcf-protection=none -Wno-bool-operation -Wno-int-in-bool-context -Wno-shadow -Wno-sign-compare -Wno-subobject-linkage -Wno-tautological-compare -Wno-uninitialized -Wno-unused-but-set-parameter -Wno-unused-but-set-variable -Wno-unused-parameter -Wno-unused-variable    -O0 -DVL_TIME_CONTEXT   -fcoroutines -include Vt_uvm_resource_numeric_precedence__pch.h.slow -c Vt_uvm_resource_numeric_precedence_vm_classes_Slow_0.cpp
g++   -I. -Wall -Wextra -Wfloat-conversion -Wlogical-op -Werror -MMD -I/workspace/scratch/86e4a45a0d74/verilator-uvm-extend/include -I/workspace/scratch/86e4a45a0d74/verilator-uvm-extend/include/vltstd -DVERILATOR=1 -DVM_COVERAGE=0 -DVM_SC=0 -DVM_TIMING=1 -DVM_TRACE=0 -DVM_TRACE_FST=0 -DVM_TRACE_VCD=0 -DVM_TRACE_SAIF=0 -DVM_VPI=0 -faligned-new -fcf-protection=none -Wno-bool-operation -Wno-int-in-bool-context -Wno-shadow -Wno-sign-compare -Wno-subobject-linkage -Wno-tautological-compare -Wno-uninitialized -Wno-unused-but-set-parameter -Wno-unused-but-set-variable -Wno-unused-parameter -Wno-unused-variable    -O0 -DVL_TIME_CONTEXT   -fcoroutines -include Vt_uvm_resource_numeric_precedence__pch.h.slow -c Vt_uvm_resource_numeric_precedence_vm_classes_Slow_1.cpp
g++   -I. -Wall -Wextra -Wfloat-conversion -Wlogical-op -Werror -MMD -I/workspace/scratch/86e4a45a0d74/verilator-uvm-extend/include -I/workspace/scratch/86e4a45a0d74/verilator-uvm-extend/include/vltstd -DVERILATOR=1 -DVM_COVERAGE=0 -DVM_SC=0 -DVM_TIMING=1 -DVM_TRACE=0 -DVM_TRACE_FST=0 -DVM_TRACE_VCD=0 -DVM_TRACE_SAIF=0 -DVM_VPI=0 -faligned-new -fcf-protection=none -Wno-bool-operation -Wno-int-in-bool-context -Wno-shadow -Wno-sign-compare -Wno-subobject-linkage -Wno-tautological-compare -Wno-uninitialized -Wno-unused-but-set-parameter -Wno-unused-but-set-variable -Wno-unused-parameter -Wno-unused-variable    -O0 -DVL_TIME_CONTEXT   -fcoroutines -include Vt_uvm_resource_numeric_precedence__pch.h.slow -c Vt_uvm_resource_numeric_precedence_vm_classes_Slow_2.cpp
g++   -I. -Wall -Wextra -Wfloat-conversion -Wlogical-op -Werror -MMD -I/workspace/scratch/86e4a45a0d74/verilator-uvm-extend/include -I/workspace/scratch/86e4a45a0d74/verilator-uvm-extend/include/vltstd -DVERILATOR=1 -DVM_COVERAGE=0 -DVM_SC=0 -DVM_TIMING=1 -DVM_TRACE=0 -DVM_TRACE_FST=0 -DVM_TRACE_VCD=0 -DVM_TRACE_SAIF=0 -DVM_VPI=0 -faligned-new -fcf-protection=none -Wno-bool-operation -Wno-int-in-bool-context -Wno-shadow -Wno-sign-compare -Wno-subobject-linkage -Wno-tautological-compare -Wno-uninitialized -Wno-unused-but-set-parameter -Wno-unused-but-set-variable -Wno-unused-parameter -Wno-unused-variable    -O0 -DVL_TIME_CONTEXT   -fcoroutines -include Vt_uvm_resource_numeric_precedence__pch.h.slow -c Vt_uvm_resource_numeric_precedence_vm_classes_Slow_3.cpp
g++   -I. -Wall -Wextra -Wfloat-conversion -Wlogical-op -Werror -MMD -I/workspace/scratch/86e4a45a0d74/verilator-uvm-extend/include -I/workspace/scratch/86e4a45a0d74/verilator-uvm-extend/include/vltstd -DVERILATOR=1 -DVM_COVERAGE=0 -DVM_SC=0 -DVM_TIMING=1 -DVM_TRACE=0 -DVM_TRACE_FST=0 -DVM_TRACE_VCD=0 -DVM_TRACE_SAIF=0 -DVM_VPI=0 -faligned-new -fcf-protection=none -Wno-bool-operation -Wno-int-in-bool-context -Wno-shadow -Wno-sign-compare -Wno-subobject-linkage -Wno-tautological-compare -Wno-uninitialized -Wno-unused-but-set-parameter -Wno-unused-but-set-variable -Wno-unused-parameter -Wno-unused-variable    -O0 -DVL_TIME_CONTEXT   -fcoroutines -include Vt_uvm_resource_numeric_precedence__pch.h.slow -c Vt_uvm_resource_numeric_precedence_vm_classes_Slow_4.cpp
g++   -I. -Wall -Wextra -Wfloat-conversion -Wlogical-op -Werror -MMD -I/workspace/scratch/86e4a45a0d74/verilator-uvm-extend/include -I/workspace/scratch/86e4a45a0d74/verilator-uvm-extend/include/vltstd -DVERILATOR=1 -DVM_COVERAGE=0 -DVM_SC=0 -DVM_TIMING=1 -DVM_TRACE=0 -DVM_TRACE_FST=0 -DVM_TRACE_VCD=0 -DVM_TRACE_SAIF=0 -DVM_VPI=0 -faligned-new -fcf-protection=none -Wno-bool-operation -Wno-int-in-bool-context -Wno-shadow -Wno-sign-compare -Wno-subobject-linkage -Wno-tautological-compare -Wno-uninitialized -Wno-unused-but-set-parameter -Wno-unused-but-set-variable -Wno-unused-parameter -Wno-unused-variable    -O0 -DVL_TIME_CONTEXT   -fcoroutines -include Vt_uvm_resource_numeric_precedence__pch.h.slow -c Vt_uvm_resource_numeric_precedence_vm_classes_Slow_5.cpp
g++   -I. -Wall -Wextra -Wfloat-conversion -Wlogical-op -Werror -MMD -I/workspace/scratch/86e4a45a0d74/verilator-uvm-extend/include -I/workspace/scratch/86e4a45a0d74/verilator-uvm-extend/include/vltstd -DVERILATOR=1 -DVM_COVERAGE=0 -DVM_SC=0 -DVM_TIMING=1 -DVM_TRACE=0 -DVM_TRACE_FST=0 -DVM_TRACE_VCD=0 -DVM_TRACE_SAIF=0 -DVM_VPI=0 -faligned-new -fcf-protection=none -Wno-bool-operation -Wno-int-in-bool-context -Wno-shadow -Wno-sign-compare -Wno-subobject-linkage -Wno-tautological-compare -Wno-uninitialized -Wno-unused-but-set-parameter -Wno-unused-but-set-variable -Wno-unused-parameter -Wno-unused-variable    -O0 -DVL_TIME_CONTEXT   -fcoroutines -include Vt_uvm_resource_numeric_precedence__pch.h.slow -c Vt_uvm_resource_numeric_precedence__Syms__Slow.cpp
g++    verilated.o verilated_dpi.o verilated_timing.o verilated_random.o verilated_threads.o Vt_uvm_resource_numeric_precedence__ALL.a    -pthread -lpthread -latomic   -o Vt_uvm_resource_numeric_precedence
rm Vt_uvm_resource_numeric_precedence__ALL.verilator_deplist.tmp
make[1]: Leaving directory '/workspace/scratch/86e4a45a0d74/verilator-uvm-extend/test_regress/obj_vlt/t_uvm_resource_numeric_precedence-uvm2020'
- V e r i l a t i o n   R e p o r t: Verilator 5.051 devel rev vUNKNOWN-built20260906-4906f041d
- Verilator: Built from 3.349 MB sources in 360 modules, into 22.488 MB in 1960 C++ files needing 75.877 MB
- Verilator: Walltime 162.008 s (elab=3.134, cvt=19.905, bld=136.283); cpu 25.714 s on 1 threads; allocated 274.113 MB
        obj_vlt/t_uvm_resource_numeric_precedence-uvm2020/Vt_uvm_resource_numeric_precedence +UVM_NO_RELNOTES    > obj_vlt/t_uvm_resource_numeric_precedence-uvm2020/vlt_sim.log
UVM_INFO t/uvm/src/base/uvm_root.svh(476) @ 0: reporter [UVM/RELNOTES]
  ***********       IMPORTANT RELEASE NOTES         ************

  This implementation of the UVM Library deviates from the 1800.2-2020
  standard.  See the DEVIATIONS.md file contained in the release
  for more details.

----------------------------------------------------------------
Accellera:1800.2:UVM:2020.3.1

All copyright owners for this kit are listed in NOTICE.txt
All Rights Reserved Worldwide
----------------------------------------------------------------

      (Specify +UVM_NO_RELNOTES to turn off this notice)

** UVM RESOURCE NUMERIC DIRECT XFAIL (ACCELLERA 2020.3.1) **
** UVM RESOURCE NUMERIC PRECEDENCE PASSED **
- t/t_uvm_resource_numeric_precedence.v:70: Verilog $finish
- S i m u l a t i o n   R e p o r t: Verilator 5.051 devel
- Verilator: $finish at 0s; walltime 0.003 s; speed 0.000 s/s
- Verilator: cpu 0.003 s on 1 threads; allocated 28 MB
vlt/t_uvm_resource_numeric_precedence: Self PASSED
==SUMMARY: Left 6  Passed 21  Failed 0  Running 1  Time 16:02
==SUMMARY: Left 6  Passed 21  Failed 0  Running 1  Time 16:17
==STILL RUNNING:  t/t_uvm_core_phasing.py
==SUMMARY: Left 6  Passed 21  Failed 0  Running 1  Time 16:32
==STILL RUNNING:  t/t_uvm_core_phasing.py
==SUMMARY: Left 6  Passed 21  Failed 0  Running 1  Time 16:47
==STILL RUNNING:  t/t_uvm_core_phasing.py
==SUMMARY: Left 6  Passed 21  Failed 0  Running 1  Time 17:02
==STILL RUNNING:  t/t_uvm_core_phasing.py
==SUMMARY: Left 6  Passed 21  Failed 0  Running 1  Time 17:17
==STILL RUNNING:  t/t_uvm_core_phasing.py
======================================================================
vlt/t_uvm_core_phasing: ==================================================
        perl /workspace/scratch/86e4a45a0d74/verilator-uvm-extend/bin/verilator --prefix Vt_uvm_core_phasing -cc -Mdir obj_vlt/t_uvm_core_phasing-uvm2020 --fdedup --debug-check --comp-limit-members 10 --x-assign unique -f input.vc +define+TEST_OBJ_DIR=obj_vlt/t_uvm_core_phasing-uvm2020 +define+TEST_DUMPFILE=obj_vlt/t_uvm_core_phasing-uvm2020/simx.vcd --binary --build-jobs 1 --output-groups 6 --CFLAGS -O0 -Wall +incdir+t/uvm t/uvm/uvm_pkg_all_v2020_3_1_nodpi.svh t/t_uvm_core_phasing.v   > obj_vlt/t_uvm_core_phasing-uvm2020/vlt_compile.log
make[1]: Entering directory '/workspace/scratch/86e4a45a0d74/verilator-uvm-extend/test_regress/obj_vlt/t_uvm_core_phasing-uvm2020'
g++ -Os  -I. -Wall -Wextra -Wfloat-conversion -Wlogical-op -Werror -MMD -I/workspace/scratch/86e4a45a0d74/verilator-uvm-extend/include -I/workspace/scratch/86e4a45a0d74/verilator-uvm-extend/include/vltstd -DVERILATOR=1 -DVM_COVERAGE=0 -DVM_SC=0 -DVM_TIMING=1 -DVM_TRACE=0 -DVM_TRACE_FST=0 -DVM_TRACE_VCD=0 -DVM_TRACE_SAIF=0 -DVM_VPI=0 -faligned-new -fcf-protection=none -Wno-bool-operation -Wno-int-in-bool-context -Wno-shadow -Wno-sign-compare -Wno-subobject-linkage -Wno-tautological-compare -Wno-uninitialized -Wno-unused-but-set-parameter -Wno-unused-but-set-variable -Wno-unused-parameter -Wno-unused-variable    -O0 -DVL_TIME_CONTEXT   -fcoroutines -c -o verilated.o /workspace/scratch/86e4a45a0d74/verilator-uvm-extend/include/verilated.cpp
g++ -Os  -I. -Wall -Wextra -Wfloat-conversion -Wlogical-op -Werror -MMD -I/workspace/scratch/86e4a45a0d74/verilator-uvm-extend/include -I/workspace/scratch/86e4a45a0d74/verilator-uvm-extend/include/vltstd -DVERILATOR=1 -DVM_COVERAGE=0 -DVM_SC=0 -DVM_TIMING=1 -DVM_TRACE=0 -DVM_TRACE_FST=0 -DVM_TRACE_VCD=0 -DVM_TRACE_SAIF=0 -DVM_VPI=0 -faligned-new -fcf-protection=none -Wno-bool-operation -Wno-int-in-bool-context -Wno-shadow -Wno-sign-compare -Wno-subobject-linkage -Wno-tautological-compare -Wno-uninitialized -Wno-unused-but-set-parameter -Wno-unused-but-set-variable -Wno-unused-parameter -Wno-unused-variable    -O0 -DVL_TIME_CONTEXT   -fcoroutines -c -o verilated_dpi.o /workspace/scratch/86e4a45a0d74/verilator-uvm-extend/include/verilated_dpi.cpp
g++ -Os  -I. -Wall -Wextra -Wfloat-conversion -Wlogical-op -Werror -MMD -I/workspace/scratch/86e4a45a0d74/verilator-uvm-extend/include -I/workspace/scratch/86e4a45a0d74/verilator-uvm-extend/include/vltstd -DVERILATOR=1 -DVM_COVERAGE=0 -DVM_SC=0 -DVM_TIMING=1 -DVM_TRACE=0 -DVM_TRACE_FST=0 -DVM_TRACE_VCD=0 -DVM_TRACE_SAIF=0 -DVM_VPI=0 -faligned-new -fcf-protection=none -Wno-bool-operation -Wno-int-in-bool-context -Wno-shadow -Wno-sign-compare -Wno-subobject-linkage -Wno-tautological-compare -Wno-uninitialized -Wno-unused-but-set-parameter -Wno-unused-but-set-variable -Wno-unused-parameter -Wno-unused-variable    -O0 -DVL_TIME_CONTEXT   -fcoroutines -c -o verilated_timing.o /workspace/scratch/86e4a45a0d74/verilator-uvm-extend/include/verilated_timing.cpp
g++ -Os  -I. -Wall -Wextra -Wfloat-conversion -Wlogical-op -Werror -MMD -I/workspace/scratch/86e4a45a0d74/verilator-uvm-extend/include -I/workspace/scratch/86e4a45a0d74/verilator-uvm-extend/include/vltstd -DVERILATOR=1 -DVM_COVERAGE=0 -DVM_SC=0 -DVM_TIMING=1 -DVM_TRACE=0 -DVM_TRACE_FST=0 -DVM_TRACE_VCD=0 -DVM_TRACE_SAIF=0 -DVM_VPI=0 -faligned-new -fcf-protection=none -Wno-bool-operation -Wno-int-in-bool-context -Wno-shadow -Wno-sign-compare -Wno-subobject-linkage -Wno-tautological-compare -Wno-uninitialized -Wno-unused-but-set-parameter -Wno-unused-but-set-variable -Wno-unused-parameter -Wno-unused-variable    -O0 -DVL_TIME_CONTEXT   -fcoroutines -c -o verilated_random.o /workspace/scratch/86e4a45a0d74/verilator-uvm-extend/include/verilated_random.cpp
g++ -Os  -I. -Wall -Wextra -Wfloat-conversion -Wlogical-op -Werror -MMD -I/workspace/scratch/86e4a45a0d74/verilator-uvm-extend/include -I/workspace/scratch/86e4a45a0d74/verilator-uvm-extend/include/vltstd -DVERILATOR=1 -DVM_COVERAGE=0 -DVM_SC=0 -DVM_TIMING=1 -DVM_TRACE=0 -DVM_TRACE_FST=0 -DVM_TRACE_VCD=0 -DVM_TRACE_SAIF=0 -DVM_VPI=0 -faligned-new -fcf-protection=none -Wno-bool-operation -Wno-int-in-bool-context -Wno-shadow -Wno-sign-compare -Wno-subobject-linkage -Wno-tautological-compare -Wno-uninitialized -Wno-unused-but-set-parameter -Wno-unused-but-set-variable -Wno-unused-parameter -Wno-unused-variable    -O0 -DVL_TIME_CONTEXT   -fcoroutines -c -o verilated_threads.o /workspace/scratch/86e4a45a0d74/verilator-uvm-extend/include/verilated_threads.cpp
g++ -Os  -I. -Wall -Wextra -Wfloat-conversion -Wlogical-op -Werror -MMD -I/workspace/scratch/86e4a45a0d74/verilator-uvm-extend/include -I/workspace/scratch/86e4a45a0d74/verilator-uvm-extend/include/vltstd -DVERILATOR=1 -DVM_COVERAGE=0 -DVM_SC=0 -DVM_TIMING=1 -DVM_TRACE=0 -DVM_TRACE_FST=0 -DVM_TRACE_VCD=0 -DVM_TRACE_SAIF=0 -DVM_VPI=0 -faligned-new -fcf-protection=none -Wno-bool-operation -Wno-int-in-bool-context -Wno-shadow -Wno-sign-compare -Wno-subobject-linkage -Wno-tautological-compare -Wno-uninitialized -Wno-unused-but-set-parameter -Wno-unused-but-set-variable -Wno-unused-parameter -Wno-unused-variable    -O0 -DVL_TIME_CONTEXT   -fcoroutines -x c++-header Vt_uvm_core_phasing__pch.h -o Vt_uvm_core_phasing__pch.h.fast.gch
g++ -Os  -I. -Wall -Wextra -Wfloat-conversion -Wlogical-op -Werror -MMD -I/workspace/scratch/86e4a45a0d74/verilator-uvm-extend/include -I/workspace/scratch/86e4a45a0d74/verilator-uvm-extend/include/vltstd -DVERILATOR=1 -DVM_COVERAGE=0 -DVM_SC=0 -DVM_TIMING=1 -DVM_TRACE=0 -DVM_TRACE_FST=0 -DVM_TRACE_VCD=0 -DVM_TRACE_SAIF=0 -DVM_VPI=0 -faligned-new -fcf-protection=none -Wno-bool-operation -Wno-int-in-bool-context -Wno-shadow -Wno-sign-compare -Wno-subobject-linkage -Wno-tautological-compare -Wno-uninitialized -Wno-unused-but-set-parameter -Wno-unused-but-set-variable -Wno-unused-parameter -Wno-unused-variable    -O0 -DVL_TIME_CONTEXT   -fcoroutines -include Vt_uvm_core_phasing__pch.h.fast -c Vt_uvm_core_phasing_vm_classes_0.cpp
g++ -Os  -I. -Wall -Wextra -Wfloat-conversion -Wlogical-op -Werror -MMD -I/workspace/scratch/86e4a45a0d74/verilator-uvm-extend/include -I/workspace/scratch/86e4a45a0d74/verilator-uvm-extend/include/vltstd -DVERILATOR=1 -DVM_COVERAGE=0 -DVM_SC=0 -DVM_TIMING=1 -DVM_TRACE=0 -DVM_TRACE_FST=0 -DVM_TRACE_VCD=0 -DVM_TRACE_SAIF=0 -DVM_VPI=0 -faligned-new -fcf-protection=none -Wno-bool-operation -Wno-int-in-bool-context -Wno-shadow -Wno-sign-compare -Wno-subobject-linkage -Wno-tautological-compare -Wno-uninitialized -Wno-unused-but-set-parameter -Wno-unused-but-set-variable -Wno-unused-parameter -Wno-unused-variable    -O0 -DVL_TIME_CONTEXT   -fcoroutines -include Vt_uvm_core_phasing__pch.h.fast -c Vt_uvm_core_phasing_vm_classes_1.cpp
g++ -Os  -I. -Wall -Wextra -Wfloat-conversion -Wlogical-op -Werror -MMD -I/workspace/scratch/86e4a45a0d74/verilator-uvm-extend/include -I/workspace/scratch/86e4a45a0d74/verilator-uvm-extend/include/vltstd -DVERILATOR=1 -DVM_COVERAGE=0 -DVM_SC=0 -DVM_TIMING=1 -DVM_TRACE=0 -DVM_TRACE_FST=0 -DVM_TRACE_VCD=0 -DVM_TRACE_SAIF=0 -DVM_VPI=0 -faligned-new -fcf-protection=none -Wno-bool-operation -Wno-int-in-bool-context -Wno-shadow -Wno-sign-compare -Wno-subobject-linkage -Wno-tautological-compare -Wno-uninitialized -Wno-unused-but-set-parameter -Wno-unused-but-set-variable -Wno-unused-parameter -Wno-unused-variable    -O0 -DVL_TIME_CONTEXT   -fcoroutines -include Vt_uvm_core_phasing__pch.h.fast -c Vt_uvm_core_phasing_vm_classes_2.cpp
g++ -Os  -I. -Wall -Wextra -Wfloat-conversion -Wlogical-op -Werror -MMD -I/workspace/scratch/86e4a45a0d74/verilator-uvm-extend/include -I/workspace/scratch/86e4a45a0d74/verilator-uvm-extend/include/vltstd -DVERILATOR=1 -DVM_COVERAGE=0 -DVM_SC=0 -DVM_TIMING=1 -DVM_TRACE=0 -DVM_TRACE_FST=0 -DVM_TRACE_VCD=0 -DVM_TRACE_SAIF=0 -DVM_VPI=0 -faligned-new -fcf-protection=none -Wno-bool-operation -Wno-int-in-bool-context -Wno-shadow -Wno-sign-compare -Wno-subobject-linkage -Wno-tautological-compare -Wno-uninitialized -Wno-unused-but-set-parameter -Wno-unused-but-set-variable -Wno-unused-parameter -Wno-unused-variable    -O0 -DVL_TIME_CONTEXT   -fcoroutines -include Vt_uvm_core_phasing__pch.h.fast -c Vt_uvm_core_phasing_vm_classes_3.cpp
==SUMMARY: Left 6  Passed 21  Failed 0  Running 1  Time 17:32
==STILL RUNNING:  t/t_uvm_core_phasing.py
==SUMMARY: Left 6  Passed 21  Failed 0  Running 1  Time 17:47
==STILL RUNNING:  t/t_uvm_core_phasing.py
==SUMMARY: Left 6  Passed 21  Failed 0  Running 1  Time 18:02
==STILL RUNNING:  t/t_uvm_core_phasing.py
==SUMMARY: Left 6  Passed 21  Failed 0  Running 1  Time 18:17
==STILL RUNNING:  t/t_uvm_core_phasing.py
==SUMMARY: Left 6  Passed 21  Failed 0  Running 1  Time 18:32
==STILL RUNNING:  t/t_uvm_core_phasing.py
g++ -Os  -I. -Wall -Wextra -Wfloat-conversion -Wlogical-op -Werror -MMD -I/workspace/scratch/86e4a45a0d74/verilator-uvm-extend/include -I/workspace/scratch/86e4a45a0d74/verilator-uvm-extend/include/vltstd -DVERILATOR=1 -DVM_COVERAGE=0 -DVM_SC=0 -DVM_TIMING=1 -DVM_TRACE=0 -DVM_TRACE_FST=0 -DVM_TRACE_VCD=0 -DVM_TRACE_SAIF=0 -DVM_VPI=0 -faligned-new -fcf-protection=none -Wno-bool-operation -Wno-int-in-bool-context -Wno-shadow -Wno-sign-compare -Wno-subobject-linkage -Wno-tautological-compare -Wno-uninitialized -Wno-unused-but-set-parameter -Wno-unused-but-set-variable -Wno-unused-parameter -Wno-unused-variable    -O0 -DVL_TIME_CONTEXT   -fcoroutines -include Vt_uvm_core_phasing__pch.h.fast -c Vt_uvm_core_phasing_vm_classes_4.cpp
g++ -Os  -I. -Wall -Wextra -Wfloat-conversion -Wlogical-op -Werror -MMD -I/workspace/scratch/86e4a45a0d74/verilator-uvm-extend/include -I/workspace/scratch/86e4a45a0d74/verilator-uvm-extend/include/vltstd -DVERILATOR=1 -DVM_COVERAGE=0 -DVM_SC=0 -DVM_TIMING=1 -DVM_TRACE=0 -DVM_TRACE_FST=0 -DVM_TRACE_VCD=0 -DVM_TRACE_SAIF=0 -DVM_VPI=0 -faligned-new -fcf-protection=none -Wno-bool-operation -Wno-int-in-bool-context -Wno-shadow -Wno-sign-compare -Wno-subobject-linkage -Wno-tautological-compare -Wno-uninitialized -Wno-unused-but-set-parameter -Wno-unused-but-set-variable -Wno-unused-parameter -Wno-unused-variable    -O0 -DVL_TIME_CONTEXT   -fcoroutines -include Vt_uvm_core_phasing__pch.h.fast -c Vt_uvm_core_phasing_vm_classes_5.cpp
g++ -Os  -I. -Wall -Wextra -Wfloat-conversion -Wlogical-op -Werror -MMD -I/workspace/scratch/86e4a45a0d74/verilator-uvm-extend/include -I/workspace/scratch/86e4a45a0d74/verilator-uvm-extend/include/vltstd -DVERILATOR=1 -DVM_COVERAGE=0 -DVM_SC=0 -DVM_TIMING=1 -DVM_TRACE=0 -DVM_TRACE_FST=0 -DVM_TRACE_VCD=0 -DVM_TRACE_SAIF=0 -DVM_VPI=0 -faligned-new -fcf-protection=none -Wno-bool-operation -Wno-int-in-bool-context -Wno-shadow -Wno-sign-compare -Wno-subobject-linkage -Wno-tautological-compare -Wno-uninitialized -Wno-unused-but-set-parameter -Wno-unused-but-set-variable -Wno-unused-parameter -Wno-unused-variable    -O0 -DVL_TIME_CONTEXT   -fcoroutines -include Vt_uvm_core_phasing__pch.h.fast -c Vt_uvm_core_phasing__Dpi.cpp
g++   -I. -Wall -Wextra -Wfloat-conversion -Wlogical-op -Werror -MMD -I/workspace/scratch/86e4a45a0d74/verilator-uvm-extend/include -I/workspace/scratch/86e4a45a0d74/verilator-uvm-extend/include/vltstd -DVERILATOR=1 -DVM_COVERAGE=0 -DVM_SC=0 -DVM_TIMING=1 -DVM_TRACE=0 -DVM_TRACE_FST=0 -DVM_TRACE_VCD=0 -DVM_TRACE_SAIF=0 -DVM_VPI=0 -faligned-new -fcf-protection=none -Wno-bool-operation -Wno-int-in-bool-context -Wno-shadow -Wno-sign-compare -Wno-subobject-linkage -Wno-tautological-compare -Wno-uninitialized -Wno-unused-but-set-parameter -Wno-unused-but-set-variable -Wno-unused-parameter -Wno-unused-variable    -O0 -DVL_TIME_CONTEXT   -fcoroutines -x c++-header Vt_uvm_core_phasing__pch.h -o Vt_uvm_core_phasing__pch.h.slow.gch
g++   -I. -Wall -Wextra -Wfloat-conversion -Wlogical-op -Werror -MMD -I/workspace/scratch/86e4a45a0d74/verilator-uvm-extend/include -I/workspace/scratch/86e4a45a0d74/verilator-uvm-extend/include/vltstd -DVERILATOR=1 -DVM_COVERAGE=0 -DVM_SC=0 -DVM_TIMING=1 -DVM_TRACE=0 -DVM_TRACE_FST=0 -DVM_TRACE_VCD=0 -DVM_TRACE_SAIF=0 -DVM_VPI=0 -faligned-new -fcf-protection=none -Wno-bool-operation -Wno-int-in-bool-context -Wno-shadow -Wno-sign-compare -Wno-subobject-linkage -Wno-tautological-compare -Wno-uninitialized -Wno-unused-but-set-parameter -Wno-unused-but-set-variable -Wno-unused-parameter -Wno-unused-variable    -O0 -DVL_TIME_CONTEXT   -fcoroutines -include Vt_uvm_core_phasing__pch.h.slow -c Vt_uvm_core_phasing__ConstPool__0__Slow.cpp
g++   -I. -Wall -Wextra -Wfloat-conversion -Wlogical-op -Werror -MMD -I/workspace/scratch/86e4a45a0d74/verilator-uvm-extend/include -I/workspace/scratch/86e4a45a0d74/verilator-uvm-extend/include/vltstd -DVERILATOR=1 -DVM_COVERAGE=0 -DVM_SC=0 -DVM_TIMING=1 -DVM_TRACE=0 -DVM_TRACE_FST=0 -DVM_TRACE_VCD=0 -DVM_TRACE_SAIF=0 -DVM_VPI=0 -faligned-new -fcf-protection=none -Wno-bool-operation -Wno-int-in-bool-context -Wno-shadow -Wno-sign-compare -Wno-subobject-linkage -Wno-tautological-compare -Wno-uninitialized -Wno-unused-but-set-parameter -Wno-unused-but-set-variable -Wno-unused-parameter -Wno-unused-variable    -O0 -DVL_TIME_CONTEXT   -fcoroutines -include Vt_uvm_core_phasing__pch.h.slow -c Vt_uvm_core_phasing___024root__Slow.cpp
g++   -I. -Wall -Wextra -Wfloat-conversion -Wlogical-op -Werror -MMD -I/workspace/scratch/86e4a45a0d74/verilator-uvm-extend/include -I/workspace/scratch/86e4a45a0d74/verilator-uvm-extend/include/vltstd -DVERILATOR=1 -DVM_COVERAGE=0 -DVM_SC=0 -DVM_TIMING=1 -DVM_TRACE=0 -DVM_TRACE_FST=0 -DVM_TRACE_VCD=0 -DVM_TRACE_SAIF=0 -DVM_VPI=0 -faligned-new -fcf-protection=none -Wno-bool-operation -Wno-int-in-bool-context -Wno-shadow -Wno-sign-compare -Wno-subobject-linkage -Wno-tautological-compare -Wno-uninitialized -Wno-unused-but-set-parameter -Wno-unused-but-set-variable -Wno-unused-parameter -Wno-unused-variable    -O0 -DVL_TIME_CONTEXT   -fcoroutines -include Vt_uvm_core_phasing__pch.h.slow -c Vt_uvm_core_phasing___024root__0__Slow.cpp
g++   -I. -Wall -Wextra -Wfloat-conversion -Wlogical-op -Werror -MMD -I/workspace/scratch/86e4a45a0d74/verilator-uvm-extend/include -I/workspace/scratch/86e4a45a0d74/verilator-uvm-extend/include/vltstd -DVERILATOR=1 -DVM_COVERAGE=0 -DVM_SC=0 -DVM_TIMING=1 -DVM_TRACE=0 -DVM_TRACE_FST=0 -DVM_TRACE_VCD=0 -DVM_TRACE_SAIF=0 -DVM_VPI=0 -faligned-new -fcf-protection=none -Wno-bool-operation -Wno-int-in-bool-context -Wno-shadow -Wno-sign-compare -Wno-subobject-linkage -Wno-tautological-compare -Wno-uninitialized -Wno-unused-but-set-parameter -Wno-unused-but-set-variable -Wno-unused-parameter -Wno-unused-variable    -O0 -DVL_TIME_CONTEXT   -fcoroutines -include Vt_uvm_core_phasing__pch.h.slow -c Vt_uvm_core_phasing_vm_classes_Slow_0.cpp
g++   -I. -Wall -Wextra -Wfloat-conversion -Wlogical-op -Werror -MMD -I/workspace/scratch/86e4a45a0d74/verilator-uvm-extend/include -I/workspace/scratch/86e4a45a0d74/verilator-uvm-extend/include/vltstd -DVERILATOR=1 -DVM_COVERAGE=0 -DVM_SC=0 -DVM_TIMING=1 -DVM_TRACE=0 -DVM_TRACE_FST=0 -DVM_TRACE_VCD=0 -DVM_TRACE_SAIF=0 -DVM_VPI=0 -faligned-new -fcf-protection=none -Wno-bool-operation -Wno-int-in-bool-context -Wno-shadow -Wno-sign-compare -Wno-subobject-linkage -Wno-tautological-compare -Wno-uninitialized -Wno-unused-but-set-parameter -Wno-unused-but-set-variable -Wno-unused-parameter -Wno-unused-variable    -O0 -DVL_TIME_CONTEXT   -fcoroutines -include Vt_uvm_core_phasing__pch.h.slow -c Vt_uvm_core_phasing_vm_classes_Slow_1.cpp
g++   -I. -Wall -Wextra -Wfloat-conversion -Wlogical-op -Werror -MMD -I/workspace/scratch/86e4a45a0d74/verilator-uvm-extend/include -I/workspace/scratch/86e4a45a0d74/verilator-uvm-extend/include/vltstd -DVERILATOR=1 -DVM_COVERAGE=0 -DVM_SC=0 -DVM_TIMING=1 -DVM_TRACE=0 -DVM_TRACE_FST=0 -DVM_TRACE_VCD=0 -DVM_TRACE_SAIF=0 -DVM_VPI=0 -faligned-new -fcf-protection=none -Wno-bool-operation -Wno-int-in-bool-context -Wno-shadow -Wno-sign-compare -Wno-subobject-linkage -Wno-tautological-compare -Wno-uninitialized -Wno-unused-but-set-parameter -Wno-unused-but-set-variable -Wno-unused-parameter -Wno-unused-variable    -O0 -DVL_TIME_CONTEXT   -fcoroutines -include Vt_uvm_core_phasing__pch.h.slow -c Vt_uvm_core_phasing_vm_classes_Slow_2.cpp
g++   -I. -Wall -Wextra -Wfloat-conversion -Wlogical-op -Werror -MMD -I/workspace/scratch/86e4a45a0d74/verilator-uvm-extend/include -I/workspace/scratch/86e4a45a0d74/verilator-uvm-extend/include/vltstd -DVERILATOR=1 -DVM_COVERAGE=0 -DVM_SC=0 -DVM_TIMING=1 -DVM_TRACE=0 -DVM_TRACE_FST=0 -DVM_TRACE_VCD=0 -DVM_TRACE_SAIF=0 -DVM_VPI=0 -faligned-new -fcf-protection=none -Wno-bool-operation -Wno-int-in-bool-context -Wno-shadow -Wno-sign-compare -Wno-subobject-linkage -Wno-tautological-compare -Wno-uninitialized -Wno-unused-but-set-parameter -Wno-unused-but-set-variable -Wno-unused-parameter -Wno-unused-variable    -O0 -DVL_TIME_CONTEXT   -fcoroutines -include Vt_uvm_core_phasing__pch.h.slow -c Vt_uvm_core_phasing_vm_classes_Slow_3.cpp
g++   -I. -Wall -Wextra -Wfloat-conversion -Wlogical-op -Werror -MMD -I/workspace/scratch/86e4a45a0d74/verilator-uvm-extend/include -I/workspace/scratch/86e4a45a0d74/verilator-uvm-extend/include/vltstd -DVERILATOR=1 -DVM_COVERAGE=0 -DVM_SC=0 -DVM_TIMING=1 -DVM_TRACE=0 -DVM_TRACE_FST=0 -DVM_TRACE_VCD=0 -DVM_TRACE_SAIF=0 -DVM_VPI=0 -faligned-new -fcf-protection=none -Wno-bool-operation -Wno-int-in-bool-context -Wno-shadow -Wno-sign-compare -Wno-subobject-linkage -Wno-tautological-compare -Wno-uninitialized -Wno-unused-but-set-parameter -Wno-unused-but-set-variable -Wno-unused-parameter -Wno-unused-variable    -O0 -DVL_TIME_CONTEXT   -fcoroutines -include Vt_uvm_core_phasing__pch.h.slow -c Vt_uvm_core_phasing_vm_classes_Slow_4.cpp
g++   -I. -Wall -Wextra -Wfloat-conversion -Wlogical-op -Werror -MMD -I/workspace/scratch/86e4a45a0d74/verilator-uvm-extend/include -I/workspace/scratch/86e4a45a0d74/verilator-uvm-extend/include/vltstd -DVERILATOR=1 -DVM_COVERAGE=0 -DVM_SC=0 -DVM_TIMING=1 -DVM_TRACE=0 -DVM_TRACE_FST=0 -DVM_TRACE_VCD=0 -DVM_TRACE_SAIF=0 -DVM_VPI=0 -faligned-new -fcf-protection=none -Wno-bool-operation -Wno-int-in-bool-context -Wno-shadow -Wno-sign-compare -Wno-subobject-linkage -Wno-tautological-compare -Wno-uninitialized -Wno-unused-but-set-parameter -Wno-unused-but-set-variable -Wno-unused-parameter -Wno-unused-variable    -O0 -DVL_TIME_CONTEXT   -fcoroutines -include Vt_uvm_core_phasing__pch.h.slow -c Vt_uvm_core_phasing_vm_classes_Slow_5.cpp
g++   -I. -Wall -Wextra -Wfloat-conversion -Wlogical-op -Werror -MMD -I/workspace/scratch/86e4a45a0d74/verilator-uvm-extend/include -I/workspace/scratch/86e4a45a0d74/verilator-uvm-extend/include/vltstd -DVERILATOR=1 -DVM_COVERAGE=0 -DVM_SC=0 -DVM_TIMING=1 -DVM_TRACE=0 -DVM_TRACE_FST=0 -DVM_TRACE_VCD=0 -DVM_TRACE_SAIF=0 -DVM_VPI=0 -faligned-new -fcf-protection=none -Wno-bool-operation -Wno-int-in-bool-context -Wno-shadow -Wno-sign-compare -Wno-subobject-linkage -Wno-tautological-compare -Wno-uninitialized -Wno-unused-but-set-parameter -Wno-unused-but-set-variable -Wno-unused-parameter -Wno-unused-variable    -O0 -DVL_TIME_CONTEXT   -fcoroutines -include Vt_uvm_core_phasing__pch.h.slow -c Vt_uvm_core_phasing__Syms__Slow.cpp
g++    verilated.o verilated_dpi.o verilated_timing.o verilated_random.o verilated_threads.o Vt_uvm_core_phasing__ALL.a    -pthread -lpthread -latomic   -o Vt_uvm_core_phasing
rm Vt_uvm_core_phasing__ALL.verilator_deplist.tmp
make[1]: Leaving directory '/workspace/scratch/86e4a45a0d74/verilator-uvm-extend/test_regress/obj_vlt/t_uvm_core_phasing-uvm2020'
- V e r i l a t i o n   R e p o r t: Verilator 5.051 devel rev vUNKNOWN-built20260906-4906f041d
- Verilator: Built from 3.362 MB sources in 361 modules, into 21.065 MB in 1972 C++ files needing 76.892 MB
- Verilator: Walltime 161.266 s (elab=2.780, cvt=19.430, bld=136.417); cpu 24.844 s on 1 threads; allocated 274.934 MB
        obj_vlt/t_uvm_core_phasing-uvm2020/Vt_uvm_core_phasing +UVM_NO_RELNOTES    > obj_vlt/t_uvm_core_phasing-uvm2020/vlt_sim.log
UVM_INFO t/uvm/src/base/uvm_root.svh(476) @ 0: reporter [UVM/RELNOTES]
  ***********       IMPORTANT RELEASE NOTES         ************

  This implementation of the UVM Library deviates from the 1800.2-2020
  standard.  See the DEVIATIONS.md file contained in the release
  for more details.

----------------------------------------------------------------
Accellera:1800.2:UVM:2020.3.1

All copyright owners for this kit are listed in NOTICE.txt
All Rights Reserved Worldwide
----------------------------------------------------------------

      (Specify +UVM_NO_RELNOTES to turn off this notice)

UVM_WARNING t/uvm/src/base/uvm_root.svh(549) @ 0: reporter [NO_DPI_USED] We are thinking of removing support for UVM_NO_DPI.  Please try this test without it and evaluate the impact
UVM_INFO @ 0: reporter [RNTST] Running test phasing_test...
UVM_INFO t/uvm/src/base/uvm_traversal.svh(345) @ 0: reporter [UVM/COMP/NAMECHECK] This implementation of the component name checks requires DPI to be enabled
UVM_WARNING t/uvm/src/base/uvm_traversal.svh(314) @ 0: reporter [NO_VISIT_CHECK] Because UVM_REGEX_NO_DPI is defined, no uvm component name constraints will be checked
UVM_INFO t/uvm/src/base/uvm_report_server.svh(1009) @ 10: reporter [UVM/REPORT/SERVER]
--- UVM Report Summary ---

** Report counts by severity
UVM_INFO :    3
UVM_WARNING :    2
UVM_ERROR :    0
UVM_FATAL :    0
** Report counts by id
[NO_DPI_USED]     1
[NO_VISIT_CHECK]     1
[RNTST]     1
[UVM/COMP/NAMECHECK]     1
[UVM/RELNOTES]     1

** UVM CORE PHASING PASSED **
- t/t_uvm_core_phasing.v:177: Verilog $finish
- S i m u l a t i o n   R e p o r t: Verilator 5.051 devel
- Verilator: $finish at 40ps; walltime 0.013 s; speed 3.144 ns/s
- Verilator: cpu 0.013 s on 1 threads; allocated 29 MB
vlt/t_uvm_core_phasing: Self PASSED
==SUMMARY: Left 5  Passed 22  Failed 0  Running 1  Time 18:44
==SUMMARY: Left 5  Passed 22  Failed 0  Running 1  Time 18:59
==STILL RUNNING:  t/t_uvm_tlm_analysis_fifo.py
==SUMMARY: Left 5  Passed 22  Failed 0  Running 1  Time 19:14
==STILL RUNNING:  t/t_uvm_tlm_analysis_fifo.py
==SUMMARY: Left 5  Passed 22  Failed 0  Running 1  Time 19:29
==STILL RUNNING:  t/t_uvm_tlm_analysis_fifo.py
==SUMMARY: Left 5  Passed 22  Failed 0  Running 1  Time 19:44
==STILL RUNNING:  t/t_uvm_tlm_analysis_fifo.py
==SUMMARY: Left 5  Passed 22  Failed 0  Running 1  Time 19:59
==STILL RUNNING:  t/t_uvm_tlm_analysis_fifo.py
==SUMMARY: Left 5  Passed 22  Failed 0  Running 1  Time 20:14
==STILL RUNNING:  t/t_uvm_tlm_analysis_fifo.py
======================================================================
vlt/t_uvm_tlm_analysis_fifo: ==================================================
        perl /workspace/scratch/86e4a45a0d74/verilator-uvm-extend/bin/verilator --prefix Vt_uvm_tlm_analysis_fifo -cc -Mdir obj_vlt/t_uvm_tlm_analysis_fifo-uvm2020 --fdedup --debug-check --comp-limit-members 10 --x-assign unique -f input.vc +define+TEST_OBJ_DIR=obj_vlt/t_uvm_tlm_analysis_fifo-uvm2020 +define+TEST_DUMPFILE=obj_vlt/t_uvm_tlm_analysis_fifo-uvm2020/simx.vcd --binary --build-jobs 1 --output-groups 6 --CFLAGS -O0 -Wall +incdir+t/uvm t/uvm/uvm_pkg_all_v2020_3_1_nodpi.svh t/t_uvm_tlm_analysis_fifo.v   > obj_vlt/t_uvm_tlm_analysis_fifo-uvm2020/vlt_compile.log
make[1]: Entering directory '/workspace/scratch/86e4a45a0d74/verilator-uvm-extend/test_regress/obj_vlt/t_uvm_tlm_analysis_fifo-uvm2020'
g++ -Os  -I. -Wall -Wextra -Wfloat-conversion -Wlogical-op -Werror -MMD -I/workspace/scratch/86e4a45a0d74/verilator-uvm-extend/include -I/workspace/scratch/86e4a45a0d74/verilator-uvm-extend/include/vltstd -DVERILATOR=1 -DVM_COVERAGE=0 -DVM_SC=0 -DVM_TIMING=1 -DVM_TRACE=0 -DVM_TRACE_FST=0 -DVM_TRACE_VCD=0 -DVM_TRACE_SAIF=0 -DVM_VPI=0 -faligned-new -fcf-protection=none -Wno-bool-operation -Wno-int-in-bool-context -Wno-shadow -Wno-sign-compare -Wno-subobject-linkage -Wno-tautological-compare -Wno-uninitialized -Wno-unused-but-set-parameter -Wno-unused-but-set-variable -Wno-unused-parameter -Wno-unused-variable    -O0 -DVL_TIME_CONTEXT   -fcoroutines -c -o verilated.o /workspace/scratch/86e4a45a0d74/verilator-uvm-extend/include/verilated.cpp
g++ -Os  -I. -Wall -Wextra -Wfloat-conversion -Wlogical-op -Werror -MMD -I/workspace/scratch/86e4a45a0d74/verilator-uvm-extend/include -I/workspace/scratch/86e4a45a0d74/verilator-uvm-extend/include/vltstd -DVERILATOR=1 -DVM_COVERAGE=0 -DVM_SC=0 -DVM_TIMING=1 -DVM_TRACE=0 -DVM_TRACE_FST=0 -DVM_TRACE_VCD=0 -DVM_TRACE_SAIF=0 -DVM_VPI=0 -faligned-new -fcf-protection=none -Wno-bool-operation -Wno-int-in-bool-context -Wno-shadow -Wno-sign-compare -Wno-subobject-linkage -Wno-tautological-compare -Wno-uninitialized -Wno-unused-but-set-parameter -Wno-unused-but-set-variable -Wno-unused-parameter -Wno-unused-variable    -O0 -DVL_TIME_CONTEXT   -fcoroutines -c -o verilated_dpi.o /workspace/scratch/86e4a45a0d74/verilator-uvm-extend/include/verilated_dpi.cpp
g++ -Os  -I. -Wall -Wextra -Wfloat-conversion -Wlogical-op -Werror -MMD -I/workspace/scratch/86e4a45a0d74/verilator-uvm-extend/include -I/workspace/scratch/86e4a45a0d74/verilator-uvm-extend/include/vltstd -DVERILATOR=1 -DVM_COVERAGE=0 -DVM_SC=0 -DVM_TIMING=1 -DVM_TRACE=0 -DVM_TRACE_FST=0 -DVM_TRACE_VCD=0 -DVM_TRACE_SAIF=0 -DVM_VPI=0 -faligned-new -fcf-protection=none -Wno-bool-operation -Wno-int-in-bool-context -Wno-shadow -Wno-sign-compare -Wno-subobject-linkage -Wno-tautological-compare -Wno-uninitialized -Wno-unused-but-set-parameter -Wno-unused-but-set-variable -Wno-unused-parameter -Wno-unused-variable    -O0 -DVL_TIME_CONTEXT   -fcoroutines -c -o verilated_timing.o /workspace/scratch/86e4a45a0d74/verilator-uvm-extend/include/verilated_timing.cpp
g++ -Os  -I. -Wall -Wextra -Wfloat-conversion -Wlogical-op -Werror -MMD -I/workspace/scratch/86e4a45a0d74/verilator-uvm-extend/include -I/workspace/scratch/86e4a45a0d74/verilator-uvm-extend/include/vltstd -DVERILATOR=1 -DVM_COVERAGE=0 -DVM_SC=0 -DVM_TIMING=1 -DVM_TRACE=0 -DVM_TRACE_FST=0 -DVM_TRACE_VCD=0 -DVM_TRACE_SAIF=0 -DVM_VPI=0 -faligned-new -fcf-protection=none -Wno-bool-operation -Wno-int-in-bool-context -Wno-shadow -Wno-sign-compare -Wno-subobject-linkage -Wno-tautological-compare -Wno-uninitialized -Wno-unused-but-set-parameter -Wno-unused-but-set-variable -Wno-unused-parameter -Wno-unused-variable    -O0 -DVL_TIME_CONTEXT   -fcoroutines -c -o verilated_random.o /workspace/scratch/86e4a45a0d74/verilator-uvm-extend/include/verilated_random.cpp
g++ -Os  -I. -Wall -Wextra -Wfloat-conversion -Wlogical-op -Werror -MMD -I/workspace/scratch/86e4a45a0d74/verilator-uvm-extend/include -I/workspace/scratch/86e4a45a0d74/verilator-uvm-extend/include/vltstd -DVERILATOR=1 -DVM_COVERAGE=0 -DVM_SC=0 -DVM_TIMING=1 -DVM_TRACE=0 -DVM_TRACE_FST=0 -DVM_TRACE_VCD=0 -DVM_TRACE_SAIF=0 -DVM_VPI=0 -faligned-new -fcf-protection=none -Wno-bool-operation -Wno-int-in-bool-context -Wno-shadow -Wno-sign-compare -Wno-subobject-linkage -Wno-tautological-compare -Wno-uninitialized -Wno-unused-but-set-parameter -Wno-unused-but-set-variable -Wno-unused-parameter -Wno-unused-variable    -O0 -DVL_TIME_CONTEXT   -fcoroutines -c -o verilated_threads.o /workspace/scratch/86e4a45a0d74/verilator-uvm-extend/include/verilated_threads.cpp
g++ -Os  -I. -Wall -Wextra -Wfloat-conversion -Wlogical-op -Werror -MMD -I/workspace/scratch/86e4a45a0d74/verilator-uvm-extend/include -I/workspace/scratch/86e4a45a0d74/verilator-uvm-extend/include/vltstd -DVERILATOR=1 -DVM_COVERAGE=0 -DVM_SC=0 -DVM_TIMING=1 -DVM_TRACE=0 -DVM_TRACE_FST=0 -DVM_TRACE_VCD=0 -DVM_TRACE_SAIF=0 -DVM_VPI=0 -faligned-new -fcf-protection=none -Wno-bool-operation -Wno-int-in-bool-context -Wno-shadow -Wno-sign-compare -Wno-subobject-linkage -Wno-tautological-compare -Wno-uninitialized -Wno-unused-but-set-parameter -Wno-unused-but-set-variable -Wno-unused-parameter -Wno-unused-variable    -O0 -DVL_TIME_CONTEXT   -fcoroutines -x c++-header Vt_uvm_tlm_analysis_fifo__pch.h -o Vt_uvm_tlm_analysis_fifo__pch.h.fast.gch
g++ -Os  -I. -Wall -Wextra -Wfloat-conversion -Wlogical-op -Werror -MMD -I/workspace/scratch/86e4a45a0d74/verilator-uvm-extend/include -I/workspace/scratch/86e4a45a0d74/verilator-uvm-extend/include/vltstd -DVERILATOR=1 -DVM_COVERAGE=0 -DVM_SC=0 -DVM_TIMING=1 -DVM_TRACE=0 -DVM_TRACE_FST=0 -DVM_TRACE_VCD=0 -DVM_TRACE_SAIF=0 -DVM_VPI=0 -faligned-new -fcf-protection=none -Wno-bool-operation -Wno-int-in-bool-context -Wno-shadow -Wno-sign-compare -Wno-subobject-linkage -Wno-tautological-compare -Wno-uninitialized -Wno-unused-but-set-parameter -Wno-unused-but-set-variable -Wno-unused-parameter -Wno-unused-variable    -O0 -DVL_TIME_CONTEXT   -fcoroutines -include Vt_uvm_tlm_analysis_fifo__pch.h.fast -c Vt_uvm_tlm_analysis_fifo_vm_classes_0.cpp
g++ -Os  -I. -Wall -Wextra -Wfloat-conversion -Wlogical-op -Werror -MMD -I/workspace/scratch/86e4a45a0d74/verilator-uvm-extend/include -I/workspace/scratch/86e4a45a0d74/verilator-uvm-extend/include/vltstd -DVERILATOR=1 -DVM_COVERAGE=0 -DVM_SC=0 -DVM_TIMING=1 -DVM_TRACE=0 -DVM_TRACE_FST=0 -DVM_TRACE_VCD=0 -DVM_TRACE_SAIF=0 -DVM_VPI=0 -faligned-new -fcf-protection=none -Wno-bool-operation -Wno-int-in-bool-context -Wno-shadow -Wno-sign-compare -Wno-subobject-linkage -Wno-tautological-compare -Wno-uninitialized -Wno-unused-but-set-parameter -Wno-unused-but-set-variable -Wno-unused-parameter -Wno-unused-variable    -O0 -DVL_TIME_CONTEXT   -fcoroutines -include Vt_uvm_tlm_analysis_fifo__pch.h.fast -c Vt_uvm_tlm_analysis_fifo_vm_classes_1.cpp
g++ -Os  -I. -Wall -Wextra -Wfloat-conversion -Wlogical-op -Werror -MMD -I/workspace/scratch/86e4a45a0d74/verilator-uvm-extend/include -I/workspace/scratch/86e4a45a0d74/verilator-uvm-extend/include/vltstd -DVERILATOR=1 -DVM_COVERAGE=0 -DVM_SC=0 -DVM_TIMING=1 -DVM_TRACE=0 -DVM_TRACE_FST=0 -DVM_TRACE_VCD=0 -DVM_TRACE_SAIF=0 -DVM_VPI=0 -faligned-new -fcf-protection=none -Wno-bool-operation -Wno-int-in-bool-context -Wno-shadow -Wno-sign-compare -Wno-subobject-linkage -Wno-tautological-compare -Wno-uninitialized -Wno-unused-but-set-parameter -Wno-unused-but-set-variable -Wno-unused-parameter -Wno-unused-variable    -O0 -DVL_TIME_CONTEXT   -fcoroutines -include Vt_uvm_tlm_analysis_fifo__pch.h.fast -c Vt_uvm_tlm_analysis_fifo_vm_classes_2.cpp
g++ -Os  -I. -Wall -Wextra -Wfloat-conversion -Wlogical-op -Werror -MMD -I/workspace/scratch/86e4a45a0d74/verilator-uvm-extend/include -I/workspace/scratch/86e4a45a0d74/verilator-uvm-extend/include/vltstd -DVERILATOR=1 -DVM_COVERAGE=0 -DVM_SC=0 -DVM_TIMING=1 -DVM_TRACE=0 -DVM_TRACE_FST=0 -DVM_TRACE_VCD=0 -DVM_TRACE_SAIF=0 -DVM_VPI=0 -faligned-new -fcf-protection=none -Wno-bool-operation -Wno-int-in-bool-context -Wno-shadow -Wno-sign-compare -Wno-subobject-linkage -Wno-tautological-compare -Wno-uninitialized -Wno-unused-but-set-parameter -Wno-unused-but-set-variable -Wno-unused-parameter -Wno-unused-variable    -O0 -DVL_TIME_CONTEXT   -fcoroutines -include Vt_uvm_tlm_analysis_fifo__pch.h.fast -c Vt_uvm_tlm_analysis_fifo_vm_classes_3.cpp
==SUMMARY: Left 5  Passed 22  Failed 0  Running 1  Time 20:29
==STILL RUNNING:  t/t_uvm_tlm_analysis_fifo.py
==SUMMARY: Left 5  Passed 22  Failed 0  Running 1  Time 20:44
==STILL RUNNING:  t/t_uvm_tlm_analysis_fifo.py
==SUMMARY: Left 5  Passed 22  Failed 0  Running 1  Time 20:59
==STILL RUNNING:  t/t_uvm_tlm_analysis_fifo.py
==SUMMARY: Left 5  Passed 22  Failed 0  Running 1  Time 21:14
==STILL RUNNING:  t/t_uvm_tlm_analysis_fifo.py
g++ -Os  -I. -Wall -Wextra -Wfloat-conversion -Wlogical-op -Werror -MMD -I/workspace/scratch/86e4a45a0d74/verilator-uvm-extend/include -I/workspace/scratch/86e4a45a0d74/verilator-uvm-extend/include/vltstd -DVERILATOR=1 -DVM_COVERAGE=0 -DVM_SC=0 -DVM_TIMING=1 -DVM_TRACE=0 -DVM_TRACE_FST=0 -DVM_TRACE_VCD=0 -DVM_TRACE_SAIF=0 -DVM_VPI=0 -faligned-new -fcf-protection=none -Wno-bool-operation -Wno-int-in-bool-context -Wno-shadow -Wno-sign-compare -Wno-subobject-linkage -Wno-tautological-compare -Wno-uninitialized -Wno-unused-but-set-parameter -Wno-unused-but-set-variable -Wno-unused-parameter -Wno-unused-variable    -O0 -DVL_TIME_CONTEXT   -fcoroutines -include Vt_uvm_tlm_analysis_fifo__pch.h.fast -c Vt_uvm_tlm_analysis_fifo_vm_classes_4.cpp
g++ -Os  -I. -Wall -Wextra -Wfloat-conversion -Wlogical-op -Werror -MMD -I/workspace/scratch/86e4a45a0d74/verilator-uvm-extend/include -I/workspace/scratch/86e4a45a0d74/verilator-uvm-extend/include/vltstd -DVERILATOR=1 -DVM_COVERAGE=0 -DVM_SC=0 -DVM_TIMING=1 -DVM_TRACE=0 -DVM_TRACE_FST=0 -DVM_TRACE_VCD=0 -DVM_TRACE_SAIF=0 -DVM_VPI=0 -faligned-new -fcf-protection=none -Wno-bool-operation -Wno-int-in-bool-context -Wno-shadow -Wno-sign-compare -Wno-subobject-linkage -Wno-tautological-compare -Wno-uninitialized -Wno-unused-but-set-parameter -Wno-unused-but-set-variable -Wno-unused-parameter -Wno-unused-variable    -O0 -DVL_TIME_CONTEXT   -fcoroutines -include Vt_uvm_tlm_analysis_fifo__pch.h.fast -c Vt_uvm_tlm_analysis_fifo_vm_classes_5.cpp
g++ -Os  -I. -Wall -Wextra -Wfloat-conversion -Wlogical-op -Werror -MMD -I/workspace/scratch/86e4a45a0d74/verilator-uvm-extend/include -I/workspace/scratch/86e4a45a0d74/verilator-uvm-extend/include/vltstd -DVERILATOR=1 -DVM_COVERAGE=0 -DVM_SC=0 -DVM_TIMING=1 -DVM_TRACE=0 -DVM_TRACE_FST=0 -DVM_TRACE_VCD=0 -DVM_TRACE_SAIF=0 -DVM_VPI=0 -faligned-new -fcf-protection=none -Wno-bool-operation -Wno-int-in-bool-context -Wno-shadow -Wno-sign-compare -Wno-subobject-linkage -Wno-tautological-compare -Wno-uninitialized -Wno-unused-but-set-parameter -Wno-unused-but-set-variable -Wno-unused-parameter -Wno-unused-variable    -O0 -DVL_TIME_CONTEXT   -fcoroutines -include Vt_uvm_tlm_analysis_fifo__pch.h.fast -c Vt_uvm_tlm_analysis_fifo__Dpi.cpp
g++   -I. -Wall -Wextra -Wfloat-conversion -Wlogical-op -Werror -MMD -I/workspace/scratch/86e4a45a0d74/verilator-uvm-extend/include -I/workspace/scratch/86e4a45a0d74/verilator-uvm-extend/include/vltstd -DVERILATOR=1 -DVM_COVERAGE=0 -DVM_SC=0 -DVM_TIMING=1 -DVM_TRACE=0 -DVM_TRACE_FST=0 -DVM_TRACE_VCD=0 -DVM_TRACE_SAIF=0 -DVM_VPI=0 -faligned-new -fcf-protection=none -Wno-bool-operation -Wno-int-in-bool-context -Wno-shadow -Wno-sign-compare -Wno-subobject-linkage -Wno-tautological-compare -Wno-uninitialized -Wno-unused-but-set-parameter -Wno-unused-but-set-variable -Wno-unused-parameter -Wno-unused-variable    -O0 -DVL_TIME_CONTEXT   -fcoroutines -x c++-header Vt_uvm_tlm_analysis_fifo__pch.h -o Vt_uvm_tlm_analysis_fifo__pch.h.slow.gch
g++   -I. -Wall -Wextra -Wfloat-conversion -Wlogical-op -Werror -MMD -I/workspace/scratch/86e4a45a0d74/verilator-uvm-extend/include -I/workspace/scratch/86e4a45a0d74/verilator-uvm-extend/include/vltstd -DVERILATOR=1 -DVM_COVERAGE=0 -DVM_SC=0 -DVM_TIMING=1 -DVM_TRACE=0 -DVM_TRACE_FST=0 -DVM_TRACE_VCD=0 -DVM_TRACE_SAIF=0 -DVM_VPI=0 -faligned-new -fcf-protection=none -Wno-bool-operation -Wno-int-in-bool-context -Wno-shadow -Wno-sign-compare -Wno-subobject-linkage -Wno-tautological-compare -Wno-uninitialized -Wno-unused-but-set-parameter -Wno-unused-but-set-variable -Wno-unused-parameter -Wno-unused-variable    -O0 -DVL_TIME_CONTEXT   -fcoroutines -include Vt_uvm_tlm_analysis_fifo__pch.h.slow -c Vt_uvm_tlm_analysis_fifo__ConstPool__0__Slow.cpp
g++   -I. -Wall -Wextra -Wfloat-conversion -Wlogical-op -Werror -MMD -I/workspace/scratch/86e4a45a0d74/verilator-uvm-extend/include -I/workspace/scratch/86e4a45a0d74/verilator-uvm-extend/include/vltstd -DVERILATOR=1 -DVM_COVERAGE=0 -DVM_SC=0 -DVM_TIMING=1 -DVM_TRACE=0 -DVM_TRACE_FST=0 -DVM_TRACE_VCD=0 -DVM_TRACE_SAIF=0 -DVM_VPI=0 -faligned-new -fcf-protection=none -Wno-bool-operation -Wno-int-in-bool-context -Wno-shadow -Wno-sign-compare -Wno-subobject-linkage -Wno-tautological-compare -Wno-uninitialized -Wno-unused-but-set-parameter -Wno-unused-but-set-variable -Wno-unused-parameter -Wno-unused-variable    -O0 -DVL_TIME_CONTEXT   -fcoroutines -include Vt_uvm_tlm_analysis_fifo__pch.h.slow -c Vt_uvm_tlm_analysis_fifo___024root__Slow.cpp
g++   -I. -Wall -Wextra -Wfloat-conversion -Wlogical-op -Werror -MMD -I/workspace/scratch/86e4a45a0d74/verilator-uvm-extend/include -I/workspace/scratch/86e4a45a0d74/verilator-uvm-extend/include/vltstd -DVERILATOR=1 -DVM_COVERAGE=0 -DVM_SC=0 -DVM_TIMING=1 -DVM_TRACE=0 -DVM_TRACE_FST=0 -DVM_TRACE_VCD=0 -DVM_TRACE_SAIF=0 -DVM_VPI=0 -faligned-new -fcf-protection=none -Wno-bool-operation -Wno-int-in-bool-context -Wno-shadow -Wno-sign-compare -Wno-subobject-linkage -Wno-tautological-compare -Wno-uninitialized -Wno-unused-but-set-parameter -Wno-unused-but-set-variable -Wno-unused-parameter -Wno-unused-variable    -O0 -DVL_TIME_CONTEXT   -fcoroutines -include Vt_uvm_tlm_analysis_fifo__pch.h.slow -c Vt_uvm_tlm_analysis_fifo___024root__0__Slow.cpp
g++   -I. -Wall -Wextra -Wfloat-conversion -Wlogical-op -Werror -MMD -I/workspace/scratch/86e4a45a0d74/verilator-uvm-extend/include -I/workspace/scratch/86e4a45a0d74/verilator-uvm-extend/include/vltstd -DVERILATOR=1 -DVM_COVERAGE=0 -DVM_SC=0 -DVM_TIMING=1 -DVM_TRACE=0 -DVM_TRACE_FST=0 -DVM_TRACE_VCD=0 -DVM_TRACE_SAIF=0 -DVM_VPI=0 -faligned-new -fcf-protection=none -Wno-bool-operation -Wno-int-in-bool-context -Wno-shadow -Wno-sign-compare -Wno-subobject-linkage -Wno-tautological-compare -Wno-uninitialized -Wno-unused-but-set-parameter -Wno-unused-but-set-variable -Wno-unused-parameter -Wno-unused-variable    -O0 -DVL_TIME_CONTEXT   -fcoroutines -include Vt_uvm_tlm_analysis_fifo__pch.h.slow -c Vt_uvm_tlm_analysis_fifo_vm_classes_Slow_0.cpp
g++   -I. -Wall -Wextra -Wfloat-conversion -Wlogical-op -Werror -MMD -I/workspace/scratch/86e4a45a0d74/verilator-uvm-extend/include -I/workspace/scratch/86e4a45a0d74/verilator-uvm-extend/include/vltstd -DVERILATOR=1 -DVM_COVERAGE=0 -DVM_SC=0 -DVM_TIMING=1 -DVM_TRACE=0 -DVM_TRACE_FST=0 -DVM_TRACE_VCD=0 -DVM_TRACE_SAIF=0 -DVM_VPI=0 -faligned-new -fcf-protection=none -Wno-bool-operation -Wno-int-in-bool-context -Wno-shadow -Wno-sign-compare -Wno-subobject-linkage -Wno-tautological-compare -Wno-uninitialized -Wno-unused-but-set-parameter -Wno-unused-but-set-variable -Wno-unused-parameter -Wno-unused-variable    -O0 -DVL_TIME_CONTEXT   -fcoroutines -include Vt_uvm_tlm_analysis_fifo__pch.h.slow -c Vt_uvm_tlm_analysis_fifo_vm_classes_Slow_1.cpp
g++   -I. -Wall -Wextra -Wfloat-conversion -Wlogical-op -Werror -MMD -I/workspace/scratch/86e4a45a0d74/verilator-uvm-extend/include -I/workspace/scratch/86e4a45a0d74/verilator-uvm-extend/include/vltstd -DVERILATOR=1 -DVM_COVERAGE=0 -DVM_SC=0 -DVM_TIMING=1 -DVM_TRACE=0 -DVM_TRACE_FST=0 -DVM_TRACE_VCD=0 -DVM_TRACE_SAIF=0 -DVM_VPI=0 -faligned-new -fcf-protection=none -Wno-bool-operation -Wno-int-in-bool-context -Wno-shadow -Wno-sign-compare -Wno-subobject-linkage -Wno-tautological-compare -Wno-uninitialized -Wno-unused-but-set-parameter -Wno-unused-but-set-variable -Wno-unused-parameter -Wno-unused-variable    -O0 -DVL_TIME_CONTEXT   -fcoroutines -include Vt_uvm_tlm_analysis_fifo__pch.h.slow -c Vt_uvm_tlm_analysis_fifo_vm_classes_Slow_2.cpp
g++   -I. -Wall -Wextra -Wfloat-conversion -Wlogical-op -Werror -MMD -I/workspace/scratch/86e4a45a0d74/verilator-uvm-extend/include -I/workspace/scratch/86e4a45a0d74/verilator-uvm-extend/include/vltstd -DVERILATOR=1 -DVM_COVERAGE=0 -DVM_SC=0 -DVM_TIMING=1 -DVM_TRACE=0 -DVM_TRACE_FST=0 -DVM_TRACE_VCD=0 -DVM_TRACE_SAIF=0 -DVM_VPI=0 -faligned-new -fcf-protection=none -Wno-bool-operation -Wno-int-in-bool-context -Wno-shadow -Wno-sign-compare -Wno-subobject-linkage -Wno-tautological-compare -Wno-uninitialized -Wno-unused-but-set-parameter -Wno-unused-but-set-variable -Wno-unused-parameter -Wno-unused-variable    -O0 -DVL_TIME_CONTEXT   -fcoroutines -include Vt_uvm_tlm_analysis_fifo__pch.h.slow -c Vt_uvm_tlm_analysis_fifo_vm_classes_Slow_3.cpp
g++   -I. -Wall -Wextra -Wfloat-conversion -Wlogical-op -Werror -MMD -I/workspace/scratch/86e4a45a0d74/verilator-uvm-extend/include -I/workspace/scratch/86e4a45a0d74/verilator-uvm-extend/include/vltstd -DVERILATOR=1 -DVM_COVERAGE=0 -DVM_SC=0 -DVM_TIMING=1 -DVM_TRACE=0 -DVM_TRACE_FST=0 -DVM_TRACE_VCD=0 -DVM_TRACE_SAIF=0 -DVM_VPI=0 -faligned-new -fcf-protection=none -Wno-bool-operation -Wno-int-in-bool-context -Wno-shadow -Wno-sign-compare -Wno-subobject-linkage -Wno-tautological-compare -Wno-uninitialized -Wno-unused-but-set-parameter -Wno-unused-but-set-variable -Wno-unused-parameter -Wno-unused-variable    -O0 -DVL_TIME_CONTEXT   -fcoroutines -include Vt_uvm_tlm_analysis_fifo__pch.h.slow -c Vt_uvm_tlm_analysis_fifo_vm_classes_Slow_4.cpp
g++   -I. -Wall -Wextra -Wfloat-conversion -Wlogical-op -Werror -MMD -I/workspace/scratch/86e4a45a0d74/verilator-uvm-extend/include -I/workspace/scratch/86e4a45a0d74/verilator-uvm-extend/include/vltstd -DVERILATOR=1 -DVM_COVERAGE=0 -DVM_SC=0 -DVM_TIMING=1 -DVM_TRACE=0 -DVM_TRACE_FST=0 -DVM_TRACE_VCD=0 -DVM_TRACE_SAIF=0 -DVM_VPI=0 -faligned-new -fcf-protection=none -Wno-bool-operation -Wno-int-in-bool-context -Wno-shadow -Wno-sign-compare -Wno-subobject-linkage -Wno-tautological-compare -Wno-uninitialized -Wno-unused-but-set-parameter -Wno-unused-but-set-variable -Wno-unused-parameter -Wno-unused-variable    -O0 -DVL_TIME_CONTEXT   -fcoroutines -include Vt_uvm_tlm_analysis_fifo__pch.h.slow -c Vt_uvm_tlm_analysis_fifo_vm_classes_Slow_5.cpp
g++   -I. -Wall -Wextra -Wfloat-conversion -Wlogical-op -Werror -MMD -I/workspace/scratch/86e4a45a0d74/verilator-uvm-extend/include -I/workspace/scratch/86e4a45a0d74/verilator-uvm-extend/include/vltstd -DVERILATOR=1 -DVM_COVERAGE=0 -DVM_SC=0 -DVM_TIMING=1 -DVM_TRACE=0 -DVM_TRACE_FST=0 -DVM_TRACE_VCD=0 -DVM_TRACE_SAIF=0 -DVM_VPI=0 -faligned-new -fcf-protection=none -Wno-bool-operation -Wno-int-in-bool-context -Wno-shadow -Wno-sign-compare -Wno-subobject-linkage -Wno-tautological-compare -Wno-uninitialized -Wno-unused-but-set-parameter -Wno-unused-but-set-variable -Wno-unused-parameter -Wno-unused-variable    -O0 -DVL_TIME_CONTEXT   -fcoroutines -include Vt_uvm_tlm_analysis_fifo__pch.h.slow -c Vt_uvm_tlm_analysis_fifo__Syms__Slow.cpp
g++    verilated.o verilated_dpi.o verilated_timing.o verilated_random.o verilated_threads.o Vt_uvm_tlm_analysis_fifo__ALL.a    -pthread -lpthread -latomic   -o Vt_uvm_tlm_analysis_fifo
rm Vt_uvm_tlm_analysis_fifo__ALL.verilator_deplist.tmp
make[1]: Leaving directory '/workspace/scratch/86e4a45a0d74/verilator-uvm-extend/test_regress/obj_vlt/t_uvm_tlm_analysis_fifo-uvm2020'
- V e r i l a t i o n   R e p o r t: Verilator 5.051 devel rev vUNKNOWN-built20260906-4906f041d
- Verilator: Built from 3.388 MB sources in 371 modules, into 22.437 MB in 2093 C++ files needing 100.321 MB
- Verilator: Walltime 164.208 s (elab=3.376, cvt=20.200, bld=138.055); cpu 26.149 s on 1 threads; allocated 282.082 MB
        obj_vlt/t_uvm_tlm_analysis_fifo-uvm2020/Vt_uvm_tlm_analysis_fifo +UVM_NO_RELNOTES    > obj_vlt/t_uvm_tlm_analysis_fifo-uvm2020/vlt_sim.log
UVM_INFO t/uvm/src/base/uvm_root.svh(476) @ 0: reporter [UVM/RELNOTES]
  ***********       IMPORTANT RELEASE NOTES         ************

  This implementation of the UVM Library deviates from the 1800.2-2020
  standard.  See the DEVIATIONS.md file contained in the release
  for more details.

----------------------------------------------------------------
Accellera:1800.2:UVM:2020.3.1

All copyright owners for this kit are listed in NOTICE.txt
All Rights Reserved Worldwide
----------------------------------------------------------------

      (Specify +UVM_NO_RELNOTES to turn off this notice)

UVM_WARNING t/uvm/src/base/uvm_root.svh(549) @ 0: reporter [NO_DPI_USED] We are thinking of removing support for UVM_NO_DPI.  Please try this test without it and evaluate the impact
UVM_INFO @ 0: reporter [RNTST] Running test tlm_test...
UVM_INFO t/uvm/src/base/uvm_traversal.svh(345) @ 0: reporter [UVM/COMP/NAMECHECK] This implementation of the component name checks requires DPI to be enabled
UVM_WARNING t/uvm/src/base/uvm_traversal.svh(314) @ 0: reporter [NO_VISIT_CHECK] Because UVM_REGEX_NO_DPI is defined, no uvm component name constraints will be checked
UVM_INFO t/uvm/src/base/uvm_report_server.svh(1009) @ 3: reporter [UVM/REPORT/SERVER]
--- UVM Report Summary ---

** Report counts by severity
UVM_INFO :    3
UVM_WARNING :    2
UVM_ERROR :    0
UVM_FATAL :    0
** Report counts by id
[NO_DPI_USED]     1
[NO_VISIT_CHECK]     1
[RNTST]     1
[UVM/COMP/NAMECHECK]     1
[UVM/RELNOTES]     1

** UVM TLM ANALYSIS FIFO PASSED **
- t/t_uvm_tlm_analysis_fifo.v:357: Verilog $finish
- S i m u l a t i o n   R e p o r t: Verilator 5.051 devel
- Verilator: $finish at 8ps; walltime 0.026 s; speed 313.259 ps/s
- Verilator: cpu 0.025 s on 1 threads; allocated 30 MB
vlt/t_uvm_tlm_analysis_fifo: Self PASSED
==SUMMARY: Left 4  Passed 23  Failed 0  Running 1  Time 21:28
==SUMMARY: Left 4  Passed 23  Failed 0  Running 1  Time 21:43
==STILL RUNNING:  t/t_uvm_sequence_driver_flow.py
==SUMMARY: Left 4  Passed 23  Failed 0  Running 1  Time 21:58
==STILL RUNNING:  t/t_uvm_sequence_driver_flow.py
==SUMMARY: Left 4  Passed 23  Failed 0  Running 1  Time 22:13
==STILL RUNNING:  t/t_uvm_sequence_driver_flow.py
==SUMMARY: Left 4  Passed 23  Failed 0  Running 1  Time 22:28
==STILL RUNNING:  t/t_uvm_sequence_driver_flow.py
==SUMMARY: Left 4  Passed 23  Failed 0  Running 1  Time 22:43
==STILL RUNNING:  t/t_uvm_sequence_driver_flow.py
==SUMMARY: Left 4  Passed 23  Failed 0  Running 1  Time 22:58
==STILL RUNNING:  t/t_uvm_sequence_driver_flow.py
======================================================================
vlt/t_uvm_sequence_driver_flow: ==================================================
        perl /workspace/scratch/86e4a45a0d74/verilator-uvm-extend/bin/verilator --prefix Vt_uvm_sequence_driver_flow -cc -Mdir obj_vlt/t_uvm_sequence_driver_flow-uvm2020 --fdedup --debug-check --comp-limit-members 10 --x-assign unique -f input.vc +define+TEST_OBJ_DIR=obj_vlt/t_uvm_sequence_driver_flow-uvm2020 +define+TEST_DUMPFILE=obj_vlt/t_uvm_sequence_driver_flow-uvm2020/simx.vcd --binary --build-jobs 1 --output-groups 6 --CFLAGS -O0 -Wall +incdir+t/uvm t/uvm/uvm_pkg_all_v2020_3_1_nodpi.svh t/t_uvm_sequence_driver_flow.v   > obj_vlt/t_uvm_sequence_driver_flow-uvm2020/vlt_compile.log
make[1]: Entering directory '/workspace/scratch/86e4a45a0d74/verilator-uvm-extend/test_regress/obj_vlt/t_uvm_sequence_driver_flow-uvm2020'
g++ -Os  -I. -Wall -Wextra -Wfloat-conversion -Wlogical-op -Werror -MMD -I/workspace/scratch/86e4a45a0d74/verilator-uvm-extend/include -I/workspace/scratch/86e4a45a0d74/verilator-uvm-extend/include/vltstd -DVERILATOR=1 -DVM_COVERAGE=0 -DVM_SC=0 -DVM_TIMING=1 -DVM_TRACE=0 -DVM_TRACE_FST=0 -DVM_TRACE_VCD=0 -DVM_TRACE_SAIF=0 -DVM_VPI=0 -faligned-new -fcf-protection=none -Wno-bool-operation -Wno-int-in-bool-context -Wno-shadow -Wno-sign-compare -Wno-subobject-linkage -Wno-tautological-compare -Wno-uninitialized -Wno-unused-but-set-parameter -Wno-unused-but-set-variable -Wno-unused-parameter -Wno-unused-variable    -O0 -DVL_TIME_CONTEXT   -fcoroutines -c -o verilated.o /workspace/scratch/86e4a45a0d74/verilator-uvm-extend/include/verilated.cpp
g++ -Os  -I. -Wall -Wextra -Wfloat-conversion -Wlogical-op -Werror -MMD -I/workspace/scratch/86e4a45a0d74/verilator-uvm-extend/include -I/workspace/scratch/86e4a45a0d74/verilator-uvm-extend/include/vltstd -DVERILATOR=1 -DVM_COVERAGE=0 -DVM_SC=0 -DVM_TIMING=1 -DVM_TRACE=0 -DVM_TRACE_FST=0 -DVM_TRACE_VCD=0 -DVM_TRACE_SAIF=0 -DVM_VPI=0 -faligned-new -fcf-protection=none -Wno-bool-operation -Wno-int-in-bool-context -Wno-shadow -Wno-sign-compare -Wno-subobject-linkage -Wno-tautological-compare -Wno-uninitialized -Wno-unused-but-set-parameter -Wno-unused-but-set-variable -Wno-unused-parameter -Wno-unused-variable    -O0 -DVL_TIME_CONTEXT   -fcoroutines -c -o verilated_dpi.o /workspace/scratch/86e4a45a0d74/verilator-uvm-extend/include/verilated_dpi.cpp
g++ -Os  -I. -Wall -Wextra -Wfloat-conversion -Wlogical-op -Werror -MMD -I/workspace/scratch/86e4a45a0d74/verilator-uvm-extend/include -I/workspace/scratch/86e4a45a0d74/verilator-uvm-extend/include/vltstd -DVERILATOR=1 -DVM_COVERAGE=0 -DVM_SC=0 -DVM_TIMING=1 -DVM_TRACE=0 -DVM_TRACE_FST=0 -DVM_TRACE_VCD=0 -DVM_TRACE_SAIF=0 -DVM_VPI=0 -faligned-new -fcf-protection=none -Wno-bool-operation -Wno-int-in-bool-context -Wno-shadow -Wno-sign-compare -Wno-subobject-linkage -Wno-tautological-compare -Wno-uninitialized -Wno-unused-but-set-parameter -Wno-unused-but-set-variable -Wno-unused-parameter -Wno-unused-variable    -O0 -DVL_TIME_CONTEXT   -fcoroutines -c -o verilated_timing.o /workspace/scratch/86e4a45a0d74/verilator-uvm-extend/include/verilated_timing.cpp
g++ -Os  -I. -Wall -Wextra -Wfloat-conversion -Wlogical-op -Werror -MMD -I/workspace/scratch/86e4a45a0d74/verilator-uvm-extend/include -I/workspace/scratch/86e4a45a0d74/verilator-uvm-extend/include/vltstd -DVERILATOR=1 -DVM_COVERAGE=0 -DVM_SC=0 -DVM_TIMING=1 -DVM_TRACE=0 -DVM_TRACE_FST=0 -DVM_TRACE_VCD=0 -DVM_TRACE_SAIF=0 -DVM_VPI=0 -faligned-new -fcf-protection=none -Wno-bool-operation -Wno-int-in-bool-context -Wno-shadow -Wno-sign-compare -Wno-subobject-linkage -Wno-tautological-compare -Wno-uninitialized -Wno-unused-but-set-parameter -Wno-unused-but-set-variable -Wno-unused-parameter -Wno-unused-variable    -O0 -DVL_TIME_CONTEXT   -fcoroutines -c -o verilated_random.o /workspace/scratch/86e4a45a0d74/verilator-uvm-extend/include/verilated_random.cpp
g++ -Os  -I. -Wall -Wextra -Wfloat-conversion -Wlogical-op -Werror -MMD -I/workspace/scratch/86e4a45a0d74/verilator-uvm-extend/include -I/workspace/scratch/86e4a45a0d74/verilator-uvm-extend/include/vltstd -DVERILATOR=1 -DVM_COVERAGE=0 -DVM_SC=0 -DVM_TIMING=1 -DVM_TRACE=0 -DVM_TRACE_FST=0 -DVM_TRACE_VCD=0 -DVM_TRACE_SAIF=0 -DVM_VPI=0 -faligned-new -fcf-protection=none -Wno-bool-operation -Wno-int-in-bool-context -Wno-shadow -Wno-sign-compare -Wno-subobject-linkage -Wno-tautological-compare -Wno-uninitialized -Wno-unused-but-set-parameter -Wno-unused-but-set-variable -Wno-unused-parameter -Wno-unused-variable    -O0 -DVL_TIME_CONTEXT   -fcoroutines -c -o verilated_threads.o /workspace/scratch/86e4a45a0d74/verilator-uvm-extend/include/verilated_threads.cpp
g++ -Os  -I. -Wall -Wextra -Wfloat-conversion -Wlogical-op -Werror -MMD -I/workspace/scratch/86e4a45a0d74/verilator-uvm-extend/include -I/workspace/scratch/86e4a45a0d74/verilator-uvm-extend/include/vltstd -DVERILATOR=1 -DVM_COVERAGE=0 -DVM_SC=0 -DVM_TIMING=1 -DVM_TRACE=0 -DVM_TRACE_FST=0 -DVM_TRACE_VCD=0 -DVM_TRACE_SAIF=0 -DVM_VPI=0 -faligned-new -fcf-protection=none -Wno-bool-operation -Wno-int-in-bool-context -Wno-shadow -Wno-sign-compare -Wno-subobject-linkage -Wno-tautological-compare -Wno-uninitialized -Wno-unused-but-set-parameter -Wno-unused-but-set-variable -Wno-unused-parameter -Wno-unused-variable    -O0 -DVL_TIME_CONTEXT   -fcoroutines -x c++-header Vt_uvm_sequence_driver_flow__pch.h -o Vt_uvm_sequence_driver_flow__pch.h.fast.gch
g++ -Os  -I. -Wall -Wextra -Wfloat-conversion -Wlogical-op -Werror -MMD -I/workspace/scratch/86e4a45a0d74/verilator-uvm-extend/include -I/workspace/scratch/86e4a45a0d74/verilator-uvm-extend/include/vltstd -DVERILATOR=1 -DVM_COVERAGE=0 -DVM_SC=0 -DVM_TIMING=1 -DVM_TRACE=0 -DVM_TRACE_FST=0 -DVM_TRACE_VCD=0 -DVM_TRACE_SAIF=0 -DVM_VPI=0 -faligned-new -fcf-protection=none -Wno-bool-operation -Wno-int-in-bool-context -Wno-shadow -Wno-sign-compare -Wno-subobject-linkage -Wno-tautological-compare -Wno-uninitialized -Wno-unused-but-set-parameter -Wno-unused-but-set-variable -Wno-unused-parameter -Wno-unused-variable    -O0 -DVL_TIME_CONTEXT   -fcoroutines -include Vt_uvm_sequence_driver_flow__pch.h.fast -c Vt_uvm_sequence_driver_flow_vm_classes_0.cpp
g++ -Os  -I. -Wall -Wextra -Wfloat-conversion -Wlogical-op -Werror -MMD -I/workspace/scratch/86e4a45a0d74/verilator-uvm-extend/include -I/workspace/scratch/86e4a45a0d74/verilator-uvm-extend/include/vltstd -DVERILATOR=1 -DVM_COVERAGE=0 -DVM_SC=0 -DVM_TIMING=1 -DVM_TRACE=0 -DVM_TRACE_FST=0 -DVM_TRACE_VCD=0 -DVM_TRACE_SAIF=0 -DVM_VPI=0 -faligned-new -fcf-protection=none -Wno-bool-operation -Wno-int-in-bool-context -Wno-shadow -Wno-sign-compare -Wno-subobject-linkage -Wno-tautological-compare -Wno-uninitialized -Wno-unused-but-set-parameter -Wno-unused-but-set-variable -Wno-unused-parameter -Wno-unused-variable    -O0 -DVL_TIME_CONTEXT   -fcoroutines -include Vt_uvm_sequence_driver_flow__pch.h.fast -c Vt_uvm_sequence_driver_flow_vm_classes_1.cpp
g++ -Os  -I. -Wall -Wextra -Wfloat-conversion -Wlogical-op -Werror -MMD -I/workspace/scratch/86e4a45a0d74/verilator-uvm-extend/include -I/workspace/scratch/86e4a45a0d74/verilator-uvm-extend/include/vltstd -DVERILATOR=1 -DVM_COVERAGE=0 -DVM_SC=0 -DVM_TIMING=1 -DVM_TRACE=0 -DVM_TRACE_FST=0 -DVM_TRACE_VCD=0 -DVM_TRACE_SAIF=0 -DVM_VPI=0 -faligned-new -fcf-protection=none -Wno-bool-operation -Wno-int-in-bool-context -Wno-shadow -Wno-sign-compare -Wno-subobject-linkage -Wno-tautological-compare -Wno-uninitialized -Wno-unused-but-set-parameter -Wno-unused-but-set-variable -Wno-unused-parameter -Wno-unused-variable    -O0 -DVL_TIME_CONTEXT   -fcoroutines -include Vt_uvm_sequence_driver_flow__pch.h.fast -c Vt_uvm_sequence_driver_flow_vm_classes_2.cpp
g++ -Os  -I. -Wall -Wextra -Wfloat-conversion -Wlogical-op -Werror -MMD -I/workspace/scratch/86e4a45a0d74/verilator-uvm-extend/include -I/workspace/scratch/86e4a45a0d74/verilator-uvm-extend/include/vltstd -DVERILATOR=1 -DVM_COVERAGE=0 -DVM_SC=0 -DVM_TIMING=1 -DVM_TRACE=0 -DVM_TRACE_FST=0 -DVM_TRACE_VCD=0 -DVM_TRACE_SAIF=0 -DVM_VPI=0 -faligned-new -fcf-protection=none -Wno-bool-operation -Wno-int-in-bool-context -Wno-shadow -Wno-sign-compare -Wno-subobject-linkage -Wno-tautological-compare -Wno-uninitialized -Wno-unused-but-set-parameter -Wno-unused-but-set-variable -Wno-unused-parameter -Wno-unused-variable    -O0 -DVL_TIME_CONTEXT   -fcoroutines -include Vt_uvm_sequence_driver_flow__pch.h.fast -c Vt_uvm_sequence_driver_flow_vm_classes_3.cpp
==SUMMARY: Left 4  Passed 23  Failed 0  Running 1  Time 23:14
==STILL RUNNING:  t/t_uvm_sequence_driver_flow.py
==SUMMARY: Left 4  Passed 23  Failed 0  Running 1  Time 23:29
==STILL RUNNING:  t/t_uvm_sequence_driver_flow.py
==SUMMARY: Left 4  Passed 23  Failed 0  Running 1  Time 23:44
==STILL RUNNING:  t/t_uvm_sequence_driver_flow.py
==SUMMARY: Left 4  Passed 23  Failed 0  Running 1  Time 23:59
==STILL RUNNING:  t/t_uvm_sequence_driver_flow.py
g++ -Os  -I. -Wall -Wextra -Wfloat-conversion -Wlogical-op -Werror -MMD -I/workspace/scratch/86e4a45a0d74/verilator-uvm-extend/include -I/workspace/scratch/86e4a45a0d74/verilator-uvm-extend/include/vltstd -DVERILATOR=1 -DVM_COVERAGE=0 -DVM_SC=0 -DVM_TIMING=1 -DVM_TRACE=0 -DVM_TRACE_FST=0 -DVM_TRACE_VCD=0 -DVM_TRACE_SAIF=0 -DVM_VPI=0 -faligned-new -fcf-protection=none -Wno-bool-operation -Wno-int-in-bool-context -Wno-shadow -Wno-sign-compare -Wno-subobject-linkage -Wno-tautological-compare -Wno-uninitialized -Wno-unused-but-set-parameter -Wno-unused-but-set-variable -Wno-unused-parameter -Wno-unused-variable    -O0 -DVL_TIME_CONTEXT   -fcoroutines -include Vt_uvm_sequence_driver_flow__pch.h.fast -c Vt_uvm_sequence_driver_flow_vm_classes_4.cpp
g++ -Os  -I. -Wall -Wextra -Wfloat-conversion -Wlogical-op -Werror -MMD -I/workspace/scratch/86e4a45a0d74/verilator-uvm-extend/include -I/workspace/scratch/86e4a45a0d74/verilator-uvm-extend/include/vltstd -DVERILATOR=1 -DVM_COVERAGE=0 -DVM_SC=0 -DVM_TIMING=1 -DVM_TRACE=0 -DVM_TRACE_FST=0 -DVM_TRACE_VCD=0 -DVM_TRACE_SAIF=0 -DVM_VPI=0 -faligned-new -fcf-protection=none -Wno-bool-operation -Wno-int-in-bool-context -Wno-shadow -Wno-sign-compare -Wno-subobject-linkage -Wno-tautological-compare -Wno-uninitialized -Wno-unused-but-set-parameter -Wno-unused-but-set-variable -Wno-unused-parameter -Wno-unused-variable    -O0 -DVL_TIME_CONTEXT   -fcoroutines -include Vt_uvm_sequence_driver_flow__pch.h.fast -c Vt_uvm_sequence_driver_flow_vm_classes_5.cpp
g++ -Os  -I. -Wall -Wextra -Wfloat-conversion -Wlogical-op -Werror -MMD -I/workspace/scratch/86e4a45a0d74/verilator-uvm-extend/include -I/workspace/scratch/86e4a45a0d74/verilator-uvm-extend/include/vltstd -DVERILATOR=1 -DVM_COVERAGE=0 -DVM_SC=0 -DVM_TIMING=1 -DVM_TRACE=0 -DVM_TRACE_FST=0 -DVM_TRACE_VCD=0 -DVM_TRACE_SAIF=0 -DVM_VPI=0 -faligned-new -fcf-protection=none -Wno-bool-operation -Wno-int-in-bool-context -Wno-shadow -Wno-sign-compare -Wno-subobject-linkage -Wno-tautological-compare -Wno-uninitialized -Wno-unused-but-set-parameter -Wno-unused-but-set-variable -Wno-unused-parameter -Wno-unused-variable    -O0 -DVL_TIME_CONTEXT   -fcoroutines -include Vt_uvm_sequence_driver_flow__pch.h.fast -c Vt_uvm_sequence_driver_flow__Dpi.cpp
g++   -I. -Wall -Wextra -Wfloat-conversion -Wlogical-op -Werror -MMD -I/workspace/scratch/86e4a45a0d74/verilator-uvm-extend/include -I/workspace/scratch/86e4a45a0d74/verilator-uvm-extend/include/vltstd -DVERILATOR=1 -DVM_COVERAGE=0 -DVM_SC=0 -DVM_TIMING=1 -DVM_TRACE=0 -DVM_TRACE_FST=0 -DVM_TRACE_VCD=0 -DVM_TRACE_SAIF=0 -DVM_VPI=0 -faligned-new -fcf-protection=none -Wno-bool-operation -Wno-int-in-bool-context -Wno-shadow -Wno-sign-compare -Wno-subobject-linkage -Wno-tautological-compare -Wno-uninitialized -Wno-unused-but-set-parameter -Wno-unused-but-set-variable -Wno-unused-parameter -Wno-unused-variable    -O0 -DVL_TIME_CONTEXT   -fcoroutines -x c++-header Vt_uvm_sequence_driver_flow__pch.h -o Vt_uvm_sequence_driver_flow__pch.h.slow.gch
g++   -I. -Wall -Wextra -Wfloat-conversion -Wlogical-op -Werror -MMD -I/workspace/scratch/86e4a45a0d74/verilator-uvm-extend/include -I/workspace/scratch/86e4a45a0d74/verilator-uvm-extend/include/vltstd -DVERILATOR=1 -DVM_COVERAGE=0 -DVM_SC=0 -DVM_TIMING=1 -DVM_TRACE=0 -DVM_TRACE_FST=0 -DVM_TRACE_VCD=0 -DVM_TRACE_SAIF=0 -DVM_VPI=0 -faligned-new -fcf-protection=none -Wno-bool-operation -Wno-int-in-bool-context -Wno-shadow -Wno-sign-compare -Wno-subobject-linkage -Wno-tautological-compare -Wno-uninitialized -Wno-unused-but-set-parameter -Wno-unused-but-set-variable -Wno-unused-parameter -Wno-unused-variable    -O0 -DVL_TIME_CONTEXT   -fcoroutines -include Vt_uvm_sequence_driver_flow__pch.h.slow -c Vt_uvm_sequence_driver_flow__ConstPool__0__Slow.cpp
g++   -I. -Wall -Wextra -Wfloat-conversion -Wlogical-op -Werror -MMD -I/workspace/scratch/86e4a45a0d74/verilator-uvm-extend/include -I/workspace/scratch/86e4a45a0d74/verilator-uvm-extend/include/vltstd -DVERILATOR=1 -DVM_COVERAGE=0 -DVM_SC=0 -DVM_TIMING=1 -DVM_TRACE=0 -DVM_TRACE_FST=0 -DVM_TRACE_VCD=0 -DVM_TRACE_SAIF=0 -DVM_VPI=0 -faligned-new -fcf-protection=none -Wno-bool-operation -Wno-int-in-bool-context -Wno-shadow -Wno-sign-compare -Wno-subobject-linkage -Wno-tautological-compare -Wno-uninitialized -Wno-unused-but-set-parameter -Wno-unused-but-set-variable -Wno-unused-parameter -Wno-unused-variable    -O0 -DVL_TIME_CONTEXT   -fcoroutines -include Vt_uvm_sequence_driver_flow__pch.h.slow -c Vt_uvm_sequence_driver_flow___024root__Slow.cpp
g++   -I. -Wall -Wextra -Wfloat-conversion -Wlogical-op -Werror -MMD -I/workspace/scratch/86e4a45a0d74/verilator-uvm-extend/include -I/workspace/scratch/86e4a45a0d74/verilator-uvm-extend/include/vltstd -DVERILATOR=1 -DVM_COVERAGE=0 -DVM_SC=0 -DVM_TIMING=1 -DVM_TRACE=0 -DVM_TRACE_FST=0 -DVM_TRACE_VCD=0 -DVM_TRACE_SAIF=0 -DVM_VPI=0 -faligned-new -fcf-protection=none -Wno-bool-operation -Wno-int-in-bool-context -Wno-shadow -Wno-sign-compare -Wno-subobject-linkage -Wno-tautological-compare -Wno-uninitialized -Wno-unused-but-set-parameter -Wno-unused-but-set-variable -Wno-unused-parameter -Wno-unused-variable    -O0 -DVL_TIME_CONTEXT   -fcoroutines -include Vt_uvm_sequence_driver_flow__pch.h.slow -c Vt_uvm_sequence_driver_flow___024root__0__Slow.cpp
g++   -I. -Wall -Wextra -Wfloat-conversion -Wlogical-op -Werror -MMD -I/workspace/scratch/86e4a45a0d74/verilator-uvm-extend/include -I/workspace/scratch/86e4a45a0d74/verilator-uvm-extend/include/vltstd -DVERILATOR=1 -DVM_COVERAGE=0 -DVM_SC=0 -DVM_TIMING=1 -DVM_TRACE=0 -DVM_TRACE_FST=0 -DVM_TRACE_VCD=0 -DVM_TRACE_SAIF=0 -DVM_VPI=0 -faligned-new -fcf-protection=none -Wno-bool-operation -Wno-int-in-bool-context -Wno-shadow -Wno-sign-compare -Wno-subobject-linkage -Wno-tautological-compare -Wno-uninitialized -Wno-unused-but-set-parameter -Wno-unused-but-set-variable -Wno-unused-parameter -Wno-unused-variable    -O0 -DVL_TIME_CONTEXT   -fcoroutines -include Vt_uvm_sequence_driver_flow__pch.h.slow -c Vt_uvm_sequence_driver_flow_vm_classes_Slow_0.cpp
g++   -I. -Wall -Wextra -Wfloat-conversion -Wlogical-op -Werror -MMD -I/workspace/scratch/86e4a45a0d74/verilator-uvm-extend/include -I/workspace/scratch/86e4a45a0d74/verilator-uvm-extend/include/vltstd -DVERILATOR=1 -DVM_COVERAGE=0 -DVM_SC=0 -DVM_TIMING=1 -DVM_TRACE=0 -DVM_TRACE_FST=0 -DVM_TRACE_VCD=0 -DVM_TRACE_SAIF=0 -DVM_VPI=0 -faligned-new -fcf-protection=none -Wno-bool-operation -Wno-int-in-bool-context -Wno-shadow -Wno-sign-compare -Wno-subobject-linkage -Wno-tautological-compare -Wno-uninitialized -Wno-unused-but-set-parameter -Wno-unused-but-set-variable -Wno-unused-parameter -Wno-unused-variable    -O0 -DVL_TIME_CONTEXT   -fcoroutines -include Vt_uvm_sequence_driver_flow__pch.h.slow -c Vt_uvm_sequence_driver_flow_vm_classes_Slow_1.cpp
g++   -I. -Wall -Wextra -Wfloat-conversion -Wlogical-op -Werror -MMD -I/workspace/scratch/86e4a45a0d74/verilator-uvm-extend/include -I/workspace/scratch/86e4a45a0d74/verilator-uvm-extend/include/vltstd -DVERILATOR=1 -DVM_COVERAGE=0 -DVM_SC=0 -DVM_TIMING=1 -DVM_TRACE=0 -DVM_TRACE_FST=0 -DVM_TRACE_VCD=0 -DVM_TRACE_SAIF=0 -DVM_VPI=0 -faligned-new -fcf-protection=none -Wno-bool-operation -Wno-int-in-bool-context -Wno-shadow -Wno-sign-compare -Wno-subobject-linkage -Wno-tautological-compare -Wno-uninitialized -Wno-unused-but-set-parameter -Wno-unused-but-set-variable -Wno-unused-parameter -Wno-unused-variable    -O0 -DVL_TIME_CONTEXT   -fcoroutines -include Vt_uvm_sequence_driver_flow__pch.h.slow -c Vt_uvm_sequence_driver_flow_vm_classes_Slow_2.cpp
g++   -I. -Wall -Wextra -Wfloat-conversion -Wlogical-op -Werror -MMD -I/workspace/scratch/86e4a45a0d74/verilator-uvm-extend/include -I/workspace/scratch/86e4a45a0d74/verilator-uvm-extend/include/vltstd -DVERILATOR=1 -DVM_COVERAGE=0 -DVM_SC=0 -DVM_TIMING=1 -DVM_TRACE=0 -DVM_TRACE_FST=0 -DVM_TRACE_VCD=0 -DVM_TRACE_SAIF=0 -DVM_VPI=0 -faligned-new -fcf-protection=none -Wno-bool-operation -Wno-int-in-bool-context -Wno-shadow -Wno-sign-compare -Wno-subobject-linkage -Wno-tautological-compare -Wno-uninitialized -Wno-unused-but-set-parameter -Wno-unused-but-set-variable -Wno-unused-parameter -Wno-unused-variable    -O0 -DVL_TIME_CONTEXT   -fcoroutines -include Vt_uvm_sequence_driver_flow__pch.h.slow -c Vt_uvm_sequence_driver_flow_vm_classes_Slow_3.cpp
==SUMMARY: Left 4  Passed 23  Failed 0  Running 1  Time 24:14
==STILL RUNNING:  t/t_uvm_sequence_driver_flow.py
g++   -I. -Wall -Wextra -Wfloat-conversion -Wlogical-op -Werror -MMD -I/workspace/scratch/86e4a45a0d74/verilator-uvm-extend/include -I/workspace/scratch/86e4a45a0d74/verilator-uvm-extend/include/vltstd -DVERILATOR=1 -DVM_COVERAGE=0 -DVM_SC=0 -DVM_TIMING=1 -DVM_TRACE=0 -DVM_TRACE_FST=0 -DVM_TRACE_VCD=0 -DVM_TRACE_SAIF=0 -DVM_VPI=0 -faligned-new -fcf-protection=none -Wno-bool-operation -Wno-int-in-bool-context -Wno-shadow -Wno-sign-compare -Wno-subobject-linkage -Wno-tautological-compare -Wno-uninitialized -Wno-unused-but-set-parameter -Wno-unused-but-set-variable -Wno-unused-parameter -Wno-unused-variable    -O0 -DVL_TIME_CONTEXT   -fcoroutines -include Vt_uvm_sequence_driver_flow__pch.h.slow -c Vt_uvm_sequence_driver_flow_vm_classes_Slow_4.cpp
g++   -I. -Wall -Wextra -Wfloat-conversion -Wlogical-op -Werror -MMD -I/workspace/scratch/86e4a45a0d74/verilator-uvm-extend/include -I/workspace/scratch/86e4a45a0d74/verilator-uvm-extend/include/vltstd -DVERILATOR=1 -DVM_COVERAGE=0 -DVM_SC=0 -DVM_TIMING=1 -DVM_TRACE=0 -DVM_TRACE_FST=0 -DVM_TRACE_VCD=0 -DVM_TRACE_SAIF=0 -DVM_VPI=0 -faligned-new -fcf-protection=none -Wno-bool-operation -Wno-int-in-bool-context -Wno-shadow -Wno-sign-compare -Wno-subobject-linkage -Wno-tautological-compare -Wno-uninitialized -Wno-unused-but-set-parameter -Wno-unused-but-set-variable -Wno-unused-parameter -Wno-unused-variable    -O0 -DVL_TIME_CONTEXT   -fcoroutines -include Vt_uvm_sequence_driver_flow__pch.h.slow -c Vt_uvm_sequence_driver_flow_vm_classes_Slow_5.cpp
g++   -I. -Wall -Wextra -Wfloat-conversion -Wlogical-op -Werror -MMD -I/workspace/scratch/86e4a45a0d74/verilator-uvm-extend/include -I/workspace/scratch/86e4a45a0d74/verilator-uvm-extend/include/vltstd -DVERILATOR=1 -DVM_COVERAGE=0 -DVM_SC=0 -DVM_TIMING=1 -DVM_TRACE=0 -DVM_TRACE_FST=0 -DVM_TRACE_VCD=0 -DVM_TRACE_SAIF=0 -DVM_VPI=0 -faligned-new -fcf-protection=none -Wno-bool-operation -Wno-int-in-bool-context -Wno-shadow -Wno-sign-compare -Wno-subobject-linkage -Wno-tautological-compare -Wno-uninitialized -Wno-unused-but-set-parameter -Wno-unused-but-set-variable -Wno-unused-parameter -Wno-unused-variable    -O0 -DVL_TIME_CONTEXT   -fcoroutines -include Vt_uvm_sequence_driver_flow__pch.h.slow -c Vt_uvm_sequence_driver_flow__Syms__Slow.cpp
g++    verilated.o verilated_dpi.o verilated_timing.o verilated_random.o verilated_threads.o Vt_uvm_sequence_driver_flow__ALL.a    -pthread -lpthread -latomic   -o Vt_uvm_sequence_driver_flow
rm Vt_uvm_sequence_driver_flow__ALL.verilator_deplist.tmp
make[1]: Leaving directory '/workspace/scratch/86e4a45a0d74/verilator-uvm-extend/test_regress/obj_vlt/t_uvm_sequence_driver_flow-uvm2020'
- V e r i l a t i o n   R e p o r t: Verilator 5.051 devel rev vUNKNOWN-built20260906-4906f041d
- Verilator: Built from 3.384 MB sources in 367 modules, into 22.842 MB in 2084 C++ files needing 109.095 MB
- Verilator: Walltime 171.724 s (elab=3.532, cvt=21.191, bld=143.667); cpu 28.039 s on 1 threads; allocated 283.566 MB
        obj_vlt/t_uvm_sequence_driver_flow-uvm2020/Vt_uvm_sequence_driver_flow +UVM_NO_RELNOTES    > obj_vlt/t_uvm_sequence_driver_flow-uvm2020/vlt_sim.log
UVM_INFO t/uvm/src/base/uvm_root.svh(476) @ 0: reporter [UVM/RELNOTES]
  ***********       IMPORTANT RELEASE NOTES         ************

  This implementation of the UVM Library deviates from the 1800.2-2020
  standard.  See the DEVIATIONS.md file contained in the release
  for more details.

----------------------------------------------------------------
Accellera:1800.2:UVM:2020.3.1

All copyright owners for this kit are listed in NOTICE.txt
All Rights Reserved Worldwide
----------------------------------------------------------------

      (Specify +UVM_NO_RELNOTES to turn off this notice)

UVM_WARNING t/uvm/src/base/uvm_root.svh(549) @ 0: reporter [NO_DPI_USED] We are thinking of removing support for UVM_NO_DPI.  Please try this test without it and evaluate the impact
UVM_INFO @ 0: reporter [RNTST] Running test flow_test...
UVM_INFO t/uvm/src/base/uvm_traversal.svh(345) @ 0: reporter [UVM/COMP/NAMECHECK] This implementation of the component name checks requires DPI to be enabled
UVM_WARNING t/uvm/src/base/uvm_traversal.svh(314) @ 0: reporter [NO_VISIT_CHECK] Because UVM_REGEX_NO_DPI is defined, no uvm component name constraints will be checked
UVM_INFO t/uvm/src/base/uvm_report_server.svh(1009) @ 10: reporter [UVM/REPORT/SERVER]
--- UVM Report Summary ---

** Report counts by severity
UVM_INFO :    3
UVM_WARNING :    2
UVM_ERROR :    0
UVM_FATAL :    0
** Report counts by id
[NO_DPI_USED]     1
[NO_VISIT_CHECK]     1
[RNTST]     1
[UVM/COMP/NAMECHECK]     1
[UVM/RELNOTES]     1

** UVM SEQUENCE DRIVER FLOW PASSED **
- t/t_uvm_sequence_driver_flow.v:358: Verilog $finish
- S i m u l a t i o n   R e p o r t: Verilator 5.051 devel
- Verilator: $finish at 15ps; walltime 0.024 s; speed 621.878 ps/s
- Verilator: cpu 0.024 s on 1 threads; allocated 31 MB
vlt/t_uvm_sequence_driver_flow: Self PASSED
==SUMMARY: Left 3  Passed 24  Failed 0  Running 1  Time 24:20
==SUMMARY: Left 3  Passed 24  Failed 0  Running 1  Time 24:36
==STILL RUNNING:  t/t_uvm_hello_all_v2020_3_1_nodpi.py
==SUMMARY: Left 3  Passed 24  Failed 0  Running 1  Time 24:51
==STILL RUNNING:  t/t_uvm_hello_all_v2020_3_1_nodpi.py
==SUMMARY: Left 3  Passed 24  Failed 0  Running 1  Time 25:06
==STILL RUNNING:  t/t_uvm_hello_all_v2020_3_1_nodpi.py
==SUMMARY: Left 3  Passed 24  Failed 0  Running 1  Time 25:21
==STILL RUNNING:  t/t_uvm_hello_all_v2020_3_1_nodpi.py
==SUMMARY: Left 3  Passed 24  Failed 0  Running 1  Time 25:36
==STILL RUNNING:  t/t_uvm_hello_all_v2020_3_1_nodpi.py
==SUMMARY: Left 3  Passed 24  Failed 0  Running 1  Time 25:51
==STILL RUNNING:  t/t_uvm_hello_all_v2020_3_1_nodpi.py
======================================================================
vlt/t_uvm_hello_all_v2020_3_1_nodpi: ==================================================
        perl /workspace/scratch/86e4a45a0d74/verilator-uvm-extend/bin/verilator --prefix Vt_uvm_hello_all_v2020_3_1_nodpi -cc -Mdir obj_vlt/t_uvm_hello_all_v2020_3_1_nodpi-uvm2020 --fdedup --debug-check --comp-limit-members 10 --x-assign unique -f input.vc +define+TEST_OBJ_DIR=obj_vlt/t_uvm_hello_all_v2020_3_1_nodpi-uvm2020 +define+TEST_DUMPFILE=obj_vlt/t_uvm_hello_all_v2020_3_1_nodpi-uvm2020/simx.vcd --binary --build-jobs 1 --output-groups 6 --CFLAGS -O0 -Wall +incdir+t/uvm t/uvm/uvm_pkg_all_v2020_3_1_nodpi.svh t/t_uvm_hello.v   > obj_vlt/t_uvm_hello_all_v2020_3_1_nodpi-uvm2020/vlt_compile.log
make[1]: Entering directory '/workspace/scratch/86e4a45a0d74/verilator-uvm-extend/test_regress/obj_vlt/t_uvm_hello_all_v2020_3_1_nodpi-uvm2020'
g++ -Os  -I. -Wall -Wextra -Wfloat-conversion -Wlogical-op -Werror -MMD -I/workspace/scratch/86e4a45a0d74/verilator-uvm-extend/include -I/workspace/scratch/86e4a45a0d74/verilator-uvm-extend/include/vltstd -DVERILATOR=1 -DVM_COVERAGE=0 -DVM_SC=0 -DVM_TIMING=1 -DVM_TRACE=0 -DVM_TRACE_FST=0 -DVM_TRACE_VCD=0 -DVM_TRACE_SAIF=0 -DVM_VPI=0 -faligned-new -fcf-protection=none -Wno-bool-operation -Wno-int-in-bool-context -Wno-shadow -Wno-sign-compare -Wno-subobject-linkage -Wno-tautological-compare -Wno-uninitialized -Wno-unused-but-set-parameter -Wno-unused-but-set-variable -Wno-unused-parameter -Wno-unused-variable    -O0 -DVL_TIME_CONTEXT   -fcoroutines -c -o verilated.o /workspace/scratch/86e4a45a0d74/verilator-uvm-extend/include/verilated.cpp
g++ -Os  -I. -Wall -Wextra -Wfloat-conversion -Wlogical-op -Werror -MMD -I/workspace/scratch/86e4a45a0d74/verilator-uvm-extend/include -I/workspace/scratch/86e4a45a0d74/verilator-uvm-extend/include/vltstd -DVERILATOR=1 -DVM_COVERAGE=0 -DVM_SC=0 -DVM_TIMING=1 -DVM_TRACE=0 -DVM_TRACE_FST=0 -DVM_TRACE_VCD=0 -DVM_TRACE_SAIF=0 -DVM_VPI=0 -faligned-new -fcf-protection=none -Wno-bool-operation -Wno-int-in-bool-context -Wno-shadow -Wno-sign-compare -Wno-subobject-linkage -Wno-tautological-compare -Wno-uninitialized -Wno-unused-but-set-parameter -Wno-unused-but-set-variable -Wno-unused-parameter -Wno-unused-variable    -O0 -DVL_TIME_CONTEXT   -fcoroutines -c -o verilated_dpi.o /workspace/scratch/86e4a45a0d74/verilator-uvm-extend/include/verilated_dpi.cpp
g++ -Os  -I. -Wall -Wextra -Wfloat-conversion -Wlogical-op -Werror -MMD -I/workspace/scratch/86e4a45a0d74/verilator-uvm-extend/include -I/workspace/scratch/86e4a45a0d74/verilator-uvm-extend/include/vltstd -DVERILATOR=1 -DVM_COVERAGE=0 -DVM_SC=0 -DVM_TIMING=1 -DVM_TRACE=0 -DVM_TRACE_FST=0 -DVM_TRACE_VCD=0 -DVM_TRACE_SAIF=0 -DVM_VPI=0 -faligned-new -fcf-protection=none -Wno-bool-operation -Wno-int-in-bool-context -Wno-shadow -Wno-sign-compare -Wno-subobject-linkage -Wno-tautological-compare -Wno-uninitialized -Wno-unused-but-set-parameter -Wno-unused-but-set-variable -Wno-unused-parameter -Wno-unused-variable    -O0 -DVL_TIME_CONTEXT   -fcoroutines -c -o verilated_timing.o /workspace/scratch/86e4a45a0d74/verilator-uvm-extend/include/verilated_timing.cpp
g++ -Os  -I. -Wall -Wextra -Wfloat-conversion -Wlogical-op -Werror -MMD -I/workspace/scratch/86e4a45a0d74/verilator-uvm-extend/include -I/workspace/scratch/86e4a45a0d74/verilator-uvm-extend/include/vltstd -DVERILATOR=1 -DVM_COVERAGE=0 -DVM_SC=0 -DVM_TIMING=1 -DVM_TRACE=0 -DVM_TRACE_FST=0 -DVM_TRACE_VCD=0 -DVM_TRACE_SAIF=0 -DVM_VPI=0 -faligned-new -fcf-protection=none -Wno-bool-operation -Wno-int-in-bool-context -Wno-shadow -Wno-sign-compare -Wno-subobject-linkage -Wno-tautological-compare -Wno-uninitialized -Wno-unused-but-set-parameter -Wno-unused-but-set-variable -Wno-unused-parameter -Wno-unused-variable    -O0 -DVL_TIME_CONTEXT   -fcoroutines -c -o verilated_random.o /workspace/scratch/86e4a45a0d74/verilator-uvm-extend/include/verilated_random.cpp
g++ -Os  -I. -Wall -Wextra -Wfloat-conversion -Wlogical-op -Werror -MMD -I/workspace/scratch/86e4a45a0d74/verilator-uvm-extend/include -I/workspace/scratch/86e4a45a0d74/verilator-uvm-extend/include/vltstd -DVERILATOR=1 -DVM_COVERAGE=0 -DVM_SC=0 -DVM_TIMING=1 -DVM_TRACE=0 -DVM_TRACE_FST=0 -DVM_TRACE_VCD=0 -DVM_TRACE_SAIF=0 -DVM_VPI=0 -faligned-new -fcf-protection=none -Wno-bool-operation -Wno-int-in-bool-context -Wno-shadow -Wno-sign-compare -Wno-subobject-linkage -Wno-tautological-compare -Wno-uninitialized -Wno-unused-but-set-parameter -Wno-unused-but-set-variable -Wno-unused-parameter -Wno-unused-variable    -O0 -DVL_TIME_CONTEXT   -fcoroutines -c -o verilated_threads.o /workspace/scratch/86e4a45a0d74/verilator-uvm-extend/include/verilated_threads.cpp
g++ -Os  -I. -Wall -Wextra -Wfloat-conversion -Wlogical-op -Werror -MMD -I/workspace/scratch/86e4a45a0d74/verilator-uvm-extend/include -I/workspace/scratch/86e4a45a0d74/verilator-uvm-extend/include/vltstd -DVERILATOR=1 -DVM_COVERAGE=0 -DVM_SC=0 -DVM_TIMING=1 -DVM_TRACE=0 -DVM_TRACE_FST=0 -DVM_TRACE_VCD=0 -DVM_TRACE_SAIF=0 -DVM_VPI=0 -faligned-new -fcf-protection=none -Wno-bool-operation -Wno-int-in-bool-context -Wno-shadow -Wno-sign-compare -Wno-subobject-linkage -Wno-tautological-compare -Wno-uninitialized -Wno-unused-but-set-parameter -Wno-unused-but-set-variable -Wno-unused-parameter -Wno-unused-variable    -O0 -DVL_TIME_CONTEXT   -fcoroutines -x c++-header Vt_uvm_hello_all_v2020_3_1_nodpi__pch.h -o Vt_uvm_hello_all_v2020_3_1_nodpi__pch.h.fast.gch
g++ -Os  -I. -Wall -Wextra -Wfloat-conversion -Wlogical-op -Werror -MMD -I/workspace/scratch/86e4a45a0d74/verilator-uvm-extend/include -I/workspace/scratch/86e4a45a0d74/verilator-uvm-extend/include/vltstd -DVERILATOR=1 -DVM_COVERAGE=0 -DVM_SC=0 -DVM_TIMING=1 -DVM_TRACE=0 -DVM_TRACE_FST=0 -DVM_TRACE_VCD=0 -DVM_TRACE_SAIF=0 -DVM_VPI=0 -faligned-new -fcf-protection=none -Wno-bool-operation -Wno-int-in-bool-context -Wno-shadow -Wno-sign-compare -Wno-subobject-linkage -Wno-tautological-compare -Wno-uninitialized -Wno-unused-but-set-parameter -Wno-unused-but-set-variable -Wno-unused-parameter -Wno-unused-variable    -O0 -DVL_TIME_CONTEXT   -fcoroutines -include Vt_uvm_hello_all_v2020_3_1_nodpi__pch.h.fast -c Vt_uvm_hello_all_v2020_3_1_nodpi_vm_classes_0.cpp
g++ -Os  -I. -Wall -Wextra -Wfloat-conversion -Wlogical-op -Werror -MMD -I/workspace/scratch/86e4a45a0d74/verilator-uvm-extend/include -I/workspace/scratch/86e4a45a0d74/verilator-uvm-extend/include/vltstd -DVERILATOR=1 -DVM_COVERAGE=0 -DVM_SC=0 -DVM_TIMING=1 -DVM_TRACE=0 -DVM_TRACE_FST=0 -DVM_TRACE_VCD=0 -DVM_TRACE_SAIF=0 -DVM_VPI=0 -faligned-new -fcf-protection=none -Wno-bool-operation -Wno-int-in-bool-context -Wno-shadow -Wno-sign-compare -Wno-subobject-linkage -Wno-tautological-compare -Wno-uninitialized -Wno-unused-but-set-parameter -Wno-unused-but-set-variable -Wno-unused-parameter -Wno-unused-variable    -O0 -DVL_TIME_CONTEXT   -fcoroutines -include Vt_uvm_hello_all_v2020_3_1_nodpi__pch.h.fast -c Vt_uvm_hello_all_v2020_3_1_nodpi_vm_classes_1.cpp
g++ -Os  -I. -Wall -Wextra -Wfloat-conversion -Wlogical-op -Werror -MMD -I/workspace/scratch/86e4a45a0d74/verilator-uvm-extend/include -I/workspace/scratch/86e4a45a0d74/verilator-uvm-extend/include/vltstd -DVERILATOR=1 -DVM_COVERAGE=0 -DVM_SC=0 -DVM_TIMING=1 -DVM_TRACE=0 -DVM_TRACE_FST=0 -DVM_TRACE_VCD=0 -DVM_TRACE_SAIF=0 -DVM_VPI=0 -faligned-new -fcf-protection=none -Wno-bool-operation -Wno-int-in-bool-context -Wno-shadow -Wno-sign-compare -Wno-subobject-linkage -Wno-tautological-compare -Wno-uninitialized -Wno-unused-but-set-parameter -Wno-unused-but-set-variable -Wno-unused-parameter -Wno-unused-variable    -O0 -DVL_TIME_CONTEXT   -fcoroutines -include Vt_uvm_hello_all_v2020_3_1_nodpi__pch.h.fast -c Vt_uvm_hello_all_v2020_3_1_nodpi_vm_classes_2.cpp
g++ -Os  -I. -Wall -Wextra -Wfloat-conversion -Wlogical-op -Werror -MMD -I/workspace/scratch/86e4a45a0d74/verilator-uvm-extend/include -I/workspace/scratch/86e4a45a0d74/verilator-uvm-extend/include/vltstd -DVERILATOR=1 -DVM_COVERAGE=0 -DVM_SC=0 -DVM_TIMING=1 -DVM_TRACE=0 -DVM_TRACE_FST=0 -DVM_TRACE_VCD=0 -DVM_TRACE_SAIF=0 -DVM_VPI=0 -faligned-new -fcf-protection=none -Wno-bool-operation -Wno-int-in-bool-context -Wno-shadow -Wno-sign-compare -Wno-subobject-linkage -Wno-tautological-compare -Wno-uninitialized -Wno-unused-but-set-parameter -Wno-unused-but-set-variable -Wno-unused-parameter -Wno-unused-variable    -O0 -DVL_TIME_CONTEXT   -fcoroutines -include Vt_uvm_hello_all_v2020_3_1_nodpi__pch.h.fast -c Vt_uvm_hello_all_v2020_3_1_nodpi_vm_classes_3.cpp
==SUMMARY: Left 3  Passed 24  Failed 0  Running 1  Time 26:06
==STILL RUNNING:  t/t_uvm_hello_all_v2020_3_1_nodpi.py
==SUMMARY: Left 3  Passed 24  Failed 0  Running 1  Time 26:21
==STILL RUNNING:  t/t_uvm_hello_all_v2020_3_1_nodpi.py
==SUMMARY: Left 3  Passed 24  Failed 0  Running 1  Time 26:36
==STILL RUNNING:  t/t_uvm_hello_all_v2020_3_1_nodpi.py
==SUMMARY: Left 3  Passed 24  Failed 0  Running 1  Time 26:51
==STILL RUNNING:  t/t_uvm_hello_all_v2020_3_1_nodpi.py
g++ -Os  -I. -Wall -Wextra -Wfloat-conversion -Wlogical-op -Werror -MMD -I/workspace/scratch/86e4a45a0d74/verilator-uvm-extend/include -I/workspace/scratch/86e4a45a0d74/verilator-uvm-extend/include/vltstd -DVERILATOR=1 -DVM_COVERAGE=0 -DVM_SC=0 -DVM_TIMING=1 -DVM_TRACE=0 -DVM_TRACE_FST=0 -DVM_TRACE_VCD=0 -DVM_TRACE_SAIF=0 -DVM_VPI=0 -faligned-new -fcf-protection=none -Wno-bool-operation -Wno-int-in-bool-context -Wno-shadow -Wno-sign-compare -Wno-subobject-linkage -Wno-tautological-compare -Wno-uninitialized -Wno-unused-but-set-parameter -Wno-unused-but-set-variable -Wno-unused-parameter -Wno-unused-variable    -O0 -DVL_TIME_CONTEXT   -fcoroutines -include Vt_uvm_hello_all_v2020_3_1_nodpi__pch.h.fast -c Vt_uvm_hello_all_v2020_3_1_nodpi_vm_classes_4.cpp
g++ -Os  -I. -Wall -Wextra -Wfloat-conversion -Wlogical-op -Werror -MMD -I/workspace/scratch/86e4a45a0d74/verilator-uvm-extend/include -I/workspace/scratch/86e4a45a0d74/verilator-uvm-extend/include/vltstd -DVERILATOR=1 -DVM_COVERAGE=0 -DVM_SC=0 -DVM_TIMING=1 -DVM_TRACE=0 -DVM_TRACE_FST=0 -DVM_TRACE_VCD=0 -DVM_TRACE_SAIF=0 -DVM_VPI=0 -faligned-new -fcf-protection=none -Wno-bool-operation -Wno-int-in-bool-context -Wno-shadow -Wno-sign-compare -Wno-subobject-linkage -Wno-tautological-compare -Wno-uninitialized -Wno-unused-but-set-parameter -Wno-unused-but-set-variable -Wno-unused-parameter -Wno-unused-variable    -O0 -DVL_TIME_CONTEXT   -fcoroutines -include Vt_uvm_hello_all_v2020_3_1_nodpi__pch.h.fast -c Vt_uvm_hello_all_v2020_3_1_nodpi_vm_classes_5.cpp
g++ -Os  -I. -Wall -Wextra -Wfloat-conversion -Wlogical-op -Werror -MMD -I/workspace/scratch/86e4a45a0d74/verilator-uvm-extend/include -I/workspace/scratch/86e4a45a0d74/verilator-uvm-extend/include/vltstd -DVERILATOR=1 -DVM_COVERAGE=0 -DVM_SC=0 -DVM_TIMING=1 -DVM_TRACE=0 -DVM_TRACE_FST=0 -DVM_TRACE_VCD=0 -DVM_TRACE_SAIF=0 -DVM_VPI=0 -faligned-new -fcf-protection=none -Wno-bool-operation -Wno-int-in-bool-context -Wno-shadow -Wno-sign-compare -Wno-subobject-linkage -Wno-tautological-compare -Wno-uninitialized -Wno-unused-but-set-parameter -Wno-unused-but-set-variable -Wno-unused-parameter -Wno-unused-variable    -O0 -DVL_TIME_CONTEXT   -fcoroutines -include Vt_uvm_hello_all_v2020_3_1_nodpi__pch.h.fast -c Vt_uvm_hello_all_v2020_3_1_nodpi__Dpi.cpp
g++   -I. -Wall -Wextra -Wfloat-conversion -Wlogical-op -Werror -MMD -I/workspace/scratch/86e4a45a0d74/verilator-uvm-extend/include -I/workspace/scratch/86e4a45a0d74/verilator-uvm-extend/include/vltstd -DVERILATOR=1 -DVM_COVERAGE=0 -DVM_SC=0 -DVM_TIMING=1 -DVM_TRACE=0 -DVM_TRACE_FST=0 -DVM_TRACE_VCD=0 -DVM_TRACE_SAIF=0 -DVM_VPI=0 -faligned-new -fcf-protection=none -Wno-bool-operation -Wno-int-in-bool-context -Wno-shadow -Wno-sign-compare -Wno-subobject-linkage -Wno-tautological-compare -Wno-uninitialized -Wno-unused-but-set-parameter -Wno-unused-but-set-variable -Wno-unused-parameter -Wno-unused-variable    -O0 -DVL_TIME_CONTEXT   -fcoroutines -x c++-header Vt_uvm_hello_all_v2020_3_1_nodpi__pch.h -o Vt_uvm_hello_all_v2020_3_1_nodpi__pch.h.slow.gch
g++   -I. -Wall -Wextra -Wfloat-conversion -Wlogical-op -Werror -MMD -I/workspace/scratch/86e4a45a0d74/verilator-uvm-extend/include -I/workspace/scratch/86e4a45a0d74/verilator-uvm-extend/include/vltstd -DVERILATOR=1 -DVM_COVERAGE=0 -DVM_SC=0 -DVM_TIMING=1 -DVM_TRACE=0 -DVM_TRACE_FST=0 -DVM_TRACE_VCD=0 -DVM_TRACE_SAIF=0 -DVM_VPI=0 -faligned-new -fcf-protection=none -Wno-bool-operation -Wno-int-in-bool-context -Wno-shadow -Wno-sign-compare -Wno-subobject-linkage -Wno-tautological-compare -Wno-uninitialized -Wno-unused-but-set-parameter -Wno-unused-but-set-variable -Wno-unused-parameter -Wno-unused-variable    -O0 -DVL_TIME_CONTEXT   -fcoroutines -include Vt_uvm_hello_all_v2020_3_1_nodpi__pch.h.slow -c Vt_uvm_hello_all_v2020_3_1_nodpi__ConstPool__0__Slow.cpp
g++   -I. -Wall -Wextra -Wfloat-conversion -Wlogical-op -Werror -MMD -I/workspace/scratch/86e4a45a0d74/verilator-uvm-extend/include -I/workspace/scratch/86e4a45a0d74/verilator-uvm-extend/include/vltstd -DVERILATOR=1 -DVM_COVERAGE=0 -DVM_SC=0 -DVM_TIMING=1 -DVM_TRACE=0 -DVM_TRACE_FST=0 -DVM_TRACE_VCD=0 -DVM_TRACE_SAIF=0 -DVM_VPI=0 -faligned-new -fcf-protection=none -Wno-bool-operation -Wno-int-in-bool-context -Wno-shadow -Wno-sign-compare -Wno-subobject-linkage -Wno-tautological-compare -Wno-uninitialized -Wno-unused-but-set-parameter -Wno-unused-but-set-variable -Wno-unused-parameter -Wno-unused-variable    -O0 -DVL_TIME_CONTEXT   -fcoroutines -include Vt_uvm_hello_all_v2020_3_1_nodpi__pch.h.slow -c Vt_uvm_hello_all_v2020_3_1_nodpi___024root__Slow.cpp
g++   -I. -Wall -Wextra -Wfloat-conversion -Wlogical-op -Werror -MMD -I/workspace/scratch/86e4a45a0d74/verilator-uvm-extend/include -I/workspace/scratch/86e4a45a0d74/verilator-uvm-extend/include/vltstd -DVERILATOR=1 -DVM_COVERAGE=0 -DVM_SC=0 -DVM_TIMING=1 -DVM_TRACE=0 -DVM_TRACE_FST=0 -DVM_TRACE_VCD=0 -DVM_TRACE_SAIF=0 -DVM_VPI=0 -faligned-new -fcf-protection=none -Wno-bool-operation -Wno-int-in-bool-context -Wno-shadow -Wno-sign-compare -Wno-subobject-linkage -Wno-tautological-compare -Wno-uninitialized -Wno-unused-but-set-parameter -Wno-unused-but-set-variable -Wno-unused-parameter -Wno-unused-variable    -O0 -DVL_TIME_CONTEXT   -fcoroutines -include Vt_uvm_hello_all_v2020_3_1_nodpi__pch.h.slow -c Vt_uvm_hello_all_v2020_3_1_nodpi___024root__0__Slow.cpp
g++   -I. -Wall -Wextra -Wfloat-conversion -Wlogical-op -Werror -MMD -I/workspace/scratch/86e4a45a0d74/verilator-uvm-extend/include -I/workspace/scratch/86e4a45a0d74/verilator-uvm-extend/include/vltstd -DVERILATOR=1 -DVM_COVERAGE=0 -DVM_SC=0 -DVM_TIMING=1 -DVM_TRACE=0 -DVM_TRACE_FST=0 -DVM_TRACE_VCD=0 -DVM_TRACE_SAIF=0 -DVM_VPI=0 -faligned-new -fcf-protection=none -Wno-bool-operation -Wno-int-in-bool-context -Wno-shadow -Wno-sign-compare -Wno-subobject-linkage -Wno-tautological-compare -Wno-uninitialized -Wno-unused-but-set-parameter -Wno-unused-but-set-variable -Wno-unused-parameter -Wno-unused-variable    -O0 -DVL_TIME_CONTEXT   -fcoroutines -include Vt_uvm_hello_all_v2020_3_1_nodpi__pch.h.slow -c Vt_uvm_hello_all_v2020_3_1_nodpi_vm_classes_Slow_0.cpp
g++   -I. -Wall -Wextra -Wfloat-conversion -Wlogical-op -Werror -MMD -I/workspace/scratch/86e4a45a0d74/verilator-uvm-extend/include -I/workspace/scratch/86e4a45a0d74/verilator-uvm-extend/include/vltstd -DVERILATOR=1 -DVM_COVERAGE=0 -DVM_SC=0 -DVM_TIMING=1 -DVM_TRACE=0 -DVM_TRACE_FST=0 -DVM_TRACE_VCD=0 -DVM_TRACE_SAIF=0 -DVM_VPI=0 -faligned-new -fcf-protection=none -Wno-bool-operation -Wno-int-in-bool-context -Wno-shadow -Wno-sign-compare -Wno-subobject-linkage -Wno-tautological-compare -Wno-uninitialized -Wno-unused-but-set-parameter -Wno-unused-but-set-variable -Wno-unused-parameter -Wno-unused-variable    -O0 -DVL_TIME_CONTEXT   -fcoroutines -include Vt_uvm_hello_all_v2020_3_1_nodpi__pch.h.slow -c Vt_uvm_hello_all_v2020_3_1_nodpi_vm_classes_Slow_1.cpp
g++   -I. -Wall -Wextra -Wfloat-conversion -Wlogical-op -Werror -MMD -I/workspace/scratch/86e4a45a0d74/verilator-uvm-extend/include -I/workspace/scratch/86e4a45a0d74/verilator-uvm-extend/include/vltstd -DVERILATOR=1 -DVM_COVERAGE=0 -DVM_SC=0 -DVM_TIMING=1 -DVM_TRACE=0 -DVM_TRACE_FST=0 -DVM_TRACE_VCD=0 -DVM_TRACE_SAIF=0 -DVM_VPI=0 -faligned-new -fcf-protection=none -Wno-bool-operation -Wno-int-in-bool-context -Wno-shadow -Wno-sign-compare -Wno-subobject-linkage -Wno-tautological-compare -Wno-uninitialized -Wno-unused-but-set-parameter -Wno-unused-but-set-variable -Wno-unused-parameter -Wno-unused-variable    -O0 -DVL_TIME_CONTEXT   -fcoroutines -include Vt_uvm_hello_all_v2020_3_1_nodpi__pch.h.slow -c Vt_uvm_hello_all_v2020_3_1_nodpi_vm_classes_Slow_2.cpp
g++   -I. -Wall -Wextra -Wfloat-conversion -Wlogical-op -Werror -MMD -I/workspace/scratch/86e4a45a0d74/verilator-uvm-extend/include -I/workspace/scratch/86e4a45a0d74/verilator-uvm-extend/include/vltstd -DVERILATOR=1 -DVM_COVERAGE=0 -DVM_SC=0 -DVM_TIMING=1 -DVM_TRACE=0 -DVM_TRACE_FST=0 -DVM_TRACE_VCD=0 -DVM_TRACE_SAIF=0 -DVM_VPI=0 -faligned-new -fcf-protection=none -Wno-bool-operation -Wno-int-in-bool-context -Wno-shadow -Wno-sign-compare -Wno-subobject-linkage -Wno-tautological-compare -Wno-uninitialized -Wno-unused-but-set-parameter -Wno-unused-but-set-variable -Wno-unused-parameter -Wno-unused-variable    -O0 -DVL_TIME_CONTEXT   -fcoroutines -include Vt_uvm_hello_all_v2020_3_1_nodpi__pch.h.slow -c Vt_uvm_hello_all_v2020_3_1_nodpi_vm_classes_Slow_3.cpp
==SUMMARY: Left 3  Passed 24  Failed 0  Running 1  Time 27:06
==STILL RUNNING:  t/t_uvm_hello_all_v2020_3_1_nodpi.py
g++   -I. -Wall -Wextra -Wfloat-conversion -Wlogical-op -Werror -MMD -I/workspace/scratch/86e4a45a0d74/verilator-uvm-extend/include -I/workspace/scratch/86e4a45a0d74/verilator-uvm-extend/include/vltstd -DVERILATOR=1 -DVM_COVERAGE=0 -DVM_SC=0 -DVM_TIMING=1 -DVM_TRACE=0 -DVM_TRACE_FST=0 -DVM_TRACE_VCD=0 -DVM_TRACE_SAIF=0 -DVM_VPI=0 -faligned-new -fcf-protection=none -Wno-bool-operation -Wno-int-in-bool-context -Wno-shadow -Wno-sign-compare -Wno-subobject-linkage -Wno-tautological-compare -Wno-uninitialized -Wno-unused-but-set-parameter -Wno-unused-but-set-variable -Wno-unused-parameter -Wno-unused-variable    -O0 -DVL_TIME_CONTEXT   -fcoroutines -include Vt_uvm_hello_all_v2020_3_1_nodpi__pch.h.slow -c Vt_uvm_hello_all_v2020_3_1_nodpi_vm_classes_Slow_4.cpp
g++   -I. -Wall -Wextra -Wfloat-conversion -Wlogical-op -Werror -MMD -I/workspace/scratch/86e4a45a0d74/verilator-uvm-extend/include -I/workspace/scratch/86e4a45a0d74/verilator-uvm-extend/include/vltstd -DVERILATOR=1 -DVM_COVERAGE=0 -DVM_SC=0 -DVM_TIMING=1 -DVM_TRACE=0 -DVM_TRACE_FST=0 -DVM_TRACE_VCD=0 -DVM_TRACE_SAIF=0 -DVM_VPI=0 -faligned-new -fcf-protection=none -Wno-bool-operation -Wno-int-in-bool-context -Wno-shadow -Wno-sign-compare -Wno-subobject-linkage -Wno-tautological-compare -Wno-uninitialized -Wno-unused-but-set-parameter -Wno-unused-but-set-variable -Wno-unused-parameter -Wno-unused-variable    -O0 -DVL_TIME_CONTEXT   -fcoroutines -include Vt_uvm_hello_all_v2020_3_1_nodpi__pch.h.slow -c Vt_uvm_hello_all_v2020_3_1_nodpi_vm_classes_Slow_5.cpp
g++   -I. -Wall -Wextra -Wfloat-conversion -Wlogical-op -Werror -MMD -I/workspace/scratch/86e4a45a0d74/verilator-uvm-extend/include -I/workspace/scratch/86e4a45a0d74/verilator-uvm-extend/include/vltstd -DVERILATOR=1 -DVM_COVERAGE=0 -DVM_SC=0 -DVM_TIMING=1 -DVM_TRACE=0 -DVM_TRACE_FST=0 -DVM_TRACE_VCD=0 -DVM_TRACE_SAIF=0 -DVM_VPI=0 -faligned-new -fcf-protection=none -Wno-bool-operation -Wno-int-in-bool-context -Wno-shadow -Wno-sign-compare -Wno-subobject-linkage -Wno-tautological-compare -Wno-uninitialized -Wno-unused-but-set-parameter -Wno-unused-but-set-variable -Wno-unused-parameter -Wno-unused-variable    -O0 -DVL_TIME_CONTEXT   -fcoroutines -include Vt_uvm_hello_all_v2020_3_1_nodpi__pch.h.slow -c Vt_uvm_hello_all_v2020_3_1_nodpi__Syms__Slow.cpp
g++    verilated.o verilated_dpi.o verilated_timing.o verilated_random.o verilated_threads.o Vt_uvm_hello_all_v2020_3_1_nodpi__ALL.a    -pthread -lpthread -latomic   -o Vt_uvm_hello_all_v2020_3_1_nodpi
rm Vt_uvm_hello_all_v2020_3_1_nodpi__ALL.verilator_deplist.tmp
make[1]: Leaving directory '/workspace/scratch/86e4a45a0d74/verilator-uvm-extend/test_regress/obj_vlt/t_uvm_hello_all_v2020_3_1_nodpi-uvm2020'
- V e r i l a t i o n   R e p o r t: Verilator 5.051 devel rev vUNKNOWN-built20260906-4906f041d
- Verilator: Built from 3.347 MB sources in 361 modules, into 22.320 MB in 1970 C++ files needing 76.825 MB
- Verilator: Walltime 166.664 s (elab=2.901, cvt=18.995, bld=142.046); cpu 24.592 s on 1 threads; allocated 274.598 MB
        obj_vlt/t_uvm_hello_all_v2020_3_1_nodpi-uvm2020/Vt_uvm_hello_all_v2020_3_1_nodpi +UVM_NO_RELNOTES    > obj_vlt/t_uvm_hello_all_v2020_3_1_nodpi-uvm2020/vlt_sim.log
UVM_INFO t/uvm/src/base/uvm_root.svh(476) @ 0: reporter [UVM/RELNOTES]
  ***********       IMPORTANT RELEASE NOTES         ************

  This implementation of the UVM Library deviates from the 1800.2-2020
  standard.  See the DEVIATIONS.md file contained in the release
  for more details.

----------------------------------------------------------------
Accellera:1800.2:UVM:2020.3.1

All copyright owners for this kit are listed in NOTICE.txt
All Rights Reserved Worldwide
----------------------------------------------------------------

      (Specify +UVM_NO_RELNOTES to turn off this notice)

UVM_WARNING t/uvm/src/base/uvm_root.svh(549) @ 0: reporter [NO_DPI_USED] We are thinking of removing support for UVM_NO_DPI.  Please try this test without it and evaluate the impact
UVM_INFO @ 0: reporter [RNTST] Running test test...
UVM_INFO t/uvm/src/base/uvm_traversal.svh(345) @ 0: reporter [UVM/COMP/NAMECHECK] This implementation of the component name checks requires DPI to be enabled
UVM_WARNING t/uvm/src/base/uvm_traversal.svh(314) @ 0: reporter [NO_VISIT_CHECK] Because UVM_REGEX_NO_DPI is defined, no uvm component name constraints will be checked
** UVM TEST PASSED **
UVM_INFO t/uvm/src/base/uvm_report_server.svh(1009) @ 0: reporter [UVM/REPORT/SERVER]
--- UVM Report Summary ---

** Report counts by severity
UVM_INFO :    3
UVM_WARNING :    2
UVM_ERROR :    0
UVM_FATAL :    0
** Report counts by id
[NO_DPI_USED]     1
[NO_VISIT_CHECK]     1
[RNTST]     1
[UVM/COMP/NAMECHECK]     1
[UVM/RELNOTES]     1

- t/uvm/uvm_pkg_all_v2020_3_1_nodpi.svh:20118: Verilog $finish
- S i m u l a t i o n   R e p o r t: Verilator 5.051 devel
- Verilator: $finish at 0s; walltime 0.011 s; speed 0.000 s/s
- Verilator: cpu 0.011 s on 1 threads; allocated 29 MB
vlt/t_uvm_hello_all_v2020_3_1_nodpi: Self PASSED
==SUMMARY: Left 2  Passed 25  Failed 0  Running 1  Time 27:08
==SUMMARY: Left 2  Passed 25  Failed 0  Running 1  Time 27:23
==STILL RUNNING:  t/t_uvm_hello_all_v2020_3_1_dpi.py
==SUMMARY: Left 2  Passed 25  Failed 0  Running 1  Time 27:38
==STILL RUNNING:  t/t_uvm_hello_all_v2020_3_1_dpi.py
==SUMMARY: Left 2  Passed 25  Failed 0  Running 1  Time 27:53
==STILL RUNNING:  t/t_uvm_hello_all_v2020_3_1_dpi.py
==SUMMARY: Left 2  Passed 25  Failed 0  Running 1  Time 28:08
==STILL RUNNING:  t/t_uvm_hello_all_v2020_3_1_dpi.py
======================================================================
vlt/t_uvm_hello_all_v2020_3_1_dpi: ==================================================
        perl /workspace/scratch/86e4a45a0d74/verilator-uvm-extend/bin/verilator --prefix Vt_uvm_hello_all_v2020_3_1_dpi -cc -Mdir obj_vlt/t_uvm_hello_all_v2020_3_1_dpi-uvm2020 --fdedup --debug-check --comp-limit-members 10 --x-assign unique -f input.vc +define+TEST_OBJ_DIR=obj_vlt/t_uvm_hello_all_v2020_3_1_dpi-uvm2020 +define+TEST_DUMPFILE=obj_vlt/t_uvm_hello_all_v2020_3_1_dpi-uvm2020/simx.vcd --binary --build-jobs 1 --output-groups 6 --vpi --CFLAGS -O0 -Wall +incdir+t/uvm t/uvm/uvm_pkg_all_v2020_3_1_dpi.svh t/uvm/v2020_3_1/dpi/uvm_dpi.cc t/t_uvm_hello.v   > obj_vlt/t_uvm_hello_all_v2020_3_1_dpi-uvm2020/vlt_compile.log
make[1]: Entering directory '/workspace/scratch/86e4a45a0d74/verilator-uvm-extend/test_regress/obj_vlt/t_uvm_hello_all_v2020_3_1_dpi-uvm2020'
g++  -I. -Wall -Wextra -Wfloat-conversion -Wlogical-op -Werror -MMD -I/workspace/scratch/86e4a45a0d74/verilator-uvm-extend/include -I/workspace/scratch/86e4a45a0d74/verilator-uvm-extend/include/vltstd -DVERILATOR=1 -DVM_COVERAGE=0 -DVM_SC=0 -DVM_TIMING=1 -DVM_TRACE=0 -DVM_TRACE_FST=0 -DVM_TRACE_VCD=0 -DVM_TRACE_SAIF=0 -DVM_VPI=1 -faligned-new -fcf-protection=none -Wno-bool-operation -Wno-int-in-bool-context -Wno-shadow -Wno-sign-compare -Wno-subobject-linkage -Wno-tautological-compare -Wno-uninitialized -Wno-unused-but-set-parameter -Wno-unused-but-set-variable -Wno-unused-parameter -Wno-unused-variable    -O0 -DVL_TIME_CONTEXT   -fcoroutines -Os  -c -o uvm_dpi.o ../../t/uvm/v2020_3_1/dpi/uvm_dpi.cc
g++ -Os  -I. -Wall -Wextra -Wfloat-conversion -Wlogical-op -Werror -MMD -I/workspace/scratch/86e4a45a0d74/verilator-uvm-extend/include -I/workspace/scratch/86e4a45a0d74/verilator-uvm-extend/include/vltstd -DVERILATOR=1 -DVM_COVERAGE=0 -DVM_SC=0 -DVM_TIMING=1 -DVM_TRACE=0 -DVM_TRACE_FST=0 -DVM_TRACE_VCD=0 -DVM_TRACE_SAIF=0 -DVM_VPI=1 -faligned-new -fcf-protection=none -Wno-bool-operation -Wno-int-in-bool-context -Wno-shadow -Wno-sign-compare -Wno-subobject-linkage -Wno-tautological-compare -Wno-uninitialized -Wno-unused-but-set-parameter -Wno-unused-but-set-variable -Wno-unused-parameter -Wno-unused-variable    -O0 -DVL_TIME_CONTEXT   -fcoroutines -c -o verilated.o /workspace/scratch/86e4a45a0d74/verilator-uvm-extend/include/verilated.cpp
g++ -Os  -I. -Wall -Wextra -Wfloat-conversion -Wlogical-op -Werror -MMD -I/workspace/scratch/86e4a45a0d74/verilator-uvm-extend/include -I/workspace/scratch/86e4a45a0d74/verilator-uvm-extend/include/vltstd -DVERILATOR=1 -DVM_COVERAGE=0 -DVM_SC=0 -DVM_TIMING=1 -DVM_TRACE=0 -DVM_TRACE_FST=0 -DVM_TRACE_VCD=0 -DVM_TRACE_SAIF=0 -DVM_VPI=1 -faligned-new -fcf-protection=none -Wno-bool-operation -Wno-int-in-bool-context -Wno-shadow -Wno-sign-compare -Wno-subobject-linkage -Wno-tautological-compare -Wno-uninitialized -Wno-unused-but-set-parameter -Wno-unused-but-set-variable -Wno-unused-parameter -Wno-unused-variable    -O0 -DVL_TIME_CONTEXT   -fcoroutines -c -o verilated_dpi.o /workspace/scratch/86e4a45a0d74/verilator-uvm-extend/include/verilated_dpi.cpp
g++ -Os  -I. -Wall -Wextra -Wfloat-conversion -Wlogical-op -Werror -MMD -I/workspace/scratch/86e4a45a0d74/verilator-uvm-extend/include -I/workspace/scratch/86e4a45a0d74/verilator-uvm-extend/include/vltstd -DVERILATOR=1 -DVM_COVERAGE=0 -DVM_SC=0 -DVM_TIMING=1 -DVM_TRACE=0 -DVM_TRACE_FST=0 -DVM_TRACE_VCD=0 -DVM_TRACE_SAIF=0 -DVM_VPI=1 -faligned-new -fcf-protection=none -Wno-bool-operation -Wno-int-in-bool-context -Wno-shadow -Wno-sign-compare -Wno-subobject-linkage -Wno-tautological-compare -Wno-uninitialized -Wno-unused-but-set-parameter -Wno-unused-but-set-variable -Wno-unused-parameter -Wno-unused-variable    -O0 -DVL_TIME_CONTEXT   -fcoroutines -c -o verilated_vpi.o /workspace/scratch/86e4a45a0d74/verilator-uvm-extend/include/verilated_vpi.cpp
g++ -Os  -I. -Wall -Wextra -Wfloat-conversion -Wlogical-op -Werror -MMD -I/workspace/scratch/86e4a45a0d74/verilator-uvm-extend/include -I/workspace/scratch/86e4a45a0d74/verilator-uvm-extend/include/vltstd -DVERILATOR=1 -DVM_COVERAGE=0 -DVM_SC=0 -DVM_TIMING=1 -DVM_TRACE=0 -DVM_TRACE_FST=0 -DVM_TRACE_VCD=0 -DVM_TRACE_SAIF=0 -DVM_VPI=1 -faligned-new -fcf-protection=none -Wno-bool-operation -Wno-int-in-bool-context -Wno-shadow -Wno-sign-compare -Wno-subobject-linkage -Wno-tautological-compare -Wno-uninitialized -Wno-unused-but-set-parameter -Wno-unused-but-set-variable -Wno-unused-parameter -Wno-unused-variable    -O0 -DVL_TIME_CONTEXT   -fcoroutines -c -o verilated_timing.o /workspace/scratch/86e4a45a0d74/verilator-uvm-extend/include/verilated_timing.cpp
g++ -Os  -I. -Wall -Wextra -Wfloat-conversion -Wlogical-op -Werror -MMD -I/workspace/scratch/86e4a45a0d74/verilator-uvm-extend/include -I/workspace/scratch/86e4a45a0d74/verilator-uvm-extend/include/vltstd -DVERILATOR=1 -DVM_COVERAGE=0 -DVM_SC=0 -DVM_TIMING=1 -DVM_TRACE=0 -DVM_TRACE_FST=0 -DVM_TRACE_VCD=0 -DVM_TRACE_SAIF=0 -DVM_VPI=1 -faligned-new -fcf-protection=none -Wno-bool-operation -Wno-int-in-bool-context -Wno-shadow -Wno-sign-compare -Wno-subobject-linkage -Wno-tautological-compare -Wno-uninitialized -Wno-unused-but-set-parameter -Wno-unused-but-set-variable -Wno-unused-parameter -Wno-unused-variable    -O0 -DVL_TIME_CONTEXT   -fcoroutines -c -o verilated_random.o /workspace/scratch/86e4a45a0d74/verilator-uvm-extend/include/verilated_random.cpp
g++ -Os  -I. -Wall -Wextra -Wfloat-conversion -Wlogical-op -Werror -MMD -I/workspace/scratch/86e4a45a0d74/verilator-uvm-extend/include -I/workspace/scratch/86e4a45a0d74/verilator-uvm-extend/include/vltstd -DVERILATOR=1 -DVM_COVERAGE=0 -DVM_SC=0 -DVM_TIMING=1 -DVM_TRACE=0 -DVM_TRACE_FST=0 -DVM_TRACE_VCD=0 -DVM_TRACE_SAIF=0 -DVM_VPI=1 -faligned-new -fcf-protection=none -Wno-bool-operation -Wno-int-in-bool-context -Wno-shadow -Wno-sign-compare -Wno-subobject-linkage -Wno-tautological-compare -Wno-uninitialized -Wno-unused-but-set-parameter -Wno-unused-but-set-variable -Wno-unused-parameter -Wno-unused-variable    -O0 -DVL_TIME_CONTEXT   -fcoroutines -c -o verilated_threads.o /workspace/scratch/86e4a45a0d74/verilator-uvm-extend/include/verilated_threads.cpp
g++ -Os  -I. -Wall -Wextra -Wfloat-conversion -Wlogical-op -Werror -MMD -I/workspace/scratch/86e4a45a0d74/verilator-uvm-extend/include -I/workspace/scratch/86e4a45a0d74/verilator-uvm-extend/include/vltstd -DVERILATOR=1 -DVM_COVERAGE=0 -DVM_SC=0 -DVM_TIMING=1 -DVM_TRACE=0 -DVM_TRACE_FST=0 -DVM_TRACE_VCD=0 -DVM_TRACE_SAIF=0 -DVM_VPI=1 -faligned-new -fcf-protection=none -Wno-bool-operation -Wno-int-in-bool-context -Wno-shadow -Wno-sign-compare -Wno-subobject-linkage -Wno-tautological-compare -Wno-uninitialized -Wno-unused-but-set-parameter -Wno-unused-but-set-variable -Wno-unused-parameter -Wno-unused-variable    -O0 -DVL_TIME_CONTEXT   -fcoroutines -x c++-header Vt_uvm_hello_all_v2020_3_1_dpi__pch.h -o Vt_uvm_hello_all_v2020_3_1_dpi__pch.h.fast.gch
g++ -Os  -I. -Wall -Wextra -Wfloat-conversion -Wlogical-op -Werror -MMD -I/workspace/scratch/86e4a45a0d74/verilator-uvm-extend/include -I/workspace/scratch/86e4a45a0d74/verilator-uvm-extend/include/vltstd -DVERILATOR=1 -DVM_COVERAGE=0 -DVM_SC=0 -DVM_TIMING=1 -DVM_TRACE=0 -DVM_TRACE_FST=0 -DVM_TRACE_VCD=0 -DVM_TRACE_SAIF=0 -DVM_VPI=1 -faligned-new -fcf-protection=none -Wno-bool-operation -Wno-int-in-bool-context -Wno-shadow -Wno-sign-compare -Wno-subobject-linkage -Wno-tautological-compare -Wno-uninitialized -Wno-unused-but-set-parameter -Wno-unused-but-set-variable -Wno-unused-parameter -Wno-unused-variable    -O0 -DVL_TIME_CONTEXT   -fcoroutines -include Vt_uvm_hello_all_v2020_3_1_dpi__pch.h.fast -c Vt_uvm_hello_all_v2020_3_1_dpi_vm_classes_0.cpp
g++ -Os  -I. -Wall -Wextra -Wfloat-conversion -Wlogical-op -Werror -MMD -I/workspace/scratch/86e4a45a0d74/verilator-uvm-extend/include -I/workspace/scratch/86e4a45a0d74/verilator-uvm-extend/include/vltstd -DVERILATOR=1 -DVM_COVERAGE=0 -DVM_SC=0 -DVM_TIMING=1 -DVM_TRACE=0 -DVM_TRACE_FST=0 -DVM_TRACE_VCD=0 -DVM_TRACE_SAIF=0 -DVM_VPI=1 -faligned-new -fcf-protection=none -Wno-bool-operation -Wno-int-in-bool-context -Wno-shadow -Wno-sign-compare -Wno-subobject-linkage -Wno-tautological-compare -Wno-uninitialized -Wno-unused-but-set-parameter -Wno-unused-but-set-variable -Wno-unused-parameter -Wno-unused-variable    -O0 -DVL_TIME_CONTEXT   -fcoroutines -include Vt_uvm_hello_all_v2020_3_1_dpi__pch.h.fast -c Vt_uvm_hello_all_v2020_3_1_dpi_vm_classes_1.cpp
==SUMMARY: Left 2  Passed 25  Failed 0  Running 1  Time 28:23
==STILL RUNNING:  t/t_uvm_hello_all_v2020_3_1_dpi.py
==SUMMARY: Left 2  Passed 25  Failed 0  Running 1  Time 28:38
==STILL RUNNING:  t/t_uvm_hello_all_v2020_3_1_dpi.py
==SUMMARY: Left 2  Passed 25  Failed 0  Running 1  Time 28:53
==STILL RUNNING:  t/t_uvm_hello_all_v2020_3_1_dpi.py
==SUMMARY: Left 2  Passed 25  Failed 0  Running 1  Time 29:08
==STILL RUNNING:  t/t_uvm_hello_all_v2020_3_1_dpi.py
==SUMMARY: Left 2  Passed 25  Failed 0  Running 1  Time 29:23
==STILL RUNNING:  t/t_uvm_hello_all_v2020_3_1_dpi.py
==SUMMARY: Left 2  Passed 25  Failed 0  Running 1  Time 29:38
==STILL RUNNING:  t/t_uvm_hello_all_v2020_3_1_dpi.py
g++ -Os  -I. -Wall -Wextra -Wfloat-conversion -Wlogical-op -Werror -MMD -I/workspace/scratch/86e4a45a0d74/verilator-uvm-extend/include -I/workspace/scratch/86e4a45a0d74/verilator-uvm-extend/include/vltstd -DVERILATOR=1 -DVM_COVERAGE=0 -DVM_SC=0 -DVM_TIMING=1 -DVM_TRACE=0 -DVM_TRACE_FST=0 -DVM_TRACE_VCD=0 -DVM_TRACE_SAIF=0 -DVM_VPI=1 -faligned-new -fcf-protection=none -Wno-bool-operation -Wno-int-in-bool-context -Wno-shadow -Wno-sign-compare -Wno-subobject-linkage -Wno-tautological-compare -Wno-uninitialized -Wno-unused-but-set-parameter -Wno-unused-but-set-variable -Wno-unused-parameter -Wno-unused-variable    -O0 -DVL_TIME_CONTEXT   -fcoroutines -include Vt_uvm_hello_all_v2020_3_1_dpi__pch.h.fast -c Vt_uvm_hello_all_v2020_3_1_dpi_vm_classes_2.cpp
g++ -Os  -I. -Wall -Wextra -Wfloat-conversion -Wlogical-op -Werror -MMD -I/workspace/scratch/86e4a45a0d74/verilator-uvm-extend/include -I/workspace/scratch/86e4a45a0d74/verilator-uvm-extend/include/vltstd -DVERILATOR=1 -DVM_COVERAGE=0 -DVM_SC=0 -DVM_TIMING=1 -DVM_TRACE=0 -DVM_TRACE_FST=0 -DVM_TRACE_VCD=0 -DVM_TRACE_SAIF=0 -DVM_VPI=1 -faligned-new -fcf-protection=none -Wno-bool-operation -Wno-int-in-bool-context -Wno-shadow -Wno-sign-compare -Wno-subobject-linkage -Wno-tautological-compare -Wno-uninitialized -Wno-unused-but-set-parameter -Wno-unused-but-set-variable -Wno-unused-parameter -Wno-unused-variable    -O0 -DVL_TIME_CONTEXT   -fcoroutines -include Vt_uvm_hello_all_v2020_3_1_dpi__pch.h.fast -c Vt_uvm_hello_all_v2020_3_1_dpi_vm_classes_3.cpp
g++ -Os  -I. -Wall -Wextra -Wfloat-conversion -Wlogical-op -Werror -MMD -I/workspace/scratch/86e4a45a0d74/verilator-uvm-extend/include -I/workspace/scratch/86e4a45a0d74/verilator-uvm-extend/include/vltstd -DVERILATOR=1 -DVM_COVERAGE=0 -DVM_SC=0 -DVM_TIMING=1 -DVM_TRACE=0 -DVM_TRACE_FST=0 -DVM_TRACE_VCD=0 -DVM_TRACE_SAIF=0 -DVM_VPI=1 -faligned-new -fcf-protection=none -Wno-bool-operation -Wno-int-in-bool-context -Wno-shadow -Wno-sign-compare -Wno-subobject-linkage -Wno-tautological-compare -Wno-uninitialized -Wno-unused-but-set-parameter -Wno-unused-but-set-variable -Wno-unused-parameter -Wno-unused-variable    -O0 -DVL_TIME_CONTEXT   -fcoroutines -include Vt_uvm_hello_all_v2020_3_1_dpi__pch.h.fast -c Vt_uvm_hello_all_v2020_3_1_dpi_vm_classes_4.cpp
g++ -Os  -I. -Wall -Wextra -Wfloat-conversion -Wlogical-op -Werror -MMD -I/workspace/scratch/86e4a45a0d74/verilator-uvm-extend/include -I/workspace/scratch/86e4a45a0d74/verilator-uvm-extend/include/vltstd -DVERILATOR=1 -DVM_COVERAGE=0 -DVM_SC=0 -DVM_TIMING=1 -DVM_TRACE=0 -DVM_TRACE_FST=0 -DVM_TRACE_VCD=0 -DVM_TRACE_SAIF=0 -DVM_VPI=1 -faligned-new -fcf-protection=none -Wno-bool-operation -Wno-int-in-bool-context -Wno-shadow -Wno-sign-compare -Wno-subobject-linkage -Wno-tautological-compare -Wno-uninitialized -Wno-unused-but-set-parameter -Wno-unused-but-set-variable -Wno-unused-parameter -Wno-unused-variable    -O0 -DVL_TIME_CONTEXT   -fcoroutines -include Vt_uvm_hello_all_v2020_3_1_dpi__pch.h.fast -c Vt_uvm_hello_all_v2020_3_1_dpi_vm_classes_5.cpp
g++ -Os  -I. -Wall -Wextra -Wfloat-conversion -Wlogical-op -Werror -MMD -I/workspace/scratch/86e4a45a0d74/verilator-uvm-extend/include -I/workspace/scratch/86e4a45a0d74/verilator-uvm-extend/include/vltstd -DVERILATOR=1 -DVM_COVERAGE=0 -DVM_SC=0 -DVM_TIMING=1 -DVM_TRACE=0 -DVM_TRACE_FST=0 -DVM_TRACE_VCD=0 -DVM_TRACE_SAIF=0 -DVM_VPI=1 -faligned-new -fcf-protection=none -Wno-bool-operation -Wno-int-in-bool-context -Wno-shadow -Wno-sign-compare -Wno-subobject-linkage -Wno-tautological-compare -Wno-uninitialized -Wno-unused-but-set-parameter -Wno-unused-but-set-variable -Wno-unused-parameter -Wno-unused-variable    -O0 -DVL_TIME_CONTEXT   -fcoroutines -include Vt_uvm_hello_all_v2020_3_1_dpi__pch.h.fast -c Vt_uvm_hello_all_v2020_3_1_dpi__Dpi.cpp
g++   -I. -Wall -Wextra -Wfloat-conversion -Wlogical-op -Werror -MMD -I/workspace/scratch/86e4a45a0d74/verilator-uvm-extend/include -I/workspace/scratch/86e4a45a0d74/verilator-uvm-extend/include/vltstd -DVERILATOR=1 -DVM_COVERAGE=0 -DVM_SC=0 -DVM_TIMING=1 -DVM_TRACE=0 -DVM_TRACE_FST=0 -DVM_TRACE_VCD=0 -DVM_TRACE_SAIF=0 -DVM_VPI=1 -faligned-new -fcf-protection=none -Wno-bool-operation -Wno-int-in-bool-context -Wno-shadow -Wno-sign-compare -Wno-subobject-linkage -Wno-tautological-compare -Wno-uninitialized -Wno-unused-but-set-parameter -Wno-unused-but-set-variable -Wno-unused-parameter -Wno-unused-variable    -O0 -DVL_TIME_CONTEXT   -fcoroutines -x c++-header Vt_uvm_hello_all_v2020_3_1_dpi__pch.h -o Vt_uvm_hello_all_v2020_3_1_dpi__pch.h.slow.gch
g++   -I. -Wall -Wextra -Wfloat-conversion -Wlogical-op -Werror -MMD -I/workspace/scratch/86e4a45a0d74/verilator-uvm-extend/include -I/workspace/scratch/86e4a45a0d74/verilator-uvm-extend/include/vltstd -DVERILATOR=1 -DVM_COVERAGE=0 -DVM_SC=0 -DVM_TIMING=1 -DVM_TRACE=0 -DVM_TRACE_FST=0 -DVM_TRACE_VCD=0 -DVM_TRACE_SAIF=0 -DVM_VPI=1 -faligned-new -fcf-protection=none -Wno-bool-operation -Wno-int-in-bool-context -Wno-shadow -Wno-sign-compare -Wno-subobject-linkage -Wno-tautological-compare -Wno-uninitialized -Wno-unused-but-set-parameter -Wno-unused-but-set-variable -Wno-unused-parameter -Wno-unused-variable    -O0 -DVL_TIME_CONTEXT   -fcoroutines -include Vt_uvm_hello_all_v2020_3_1_dpi__pch.h.slow -c Vt_uvm_hello_all_v2020_3_1_dpi__ConstPool__0__Slow.cpp
g++   -I. -Wall -Wextra -Wfloat-conversion -Wlogical-op -Werror -MMD -I/workspace/scratch/86e4a45a0d74/verilator-uvm-extend/include -I/workspace/scratch/86e4a45a0d74/verilator-uvm-extend/include/vltstd -DVERILATOR=1 -DVM_COVERAGE=0 -DVM_SC=0 -DVM_TIMING=1 -DVM_TRACE=0 -DVM_TRACE_FST=0 -DVM_TRACE_VCD=0 -DVM_TRACE_SAIF=0 -DVM_VPI=1 -faligned-new -fcf-protection=none -Wno-bool-operation -Wno-int-in-bool-context -Wno-shadow -Wno-sign-compare -Wno-subobject-linkage -Wno-tautological-compare -Wno-uninitialized -Wno-unused-but-set-parameter -Wno-unused-but-set-variable -Wno-unused-parameter -Wno-unused-variable    -O0 -DVL_TIME_CONTEXT   -fcoroutines -include Vt_uvm_hello_all_v2020_3_1_dpi__pch.h.slow -c Vt_uvm_hello_all_v2020_3_1_dpi___024root__Slow.cpp
g++   -I. -Wall -Wextra -Wfloat-conversion -Wlogical-op -Werror -MMD -I/workspace/scratch/86e4a45a0d74/verilator-uvm-extend/include -I/workspace/scratch/86e4a45a0d74/verilator-uvm-extend/include/vltstd -DVERILATOR=1 -DVM_COVERAGE=0 -DVM_SC=0 -DVM_TIMING=1 -DVM_TRACE=0 -DVM_TRACE_FST=0 -DVM_TRACE_VCD=0 -DVM_TRACE_SAIF=0 -DVM_VPI=1 -faligned-new -fcf-protection=none -Wno-bool-operation -Wno-int-in-bool-context -Wno-shadow -Wno-sign-compare -Wno-subobject-linkage -Wno-tautological-compare -Wno-uninitialized -Wno-unused-but-set-parameter -Wno-unused-but-set-variable -Wno-unused-parameter -Wno-unused-variable    -O0 -DVL_TIME_CONTEXT   -fcoroutines -include Vt_uvm_hello_all_v2020_3_1_dpi__pch.h.slow -c Vt_uvm_hello_all_v2020_3_1_dpi___024root__0__Slow.cpp
g++   -I. -Wall -Wextra -Wfloat-conversion -Wlogical-op -Werror -MMD -I/workspace/scratch/86e4a45a0d74/verilator-uvm-extend/include -I/workspace/scratch/86e4a45a0d74/verilator-uvm-extend/include/vltstd -DVERILATOR=1 -DVM_COVERAGE=0 -DVM_SC=0 -DVM_TIMING=1 -DVM_TRACE=0 -DVM_TRACE_FST=0 -DVM_TRACE_VCD=0 -DVM_TRACE_SAIF=0 -DVM_VPI=1 -faligned-new -fcf-protection=none -Wno-bool-operation -Wno-int-in-bool-context -Wno-shadow -Wno-sign-compare -Wno-subobject-linkage -Wno-tautological-compare -Wno-uninitialized -Wno-unused-but-set-parameter -Wno-unused-but-set-variable -Wno-unused-parameter -Wno-unused-variable    -O0 -DVL_TIME_CONTEXT   -fcoroutines -include Vt_uvm_hello_all_v2020_3_1_dpi__pch.h.slow -c Vt_uvm_hello_all_v2020_3_1_dpi_vm_classes_Slow_0.cpp
g++   -I. -Wall -Wextra -Wfloat-conversion -Wlogical-op -Werror -MMD -I/workspace/scratch/86e4a45a0d74/verilator-uvm-extend/include -I/workspace/scratch/86e4a45a0d74/verilator-uvm-extend/include/vltstd -DVERILATOR=1 -DVM_COVERAGE=0 -DVM_SC=0 -DVM_TIMING=1 -DVM_TRACE=0 -DVM_TRACE_FST=0 -DVM_TRACE_VCD=0 -DVM_TRACE_SAIF=0 -DVM_VPI=1 -faligned-new -fcf-protection=none -Wno-bool-operation -Wno-int-in-bool-context -Wno-shadow -Wno-sign-compare -Wno-subobject-linkage -Wno-tautological-compare -Wno-uninitialized -Wno-unused-but-set-parameter -Wno-unused-but-set-variable -Wno-unused-parameter -Wno-unused-variable    -O0 -DVL_TIME_CONTEXT   -fcoroutines -include Vt_uvm_hello_all_v2020_3_1_dpi__pch.h.slow -c Vt_uvm_hello_all_v2020_3_1_dpi_vm_classes_Slow_1.cpp
==SUMMARY: Left 2  Passed 25  Failed 0  Running 1  Time 29:53
==STILL RUNNING:  t/t_uvm_hello_all_v2020_3_1_dpi.py
g++   -I. -Wall -Wextra -Wfloat-conversion -Wlogical-op -Werror -MMD -I/workspace/scratch/86e4a45a0d74/verilator-uvm-extend/include -I/workspace/scratch/86e4a45a0d74/verilator-uvm-extend/include/vltstd -DVERILATOR=1 -DVM_COVERAGE=0 -DVM_SC=0 -DVM_TIMING=1 -DVM_TRACE=0 -DVM_TRACE_FST=0 -DVM_TRACE_VCD=0 -DVM_TRACE_SAIF=0 -DVM_VPI=1 -faligned-new -fcf-protection=none -Wno-bool-operation -Wno-int-in-bool-context -Wno-shadow -Wno-sign-compare -Wno-subobject-linkage -Wno-tautological-compare -Wno-uninitialized -Wno-unused-but-set-parameter -Wno-unused-but-set-variable -Wno-unused-parameter -Wno-unused-variable    -O0 -DVL_TIME_CONTEXT   -fcoroutines -include Vt_uvm_hello_all_v2020_3_1_dpi__pch.h.slow -c Vt_uvm_hello_all_v2020_3_1_dpi_vm_classes_Slow_2.cpp
g++   -I. -Wall -Wextra -Wfloat-conversion -Wlogical-op -Werror -MMD -I/workspace/scratch/86e4a45a0d74/verilator-uvm-extend/include -I/workspace/scratch/86e4a45a0d74/verilator-uvm-extend/include/vltstd -DVERILATOR=1 -DVM_COVERAGE=0 -DVM_SC=0 -DVM_TIMING=1 -DVM_TRACE=0 -DVM_TRACE_FST=0 -DVM_TRACE_VCD=0 -DVM_TRACE_SAIF=0 -DVM_VPI=1 -faligned-new -fcf-protection=none -Wno-bool-operation -Wno-int-in-bool-context -Wno-shadow -Wno-sign-compare -Wno-subobject-linkage -Wno-tautological-compare -Wno-uninitialized -Wno-unused-but-set-parameter -Wno-unused-but-set-variable -Wno-unused-parameter -Wno-unused-variable    -O0 -DVL_TIME_CONTEXT   -fcoroutines -include Vt_uvm_hello_all_v2020_3_1_dpi__pch.h.slow -c Vt_uvm_hello_all_v2020_3_1_dpi_vm_classes_Slow_3.cpp
g++   -I. -Wall -Wextra -Wfloat-conversion -Wlogical-op -Werror -MMD -I/workspace/scratch/86e4a45a0d74/verilator-uvm-extend/include -I/workspace/scratch/86e4a45a0d74/verilator-uvm-extend/include/vltstd -DVERILATOR=1 -DVM_COVERAGE=0 -DVM_SC=0 -DVM_TIMING=1 -DVM_TRACE=0 -DVM_TRACE_FST=0 -DVM_TRACE_VCD=0 -DVM_TRACE_SAIF=0 -DVM_VPI=1 -faligned-new -fcf-protection=none -Wno-bool-operation -Wno-int-in-bool-context -Wno-shadow -Wno-sign-compare -Wno-subobject-linkage -Wno-tautological-compare -Wno-uninitialized -Wno-unused-but-set-parameter -Wno-unused-but-set-variable -Wno-unused-parameter -Wno-unused-variable    -O0 -DVL_TIME_CONTEXT   -fcoroutines -include Vt_uvm_hello_all_v2020_3_1_dpi__pch.h.slow -c Vt_uvm_hello_all_v2020_3_1_dpi_vm_classes_Slow_4.cpp
g++   -I. -Wall -Wextra -Wfloat-conversion -Wlogical-op -Werror -MMD -I/workspace/scratch/86e4a45a0d74/verilator-uvm-extend/include -I/workspace/scratch/86e4a45a0d74/verilator-uvm-extend/include/vltstd -DVERILATOR=1 -DVM_COVERAGE=0 -DVM_SC=0 -DVM_TIMING=1 -DVM_TRACE=0 -DVM_TRACE_FST=0 -DVM_TRACE_VCD=0 -DVM_TRACE_SAIF=0 -DVM_VPI=1 -faligned-new -fcf-protection=none -Wno-bool-operation -Wno-int-in-bool-context -Wno-shadow -Wno-sign-compare -Wno-subobject-linkage -Wno-tautological-compare -Wno-uninitialized -Wno-unused-but-set-parameter -Wno-unused-but-set-variable -Wno-unused-parameter -Wno-unused-variable    -O0 -DVL_TIME_CONTEXT   -fcoroutines -include Vt_uvm_hello_all_v2020_3_1_dpi__pch.h.slow -c Vt_uvm_hello_all_v2020_3_1_dpi_vm_classes_Slow_5.cpp
g++   -I. -Wall -Wextra -Wfloat-conversion -Wlogical-op -Werror -MMD -I/workspace/scratch/86e4a45a0d74/verilator-uvm-extend/include -I/workspace/scratch/86e4a45a0d74/verilator-uvm-extend/include/vltstd -DVERILATOR=1 -DVM_COVERAGE=0 -DVM_SC=0 -DVM_TIMING=1 -DVM_TRACE=0 -DVM_TRACE_FST=0 -DVM_TRACE_VCD=0 -DVM_TRACE_SAIF=0 -DVM_VPI=1 -faligned-new -fcf-protection=none -Wno-bool-operation -Wno-int-in-bool-context -Wno-shadow -Wno-sign-compare -Wno-subobject-linkage -Wno-tautological-compare -Wno-uninitialized -Wno-unused-but-set-parameter -Wno-unused-but-set-variable -Wno-unused-parameter -Wno-unused-variable    -O0 -DVL_TIME_CONTEXT   -fcoroutines -include Vt_uvm_hello_all_v2020_3_1_dpi__pch.h.slow -c Vt_uvm_hello_all_v2020_3_1_dpi__Syms__Slow.cpp
g++    -rdynamic uvm_dpi.o verilated.o verilated_dpi.o verilated_vpi.o verilated_timing.o verilated_random.o verilated_threads.o Vt_uvm_hello_all_v2020_3_1_dpi__ALL.a    -pthread -lpthread -latomic -ldl   -o Vt_uvm_hello_all_v2020_3_1_dpi
rm Vt_uvm_hello_all_v2020_3_1_dpi__ALL.verilator_deplist.tmp
make[1]: Leaving directory '/workspace/scratch/86e4a45a0d74/verilator-uvm-extend/test_regress/obj_vlt/t_uvm_hello_all_v2020_3_1_dpi-uvm2020'
- V e r i l a t i o n   R e p o r t: Verilator 5.051 devel rev vUNKNOWN-built20260906-4906f041d
- Verilator: Built from 3.346 MB sources in 362 modules, into 22.147 MB in 1990 C++ files needing 76.842 MB
- Verilator: Walltime 169.754 s (elab=2.968, cvt=20.725, bld=142.873); cpu 26.872 s on 1 threads; allocated 274.645 MB
        obj_vlt/t_uvm_hello_all_v2020_3_1_dpi-uvm2020/Vt_uvm_hello_all_v2020_3_1_dpi +UVM_NO_RELNOTES    > obj_vlt/t_uvm_hello_all_v2020_3_1_dpi-uvm2020/vlt_sim.log
UVM_INFO @ 0: reporter [RNTST] Running test test...
** UVM TEST PASSED **
UVM_INFO t/uvm/src/base/uvm_report_server.svh(1009) @ 0: reporter [UVM/REPORT/SERVER]
--- UVM Report Summary ---

** Report counts by severity
UVM_INFO :    1
UVM_WARNING :    0
UVM_ERROR :    0
UVM_FATAL :    0
** Report counts by id
[RNTST]     1

- t/uvm/uvm_pkg_all_v2020_3_1_dpi.svh:20085: Verilog $finish
- S i m u l a t i o n   R e p o r t: Verilator 5.051 devel
- Verilator: $finish at 0s; walltime 0.013 s; speed 0.000 s/s
- Verilator: cpu 0.013 s on 1 threads; allocated 41 MB
vlt/t_uvm_hello_all_v2020_3_1_dpi: Self PASSED
==SUMMARY: Left 1  Passed 26  Failed 0  Running 1  Time 29:58
======================================================================
vlt/t_uvm_dpi_v2020_3_1: ==================================================
        perl /workspace/scratch/86e4a45a0d74/verilator-uvm-extend/bin/verilator --prefix Vt_uvm_dpi_v2020_3_1 -cc -Mdir obj_vlt/t_uvm_dpi_v2020_3_1-uvm2020 --fdedup --debug-check --comp-limit-members 10 --x-assign unique --binary --build-jobs 1 --output-groups 6 --vpi +define+T_V2020_3_1 +incdir+t/uvm/v2020_3_1 t/uvm/v2020_3_1/dpi/uvm_dpi.cc -f input.vc +define+TEST_OBJ_DIR=obj_vlt/t_uvm_dpi_v2020_3_1-uvm2020 +define+TEST_DUMPFILE=obj_vlt/t_uvm_dpi_v2020_3_1-uvm2020/simx.vcd t/t_uvm_dpi.v   > obj_vlt/t_uvm_dpi_v2020_3_1-uvm2020/vlt_compile.log
make[1]: Entering directory '/workspace/scratch/86e4a45a0d74/verilator-uvm-extend/test_regress/obj_vlt/t_uvm_dpi_v2020_3_1-uvm2020'
g++  -I. -Wall -Wextra -Wfloat-conversion -Wlogical-op -Werror -MMD -I/workspace/scratch/86e4a45a0d74/verilator-uvm-extend/include -I/workspace/scratch/86e4a45a0d74/verilator-uvm-extend/include/vltstd -DVERILATOR=1 -DVM_COVERAGE=0 -DVM_SC=0 -DVM_TIMING=0 -DVM_TRACE=0 -DVM_TRACE_FST=0 -DVM_TRACE_VCD=0 -DVM_TRACE_SAIF=0 -DVM_VPI=1 -faligned-new -fcf-protection=none -Wno-bool-operation -Wno-int-in-bool-context -Wno-shadow -Wno-sign-compare -Wno-subobject-linkage -Wno-tautological-compare -Wno-uninitialized -Wno-unused-but-set-parameter -Wno-unused-but-set-variable -Wno-unused-parameter -Wno-unused-variable    -DVL_TIME_CONTEXT   -Os  -c -o uvm_dpi.o ../../t/uvm/v2020_3_1/dpi/uvm_dpi.cc
g++ -Os  -I. -Wall -Wextra -Wfloat-conversion -Wlogical-op -Werror -MMD -I/workspace/scratch/86e4a45a0d74/verilator-uvm-extend/include -I/workspace/scratch/86e4a45a0d74/verilator-uvm-extend/include/vltstd -DVERILATOR=1 -DVM_COVERAGE=0 -DVM_SC=0 -DVM_TIMING=0 -DVM_TRACE=0 -DVM_TRACE_FST=0 -DVM_TRACE_VCD=0 -DVM_TRACE_SAIF=0 -DVM_VPI=1 -faligned-new -fcf-protection=none -Wno-bool-operation -Wno-int-in-bool-context -Wno-shadow -Wno-sign-compare -Wno-subobject-linkage -Wno-tautological-compare -Wno-uninitialized -Wno-unused-but-set-parameter -Wno-unused-but-set-variable -Wno-unused-parameter -Wno-unused-variable    -DVL_TIME_CONTEXT   -c -o verilated.o /workspace/scratch/86e4a45a0d74/verilator-uvm-extend/include/verilated.cpp
g++ -Os  -I. -Wall -Wextra -Wfloat-conversion -Wlogical-op -Werror -MMD -I/workspace/scratch/86e4a45a0d74/verilator-uvm-extend/include -I/workspace/scratch/86e4a45a0d74/verilator-uvm-extend/include/vltstd -DVERILATOR=1 -DVM_COVERAGE=0 -DVM_SC=0 -DVM_TIMING=0 -DVM_TRACE=0 -DVM_TRACE_FST=0 -DVM_TRACE_VCD=0 -DVM_TRACE_SAIF=0 -DVM_VPI=1 -faligned-new -fcf-protection=none -Wno-bool-operation -Wno-int-in-bool-context -Wno-shadow -Wno-sign-compare -Wno-subobject-linkage -Wno-tautological-compare -Wno-uninitialized -Wno-unused-but-set-parameter -Wno-unused-but-set-variable -Wno-unused-parameter -Wno-unused-variable    -DVL_TIME_CONTEXT   -c -o verilated_dpi.o /workspace/scratch/86e4a45a0d74/verilator-uvm-extend/include/verilated_dpi.cpp
g++ -Os  -I. -Wall -Wextra -Wfloat-conversion -Wlogical-op -Werror -MMD -I/workspace/scratch/86e4a45a0d74/verilator-uvm-extend/include -I/workspace/scratch/86e4a45a0d74/verilator-uvm-extend/include/vltstd -DVERILATOR=1 -DVM_COVERAGE=0 -DVM_SC=0 -DVM_TIMING=0 -DVM_TRACE=0 -DVM_TRACE_FST=0 -DVM_TRACE_VCD=0 -DVM_TRACE_SAIF=0 -DVM_VPI=1 -faligned-new -fcf-protection=none -Wno-bool-operation -Wno-int-in-bool-context -Wno-shadow -Wno-sign-compare -Wno-subobject-linkage -Wno-tautological-compare -Wno-uninitialized -Wno-unused-but-set-parameter -Wno-unused-but-set-variable -Wno-unused-parameter -Wno-unused-variable    -DVL_TIME_CONTEXT   -c -o verilated_vpi.o /workspace/scratch/86e4a45a0d74/verilator-uvm-extend/include/verilated_vpi.cpp
g++ -Os  -I. -Wall -Wextra -Wfloat-conversion -Wlogical-op -Werror -MMD -I/workspace/scratch/86e4a45a0d74/verilator-uvm-extend/include -I/workspace/scratch/86e4a45a0d74/verilator-uvm-extend/include/vltstd -DVERILATOR=1 -DVM_COVERAGE=0 -DVM_SC=0 -DVM_TIMING=0 -DVM_TRACE=0 -DVM_TRACE_FST=0 -DVM_TRACE_VCD=0 -DVM_TRACE_SAIF=0 -DVM_VPI=1 -faligned-new -fcf-protection=none -Wno-bool-operation -Wno-int-in-bool-context -Wno-shadow -Wno-sign-compare -Wno-subobject-linkage -Wno-tautological-compare -Wno-uninitialized -Wno-unused-but-set-parameter -Wno-unused-but-set-variable -Wno-unused-parameter -Wno-unused-variable    -DVL_TIME_CONTEXT   -c -o verilated_threads.o /workspace/scratch/86e4a45a0d74/verilator-uvm-extend/include/verilated_threads.cpp
python3 /workspace/scratch/86e4a45a0d74/verilator-uvm-extend/bin/verilator_includer -DVL_INCLUDE_OPT=include Vt_uvm_dpi_v2020_3_1.cpp Vt_uvm_dpi_v2020_3_1__Dpi_Export__0.cpp Vt_uvm_dpi_v2020_3_1___024root__0.cpp Vt_uvm_dpi_v2020_3_1_t__0.cpp Vt_uvm_dpi_v2020_3_1___024unit__0.cpp Vt_uvm_dpi_v2020_3_1_uvm_pkg__0.cpp Vt_uvm_dpi_v2020_3_1__main.cpp Vt_uvm_dpi_v2020_3_1__Dpi.cpp Vt_uvm_dpi_v2020_3_1__ConstPool__0__Slow.cpp Vt_uvm_dpi_v2020_3_1___024root__Slow.cpp Vt_uvm_dpi_v2020_3_1___024root__0__Slow.cpp Vt_uvm_dpi_v2020_3_1_t__Slow.cpp Vt_uvm_dpi_v2020_3_1_t__0__Slow.cpp Vt_uvm_dpi_v2020_3_1___024unit__Slow.cpp Vt_uvm_dpi_v2020_3_1___024unit__0__Slow.cpp Vt_uvm_dpi_v2020_3_1_uvm_pkg__Slow.cpp Vt_uvm_dpi_v2020_3_1__Syms__Slow.cpp > Vt_uvm_dpi_v2020_3_1__ALL.cpp
g++ -Os  -I. -Wall -Wextra -Wfloat-conversion -Wlogical-op -Werror -MMD -I/workspace/scratch/86e4a45a0d74/verilator-uvm-extend/include -I/workspace/scratch/86e4a45a0d74/verilator-uvm-extend/include/vltstd -DVERILATOR=1 -DVM_COVERAGE=0 -DVM_SC=0 -DVM_TIMING=0 -DVM_TRACE=0 -DVM_TRACE_FST=0 -DVM_TRACE_VCD=0 -DVM_TRACE_SAIF=0 -DVM_VPI=1 -faligned-new -fcf-protection=none -Wno-bool-operation -Wno-int-in-bool-context -Wno-shadow -Wno-sign-compare -Wno-subobject-linkage -Wno-tautological-compare -Wno-uninitialized -Wno-unused-but-set-parameter -Wno-unused-but-set-variable -Wno-unused-parameter -Wno-unused-variable    -DVL_TIME_CONTEXT   -c -o Vt_uvm_dpi_v2020_3_1__ALL.o Vt_uvm_dpi_v2020_3_1__ALL.cpp
g++    -rdynamic uvm_dpi.o verilated.o verilated_dpi.o verilated_vpi.o verilated_threads.o Vt_uvm_dpi_v2020_3_1__ALL.a    -pthread -lpthread -latomic -ldl   -o Vt_uvm_dpi_v2020_3_1
rm Vt_uvm_dpi_v2020_3_1__ALL.verilator_deplist.tmp
make[1]: Leaving directory '/workspace/scratch/86e4a45a0d74/verilator-uvm-extend/test_regress/obj_vlt/t_uvm_dpi_v2020_3_1-uvm2020'
- V e r i l a t i o n   R e p o r t: Verilator 5.051 devel rev vUNKNOWN-built20260906-4906f041d
- Verilator: Built from 0.074 MB sources in 4 modules, into 0.449 MB in 17 C++ files needing 0.019 MB
- Verilator: Walltime 11.784 s (elab=0.009, cvt=0.079, bld=11.641); cpu 0.144 s on 1 threads; allocated 30.117 MB
        obj_vlt/t_uvm_dpi_v2020_3_1-uvm2020/Vt_uvm_dpi_v2020_3_1    > obj_vlt/t_uvm_dpi_v2020_3_1-uvm2020/vlt_sim.log
UVM Report t/t_uvm_dpi.v:74: id message
uvm_dpi_get_tool_name_c() = Verilator
- uvm_dpi_get_tool_version_c() = 5.051 devel
= uvm_re
= uvm_hdl_check_path
= uvm_hdl_read simple variable
= uvm_hdl_deposit simple variable
= uvm_hdl_read single bit
= uvm_hdl_deposit single bit
= uvm_hdl_read multi-bit
= uvm_hdl_deposit multi-bit
= uvm_hdl_read/deposit wide decending
= uvm_hdl_read/deposit wide ascending
= uvm_hdl_read/deposit 1D memory
= uvm_hdl_read/deposit 2D memory
= uvm_hdl_read bad ranges
===
UVM Report expected on next line:
UVM Report ../../t/uvm/v2020_3_1/dpi/uvm_hdl_verilator.c:85: UVM/DPI/VLOG_GET unable to locate hdl path (t.exposed[10:3])
 Either the name is incorrect, or you may not have PLI/ACC visibility to that name
===
UVM Report expected on next line:
UVM Report ../../t/uvm/v2020_3_1/dpi/uvm_hdl_verilator.c:85: UVM/DPI/VLOG_GET unable to locate hdl path (t.exposed[99:15])
 Either the name is incorrect, or you may not have PLI/ACC visibility to that name
= uvm_hdl_read empty name (bad)
===
UVM Report expected on next line:
UVM Report ../../t/uvm/v2020_3_1/dpi/uvm_hdl_verilator.c:85: UVM/DPI/VLOG_GET NULL or empty HDL path passed to uvm_hdl_get_vlog
= uvm_hdl_read not found (bad)
===
UVM Report expected on next line:
UVM Report ../../t/uvm/v2020_3_1/dpi/uvm_hdl_verilator.c:85: UVM/DPI/VLOG_GET unable to locate hdl path (t.__READ_NOT_FOUND)
 Either the name is incorrect, or you may not have PLI/ACC visibility to that name
= uvm_hdl_read with indexed part-select (bad)
===
UVM Report expected on next line:
UVM Report ../../t/uvm/v2020_3_1/dpi/uvm_hdl_verilator.c:85: UVM/DPI/VLOG_GET unable to locate hdl path (t.exposed[15+8:8])
 Either the name is incorrect, or you may not have PLI/ACC visibility to that name
= uvm_hdl_read from real (bad)
===
UVM Report expected on next line:
UVM Report ../../t/uvm/v2020_3_1/dpi/uvm_hdl_verilator.c:85: UVM/DPI/VLOG_GET failed to get value for hdl path 't.realSignal'. Common reasons include a signal having an unsupported type, such as a real or a string
= uvm_hdl_read from string (bad)
===
UVM Report expected on next line:
UVM Report ../../t/uvm/v2020_3_1/dpi/uvm_hdl_verilator.c:85: UVM/DPI/VLOG_GET failed to get value for hdl path 't.stringSignal'. Common reasons include a signal having an unsupported type, such as a real or a string
= uvm_hdl_read producing error message larger than print buffer (bad)
===
UVM Report expected on next line:
UVM Report ../../t/uvm/v2020_3_1/dpi/uvm_hdl_verilator.c:85: UVM/DPI/VLOG_GET unable to locate hdl path (t.lorem_ipsum_dolor_sit_amet_consetetur_sadipscing_elitr_sed_diam_nonumy_eirmod_tempor_invidunt_ut_labore_et_dolore_magna_aliquyam_erat_sed_diam_voluptua_at_vero_eos_et_accusam_et_justo_duo_dolores_et_ea_rebum_stet_clita_kasd_gubergren_no_sea_takimata_sanctus_est_lorem_ipsum_dolor_sit_amet_lorem_ipsum_dolor_sit_amet_consetetur_sadipscing_elitr_sed_diam_nonumy_eirmod_tempor_invidunt_ut_labore_et_dolore_magna_aliquyam_erat_sed_diam_voluptua_at_vero_eos_et_accusam_et_justo_duo_dolores_et_ea_rebum_stet_clita_kasd_gubergren_no_sea_takimata_sanctus_est_lorem_ipsum_dolor_sit_amet_lorem_ipsum_dolor_sit_amet_consetetur_sadipscing_elitr_sed_diam_nonumy_eirmod_tempor_invidunt_ut_labore_et_dolore_magna_aliquyam_erat_sed_diam_voluptua_at_vero_eos_et_accusam_et_justo_duo_dolores_et_ea_rebum_stet_clita_kasd_gubergren_no_sea_takimata_sanctus_est_lorem_ipsum_dolor_sit_amet_duis_autem_vel_eum_iriure_dolor_in_hendrerit_in_vulputate_velit_esse_molestie_consequat_vel_illum_dolore_eu_feugiat_nulla_facilisis_at_vero)
 Either the name is incorrect, or you may not have PLI/ACC visibility to that name
= uvm_hdl_read from not exposed (bad)
===
UVM Report expected on next line:
UVM Report ../../t/uvm/v2020_3_1/dpi/uvm_hdl_verilator.c:85: UVM/DPI/VLOG_GET unable to locate hdl path (t.not_exposed)
 Either the name is incorrect, or you may not have PLI/ACC visibility to that name
= uvm_hdl_deposit bad ranges
===
UVM Report expected on next line:
UVM Report ../../t/uvm/v2020_3_1/dpi/uvm_hdl_verilator.c:85: UVM/DPI/VLOG_PUT set: unable to locate hdl path (t.exposed[10:3])
 Either the name is incorrect, or you may not have PLI/ACC visibility to that name
===
UVM Report expected on next line:
UVM Report ../../t/uvm/v2020_3_1/dpi/uvm_hdl_verilator.c:85: UVM/DPI/VLOG_PUT set: unable to locate hdl path (t.exposed[99:15])
 Either the name is incorrect, or you may not have PLI/ACC visibility to that name
= uvm_hdl_deposit empty name (bad)
===
UVM Report expected on next line:
UVM Report ../../t/uvm/v2020_3_1/dpi/uvm_hdl_verilator.c:85: UVM/DPI/VLOG_PUT NULL or empty HDL path passed to uvm_hdl_set_vlog
= uvm_hdl_deposit not found (bad)
===
UVM Report expected on next line:
UVM Report ../../t/uvm/v2020_3_1/dpi/uvm_hdl_verilator.c:85: UVM/DPI/VLOG_PUT set: unable to locate hdl path (t.__DEPOSIT_NOT_FOUND)
 Either the name is incorrect, or you may not have PLI/ACC visibility to that name
= uvm_hdl_deposit with indexed part-select (bad)
===
UVM Report expected on next line:
UVM Report ../../t/uvm/v2020_3_1/dpi/uvm_hdl_verilator.c:85: UVM/DPI/VLOG_PUT set: unable to locate hdl path (t.exposed[15+8:8])
 Either the name is incorrect, or you may not have PLI/ACC visibility to that name
= uvm_hdl_deposit to real (bad)
===
UVM Report expected on next line:
UVM Report ../../t/uvm/v2020_3_1/dpi/uvm_hdl_verilator.c:85: UVM/DPI/VLOG_PUT failed to set hdl path 't.realSignal'. Common reasons include a signal having an unsupported type, such as a real or a string, or attempting to force a signal that is not marked as /*verilator forceable*/
= uvm_hdl_deposit to string (bad)
===
UVM Report expected on next line:
UVM Report ../../t/uvm/v2020_3_1/dpi/uvm_hdl_verilator.c:85: UVM/DPI/VLOG_PUT failed to set hdl path 't.stringSignal'. Common reasons include a signal having an unsupported type, such as a real or a string, or attempting to force a signal that is not marked as /*verilator forceable*/
= Test uvm_hdl_deposit to signal wider than UVM_HDL_MAX_WIDTH (bad)
===
UVM Report expected on next line:
UVM Report ../../t/uvm/v2020_3_1/dpi/uvm_hdl_verilator.c:85: UVM/DPI/VLOG_PUT hdl path 't.tooWide' is 2048 bits, but the maximum size is 1024.  You can increase the maximum via a compile-time flag: +define+UVM_HDL_MAX_WIDTH=<value>
= uvm_hdl_deposit to not exposed (bad)
===
UVM Report expected on next line:
UVM Report ../../t/uvm/v2020_3_1/dpi/uvm_hdl_verilator.c:85: UVM/DPI/VLOG_PUT set: unable to locate hdl path (t.not_exposed)
 Either the name is incorrect, or you may not have PLI/ACC visibility to that name
= uvm_hdl_force
= uvm_hdl_release
= uvm_hdl_release_and_read
= uvm_hdl_force continuously assigned signal
= uvm_hdl_release continuously assigned signal
= uvm_hdl_release_and_read continuously assigned signal
= uvm_hdl_read partially forced signal
= uvm_hdl_release partially forced signal
= uvm_hdl_force multi-bit
= uvm_hdl_release_and_read partially forced signal
= uvm_hdl_force multi-bit continuously assigned signal
= uvm_hdl_release partially forced continuously assigned signal
= uvm_hdl_release_and_read partially forced continuously assigned signal
= uvm_hdl_force single bit
= uvm_hdl_release_and_read single bit
= uvm_hdl_force single bit on continuously assigned signal
= uvm_hdl_release_and_read single bit on continuously assigned signal
= uvm_hdl_release_and_read lower 16 bits only
= uvm_hdl_release upper 16 bits only of continuously assigned signal
= uvm_hdl_force to not exposed (bad)
===
UVM Report expected on next line:
UVM Report ../../t/uvm/v2020_3_1/dpi/uvm_hdl_verilator.c:85: UVM/DPI/VLOG_PUT set: unable to locate hdl path (t.not_exposed)
 Either the name is incorrect, or you may not have PLI/ACC visibility to that name
= uvm_hdl_force with indexed part-select (bad)
===
UVM Report expected on next line:
UVM Report ../../t/uvm/v2020_3_1/dpi/uvm_hdl_verilator.c:85: UVM/DPI/VLOG_PUT set: unable to locate hdl path (t.exposed[15+8:8])
 Either the name is incorrect, or you may not have PLI/ACC visibility to that name
= uvm_hdl_force to not forcable (bad)
===
UVM Report expected on next line:
UVM Report ../../t/uvm/v2020_3_1/dpi/uvm_hdl_verilator.c:85: UVM/DPI/VLOG_PUT failed to set hdl path 't.exposed_not_forceable'. Common reasons include a signal having an unsupported type, such as a real or a string, or attempting to force a signal that is not marked as /*verilator forceable*/
= uvm_hdl_force to real (bad)
===
UVM Report expected on next line:
UVM Report ../../t/uvm/v2020_3_1/dpi/uvm_hdl_verilator.c:85: UVM/DPI/VLOG_PUT failed to set hdl path 't.realSignal'. Common reasons include a signal having an unsupported type, such as a real or a string, or attempting to force a signal that is not marked as /*verilator forceable*/
= uvm_hdl_force to signal wider than UVM_HDL_MAX_WIDTH (bad)
===
UVM Report expected on next line:
UVM Report ../../t/uvm/v2020_3_1/dpi/uvm_hdl_verilator.c:85: UVM/DPI/VLOG_PUT hdl path 't.tooWide' is 2048 bits, but the maximum size is 1024.  You can increase the maximum via a compile-time flag: +define+UVM_HDL_MAX_WIDTH=<value>
*-* All Finished *-*
- t/t_uvm_dpi.v:531: Verilog $finish
- S i m u l a t i o n   R e p o r t: Verilator 5.051 devel
- Verilator: $finish at 0s; walltime 0.001 s; speed 0.000 s/s
- Verilator: cpu 0.000 s on 1 threads; allocated 7 MB
vlt/t_uvm_dpi_v2020_3_1: Self PASSED
==SUMMARY: Passed 27  Failed 0  Time 30:10

======================================================================
==TESTS DONE, PASSED: Passed 27  Failed 0  Time 30:10
uvm2020: stale-artifact cleanup PASSED
make: Leaving directory '/workspace/scratch/86e4a45a0d74/verilator-uvm-extend/test_regress'
